source_file,entity,entity_type,start_position,end_position,context
louvre_cleaned_2.txt,Mona Lisa - Wikipedia,PERSON,11,32,--- title: Mona Lisa - Wikipedia author: Authority control databases url: https://
louvre_cleaned_2.txt,Https://En.Wikipedia.Org/Wiki/Mona_Lisa,PERSON,74,113,ikipedia author: Authority control databases url: https://en.wikipedia.org/wiki/Mona_Lisa hostname: wikipedia.org sitename: Wikimedia Found
louvre_cleaned_2.txt,"Wikimedia Foundation, Inc.",ORG,148,174,"/wiki/Mona_Lisa hostname: wikipedia.org sitename: Wikimedia Foundation, Inc. date: 2002-08-12 --- Mona Lisa | Mona Lisa | | |-"
louvre_cleaned_2.txt,2002-08-12,DATE,181,191,"ia.org sitename: Wikimedia Foundation, Inc. date: 2002-08-12 --- Mona Lisa | Mona Lisa | | |---|---| | Italian"
louvre_cleaned_2.txt,Mona Lisa,PERSON,196,205,": Wikimedia Foundation, Inc. date: 2002-08-12 --- Mona Lisa | Mona Lisa | | |---|---| | Italian: la Gioconda,"
louvre_cleaned_2.txt,Monna Lisa,PERSON,256,266,"| Mona Lisa | | |---|---| | Italian: la Gioconda, Monna Lisa, French: la Joconde | | | Artist | Leonardo da Vi"
louvre_cleaned_2.txt,Artist,PERSON,293,299,"la Gioconda, Monna Lisa, French: la Joconde | | | Artist | Leonardo da Vinci | | Year | c. 1503–1506, perh"
louvre_cleaned_2.txt,Leonardo Da Vinci,PERSON,302,319,"da, Monna Lisa, French: la Joconde | | | Artist | Leonardo da Vinci | | Year | c. 1503–1506, perhaps continuing until"
louvre_cleaned_2.txt,C. 1517,DATE,370,377,"| | Year | c. 1503–1506, perhaps continuing until c. 1517 | | Medium | Oil on poplar panel | | Subject | Li"
louvre_cleaned_2.txt,Subject,PERSON,415,422,ntil c. 1517 | | Medium | Oil on poplar panel | | Subject | Lisa del Giocondo | | Dimensions | 77 cm × 53 c
louvre_cleaned_2.txt,Lisa Del Giocondo,PERSON,425,442,17 | | Medium | Oil on poplar panel | | Subject | Lisa del Giocondo | | Dimensions | 77 cm × 53 cm (30 in × 21 in) | 
louvre_cleaned_2.txt,Dimensions,ORG,447,457, poplar panel | | Subject | Lisa del Giocondo | | Dimensions | 77 cm × 53 cm (30 in × 21 in) | | Location | Lo
louvre_cleaned_2.txt,Location,ORG,494,502," | Dimensions | 77 cm × 53 cm (30 in × 21 in) | | Location | Louvre, Paris | The Mona Lisa[a] is a half-leng"
louvre_cleaned_2.txt,Paris,GPE,513,518,"cm × 53 cm (30 in × 21 in) | | Location | Louvre, Paris | The Mona Lisa[a] is a half-length portrait pain"
louvre_cleaned_2.txt,Lisa Del Giocondo.[9,PERSON,1103,1123,nally considered to depict the Italian noblewoman Lisa del Giocondo.[9] It is painted in oil on a white poplar panel.[10
louvre_cleaned_2.txt,Leonardo,PERSON,1175,1183,It is painted in oil on a white poplar panel.[10] Leonardo never gave the painting to the Giocondo family.[1
louvre_cleaned_2.txt,Between 1503 And 1506,DATE,1273,1294," family.[11] It was believed to have been painted between 1503 and 1506; however, Leonardo may have continued working on "
louvre_cleaned_2.txt,Francis,PERSON,1369,1376,ave continued working on it as late as 1517. King Francis I of France acquired the Mona Lisa after Leonardo
louvre_cleaned_2.txt,France,GPE,1382,1388, working on it as late as 1517. King Francis I of France acquired the Mona Lisa after Leonardo's death in 
louvre_cleaned_2.txt,The Mona Lisa,ORG,1398,1411,"s late as 1517. King Francis I of France acquired the Mona Lisa after Leonardo's death in 1519, and it became the"
louvre_cleaned_2.txt,1519,DATE,1438,1442," acquired the Mona Lisa after Leonardo's death in 1519, and it became the property of the French Republi"
louvre_cleaned_2.txt,The French Republic,GPE,1474,1493,"do's death in 1519, and it became the property of the French Republic. It has normally been on display at the Louvre in"
louvre_cleaned_2.txt,Louvre,PERSON,1534,1540, Republic. It has normally been on display at the Louvre in Paris since 1797.[12] The painting's global fa
louvre_cleaned_2.txt,1911,DATE,1629,1633,"s global fame and popularity partly stem from its 1911 theft by Vincenzo Peruggia, who attributed his ac"
louvre_cleaned_2.txt,Vincenzo Peruggia,PERSON,1643,1660,"and popularity partly stem from its 1911 theft by Vincenzo Peruggia, who attributed his actions to Italian patriotism"
louvre_cleaned_2.txt,Italy,GPE,1740,1745,o Italian patriotism—a belief it should belong to Italy. The theft and subsequent recovery in 1914 genera
louvre_cleaned_2.txt,1914,DATE,1784,1788,ng to Italy. The theft and subsequent recovery in 1914 generated unprecedented publicity for an art thef
louvre_cleaned_2.txt,1915,DATE,1908,1912,"blication of many cultural depictions such as the 1915 opera Mona Lisa, two early 1930s films (The Theft"
louvre_cleaned_2.txt,Two Early 1930S,DATE,1930,1945,"ural depictions such as the 1915 opera Mona Lisa, two early 1930s films (The Theft of the Mona Lisa and Arsène Lupi"
louvre_cleaned_2.txt,The Theft Of The Mona Lisa,WORK_OF_ART,1953,1979," the 1915 opera Mona Lisa, two early 1930s films (The Theft of the Mona Lisa and Arsène Lupin), and the song ""Mona Lisa"" recor"
louvre_cleaned_2.txt,Arsène Lupin,PERSON,1984,1996,"early 1930s films (The Theft of the Mona Lisa and Arsène Lupin), and the song ""Mona Lisa"" recorded by Nat King C"
louvre_cleaned_2.txt,Nat King Cole,PERSON,2036,2049,"sène Lupin), and the song ""Mona Lisa"" recorded by Nat King Cole—one of the most successful songs of the 1950s.[13"
louvre_cleaned_2.txt,The Guinness World Record,ORG,2176,2201,he most valuable paintings in the world. It holds the Guinness World Record for the highest known painting insurance valuatio
louvre_cleaned_2.txt,Renaissance,ORG,2528,2539,"del Giocondo, although her likeness is uncertain. Renaissance art historian Giorgio Vasari wrote that ""Leonardo"
louvre_cleaned_2.txt,Giorgio Vasari,PERSON,2554,2568," likeness is uncertain. Renaissance art historian Giorgio Vasari wrote that ""Leonardo undertook to paint, for Fran"
louvre_cleaned_2.txt,Francesco Del Giocondo,PERSON,2614,2636,"sari wrote that ""Leonardo undertook to paint, for Francesco del Giocondo, the portrait of Mona Lisa, his wife.""[18][19][20"
louvre_cleaned_2.txt,Ma Donna,PERSON,2748,2756,"talian is a polite form of address originating as ma donna—similar to Ma'am, Madam, or my lady in English. T"
louvre_cleaned_2.txt,Madam,PERSON,2775,2780,"address originating as ma donna—similar to Ma'am, Madam, or my lady in English. This became madonna, and "
louvre_cleaned_2.txt,Mona.[24],WORK_OF_ART,3024,3033,"sh,[21][22][23] where it is traditionally spelled Mona.[24] Lisa del Giocondo was a member of the Gherardini "
louvre_cleaned_2.txt,Gherardini,PERSON,3072,3082,"d Mona.[24] Lisa del Giocondo was a member of the Gherardini family of Florence and Tuscany, and the wife of w"
louvre_cleaned_2.txt,Florence And Tuscany,ORG,3093,3113,"Giocondo was a member of the Gherardini family of Florence and Tuscany, and the wife of wealthy Florentine silk merchant"
louvre_cleaned_2.txt,Florentine,PERSON,3139,3149," of Florence and Tuscany, and the wife of wealthy Florentine silk merchant Francesco del Giocondo.[25] The pai"
louvre_cleaned_2.txt,La Gioconda,PERSON,3357,3368,"n, Andrea.[26] The Italian name for the painting, La Gioconda, means ""jocund"" (""happy"" or ""jovial""), or literal"
louvre_cleaned_2.txt,Lisa,PERSON,3469,3473,"y ""the jocund one"", a pun on the feminine form of Lisa's married name, Giocondo.[25][27] In French, the "
louvre_cleaned_2.txt,La Joconde,ORG,3529,3539,"ried name, Giocondo.[25][27] In French, the title La Joconde has the same meaning.[24] Vasari's account of the"
louvre_cleaned_2.txt,Vasari,PERSON,3566,3572,"h, the title La Joconde has the same meaning.[24] Vasari's account of the Mona Lisa comes from his biograp"
louvre_cleaned_2.txt,1550,DATE,3650,3654,"comes from his biography of Leonardo published in 1550, 31 years after the artist's death. It has long b"
louvre_cleaned_2.txt,31 Years,DATE,3656,3664,"from his biography of Leonardo published in 1550, 31 years after the artist's death. It has long been the be"
louvre_cleaned_2.txt,Salaì,PERSON,3824,3829," and identity of the sitter. Leonardo's assistant Salaì, at his death in 1524, owned a portrait which in "
louvre_cleaned_2.txt,1524,DATE,3847,3851,"tter. Leonardo's assistant Salaì, at his death in 1524, owned a portrait which in his personal papers wa"
louvre_cleaned_2.txt,2005,DATE,4035,4039,"nted such a work, and its date, were confirmed in 2005 when a scholar at Heidelberg University discovere"
louvre_cleaned_2.txt,Heidelberg University,ORG,4058,4079,"ts date, were confirmed in 2005 when a scholar at Heidelberg University discovered a marginal note in a 1477 printing of "
louvre_cleaned_2.txt,1477,DATE,4112,4116,elberg University discovered a marginal note in a 1477 printing of a volume by ancient Roman philosopher
louvre_cleaned_2.txt,Cicero,ORG,4167,4173,"printing of a volume by ancient Roman philosopher Cicero. Dated October 1503, the note was written by Leon"
louvre_cleaned_2.txt,October 1503,DATE,4181,4193,"volume by ancient Roman philosopher Cicero. Dated October 1503, the note was written by Leonardo's contemporary "
louvre_cleaned_2.txt,Agostino Vespucci,ORG,4243,4260,", the note was written by Leonardo's contemporary Agostino Vespucci. This note likens Leonardo to renowned Greek pain"
louvre_cleaned_2.txt,Apelles,PERSON,4314,4321,"is note likens Leonardo to renowned Greek painter Apelles, who is mentioned in the text, and states that Le"
louvre_cleaned_2.txt,Lisa Del Giocondo.[29,PERSON,4420,4441,eonardo was at that time working on a painting of Lisa del Giocondo.[29] In response to the announcement of the discovery
louvre_cleaned_2.txt,Vincent Delieuvin,PERSON,4510,4527,"e announcement of the discovery of this document, Vincent Delieuvin, the Louvre representative, stated ""Leonardo da V"
louvre_cleaned_2.txt,1503,DATE,4599,4603,"ative, stated ""Leonardo da Vinci was painting, in 1503, the portrait of a Florentine lady by the name of"
louvre_cleaned_2.txt,2019,DATE,4869,4873,"e.""[30] The catalogue raisonné Leonardo da Vinci (2019) confirms that the painting probably depicts Lisa"
louvre_cleaned_2.txt,Isabella,PERSON,4943,4951,"painting probably depicts Lisa del Giocondo, with Isabella d'Este being the only plausible alternative.[31] "
louvre_cleaned_2.txt,"Isabella Of Aragon,[34",ORG,5300,5322,"sed as the subject of the painting,[33] including Isabella of Aragon,[34] Cecilia Gallerani,[35] Costanza d'Avalos, Duches"
louvre_cleaned_2.txt,Costanza D'Avalos,PERSON,5347,5364,"ng Isabella of Aragon,[34] Cecilia Gallerani,[35] Costanza d'Avalos, Duchess of Francavilla,[33] Pacifica Brandano/Br"
louvre_cleaned_2.txt,Isabella Gualanda,PERSON,5422,5439,"s of Francavilla,[33] Pacifica Brandano/Brandino, Isabella Gualanda, Caterina Sforza, Bianca Giovanna Sforza, Salaì, "
louvre_cleaned_2.txt,Caterina Sforza,PERSON,5441,5456,"3] Pacifica Brandano/Brandino, Isabella Gualanda, Caterina Sforza, Bianca Giovanna Sforza, Salaì, and even Leonardo"
louvre_cleaned_2.txt,Giovanna Sforza,PERSON,5465,5480,"ndino, Isabella Gualanda, Caterina Sforza, Bianca Giovanna Sforza, Salaì, and even Leonardo himself.[36][37][38] Ps"
louvre_cleaned_2.txt,Psychoanalyst Sigmund Freud,WORK_OF_ART,5528,5555,"za, Salaì, and even Leonardo himself.[36][37][38] Psychoanalyst Sigmund Freud theorized that Leonardo imparted an approving smi"
louvre_cleaned_2.txt,The Baptism Of Christ,WORK_OF_ART,5683,5704,"Caterina, onto the Mona Lisa and other works like The Baptism of Christ, Virgin of the Rocks, and The Virgin and Child wi"
louvre_cleaned_2.txt,The Virgin Mary,GPE,5868,5883,"ong resemblance to many Renaissance depictions of the Virgin Mary, who was at that time seen as an ideal for womanh"
louvre_cleaned_2.txt,Three-Quarter,DATE,6365,6378," of the eyes"".[45] The depiction of the sitter in three-quarter profile is similar to late 15th-century works by "
louvre_cleaned_2.txt,Late 15Th-Century,DATE,6401,6418,the sitter in three-quarter profile is similar to late 15th-century works by Lorenzo di Credi and Agnolo di Domenico 
louvre_cleaned_2.txt,Lorenzo Di Credi,PERSON,6428,6444, profile is similar to late 15th-century works by Lorenzo di Credi and Agnolo di Domenico del Mazziere.[44] Frank Zö
louvre_cleaned_2.txt,Frank Zöllner,PERSON,6486,6499,di Credi and Agnolo di Domenico del Mazziere.[44] Frank Zöllner notes that the sitter's general position can be t
louvre_cleaned_2.txt,Woods-Marsden,ORG,6704,6717,"panel had precedents in Flemish portraiture.""[46] Woods-Marsden cites Hans Memling's portrait of Benedetto Portin"
louvre_cleaned_2.txt,Hans Memling'S,PERSON,6724,6738," in Flemish portraiture.""[46] Woods-Marsden cites Hans Memling's portrait of Benedetto Portinari (1487) or Italian"
louvre_cleaned_2.txt,Benedetto Portinari,PERSON,6751,6770,6] Woods-Marsden cites Hans Memling's portrait of Benedetto Portinari (1487) or Italian imitations such as Sebastiano M
louvre_cleaned_2.txt,1487,DATE,6772,6776,s Hans Memling's portrait of Benedetto Portinari (1487) or Italian imitations such as Sebastiano Mainard
louvre_cleaned_2.txt,Sebastiano Mainardi'S,PERSON,6808,6829,"to Portinari (1487) or Italian imitations such as Sebastiano Mainardi's pendant portraits for the use of a loggia, which "
louvre_cleaned_2.txt,Benci,ORG,7629,7634," line not at the neck, as he did with Ginevra de' Benci, but on a level with the eyes, thus linking the f"
louvre_cleaned_2.txt,Silvano Vincenti,ORG,7815,7831,7] The bridge in the background was identified by Silvano Vincenti as the four-arched Romito di Laterina bridge from
louvre_cleaned_2.txt,Romito Di Laterina,ORG,7851,7869,"identified by Silvano Vincenti as the four-arched Romito di Laterina bridge from Etruscan-Roman times near Laterina, A"
louvre_cleaned_2.txt,Laterina,GPE,7908,7916,"di Laterina bridge from Etruscan-Roman times near Laterina, Arezzo, over the Arno river.[53] Other bridges w"
louvre_cleaned_2.txt,Arezzo,PERSON,7918,7924,"a bridge from Etruscan-Roman times near Laterina, Arezzo, over the Arno river.[53] Other bridges with simi"
louvre_cleaned_2.txt,Arno,ORG,7935,7939,"uscan-Roman times near Laterina, Arezzo, over the Arno river.[53] Other bridges with similar arches sugg"
louvre_cleaned_2.txt,2007,DATE,8224,8228,"asari describes the eyebrows in detail.[54][b] In 2007, French engineer Pascal Cotte announced that his "
louvre_cleaned_2.txt,Pascal Cotte,ORG,8246,8258,"ebrows in detail.[54][b] In 2007, French engineer Pascal Cotte announced that his ultra-high resolution scans of"
louvre_cleaned_2.txt,(15Th Century,DATE,9063,9076,"he best, ""even when measured by late quattrocento (15th century) or even twenty-first century standards.""[59] Som"
louvre_cleaned_2.txt,Twenty-First Century,DATE,9086,9106,"sured by late quattrocento (15th century) or even twenty-first century standards.""[59] Some historians in Eastern art, s"
louvre_cleaned_2.txt,Eastern,ORG,9142,9149,"-first century standards.""[59] Some historians in Eastern art, such as Yukio Yashiro, argue that the landsc"
louvre_cleaned_2.txt,Yukio Yashiro,PERSON,9163,9176,"rds.""[59] Some historians in Eastern art, such as Yukio Yashiro, argue that the landscape in the background of th"
louvre_cleaned_2.txt,2003,DATE,9352,9356,ested for lack of clear evidence.[60] Research in 2003 by Professor Margaret Livingstone of Harvard Univ
louvre_cleaned_2.txt,Margaret Livingstone,PERSON,9370,9390,clear evidence.[60] Research in 2003 by Professor Margaret Livingstone of Harvard University said that Mona Lisa's smile
louvre_cleaned_2.txt,Harvard University,ORG,9394,9412,arch in 2003 by Professor Margaret Livingstone of Harvard University said that Mona Lisa's smile disappears when obser
louvre_cleaned_2.txt,Mona Lisa'S,PERSON,9423,9434,garet Livingstone of Harvard University said that Mona Lisa's smile disappears when observed with direct vision
louvre_cleaned_2.txt,Well.[61] Research,ORG,9660,9678,"y; however, peripheral vision can pick up shadows well.[61] Research in 2008 by a geomorphology professor at Urbino Un"
louvre_cleaned_2.txt,2008,DATE,9682,9686, vision can pick up shadows well.[61] Research in 2008 by a geomorphology professor at Urbino University
louvre_cleaned_2.txt,Urbino University,ORG,9719,9736, Research in 2008 by a geomorphology professor at Urbino University and an artist-photographer revealed that Mona Lis
louvre_cleaned_2.txt,Pesaro,GPE,9880,9886,"he Montefeltro region in the Italian provinces of Pesaro and Urbino, and Rimini.[62][63] Research in 2023/"
louvre_cleaned_2.txt,Urbino,ORG,9891,9897,"tro region in the Italian provinces of Pesaro and Urbino, and Rimini.[62][63] Research in 2023/2024 by geo"
louvre_cleaned_2.txt,2023/2024,DATE,9931,9940,"esaro and Urbino, and Rimini.[62][63] Research in 2023/2024 by geologist and art historian Ann Pizzorusso sug"
louvre_cleaned_2.txt,Ann Pizzorusso,PERSON,9972,9986,"earch in 2023/2024 by geologist and art historian Ann Pizzorusso suggests that the landscape contains ""several rec"
louvre_cleaned_2.txt,Lecco,PERSON,10058,10063,"dscape contains ""several recognisable features of Lecco, on the shores of Lake Como in the Lombardy regio"
louvre_cleaned_2.txt,Lombardy,GPE,10099,10107,"tures of Lecco, on the shores of Lake Como in the Lombardy region of northern Italy.""[64] History Creation a"
louvre_cleaned_2.txt,Leonardo Da Vinci'S,PERSON,10168,10187,"northern Italy.""[64] History Creation and date Of Leonardo da Vinci's works, the Mona Lisa is the only portrait whose a"
louvre_cleaned_2.txt,Saint Jerome,PERSON,10329,10341,"ioned,[65] and one of four worksthe others being —Saint Jerome in the Wilderness, Adoration of the Magi and The "
louvre_cleaned_2.txt,"The Wilderness, Adoration Of The Magi",ORG,10345,10382,"ne of four worksthe others being —Saint Jerome in the Wilderness, Adoration of the Magi and The Last Supper —whose attribution has avoide"
louvre_cleaned_2.txt,October 1503.[29][30,DATE,10541,10561,"sa del Giocondo, the sitter for the Mona Lisa, by October 1503.[29][30] It is believed by some that the Mona Lisa was be"
louvre_cleaned_2.txt,1504,DATE,10626,10630,d by some that the Mona Lisa was begun in 1503 or 1504 in Florence.[67] Although the Louvre states that 
louvre_cleaned_2.txt,Between 1503,DATE,10706,10718," the Louvre states that it was ""doubtless painted between 1503 and 1506"",[8] art historian Martin Kemp says that"
louvre_cleaned_2.txt,Martin Kemp,PERSON,10747,10758," painted between 1503 and 1506"",[8] art historian Martin Kemp says that there are some difficulties in confirmi"
louvre_cleaned_2.txt,Alessandro Vezzosi,ORG,10841,10859,lties in confirming the dates with certainty.[25] Alessandro Vezzosi believes that the painting is characteristic of L
louvre_cleaned_2.txt,The Final Years,DATE,10928,10943,"painting is characteristic of Leonardo's style in the final years of his life, post-1513.[68] Other academics argue"
louvre_cleaned_2.txt,Four Years,DATE,11140,11150,"cording to Vasari, ""after he had lingered over it four years, [he] left it unfinished"".[19] In 1516, Leonardo "
louvre_cleaned_2.txt,1516,DATE,11185,11189,"r it four years, [he] left it unfinished"".[19] In 1516, Leonardo was invited by King Francis I to work a"
louvre_cleaned_2.txt,Carmen C. Bambach,PERSON,11406,11423,on it after he moved to France.[37] Art historian Carmen C. Bambach has concluded that Leonardo probably continued re
louvre_cleaned_2.txt,Raphael,PERSON,11650,11657,"a Lisa unfinished.[72][73][74][c] Circa 1505,[76] Raphael executed a pen-and-ink sketch, in which the colum"
louvre_cleaned_2.txt,"The National Museum Of Art, Architecture And Design And The Walters Art Museum",ORG,11883,11961,"r later copies of the Mona Lisa, such as those in the National Museum of Art, Architecture and Design and The Walters Art Museum, also display large flanking columns. As a result"
louvre_cleaned_2.txt,1993,DATE,12084,12088,"he Mona Lisa had been trimmed.[80][81][82][83] By 1993, Frank Zöllner observed that the painting surface"
louvre_cleaned_2.txt,16Th-Century,DATE,12272,12284,"5] In view of this, Vincent Delieuvin, curator of 16th-century Italian painting at the Louvre, states that the s"
louvre_cleaned_2.txt,Zöllner,PERSON,12417,12424," have been inspired by another version,[86] while Zöllner states that the sketch may be after another Leona"
louvre_cleaned_2.txt,October 1517,DATE,12529,12541,ortrait of the same subject.[84] The record of an October 1517 visit by Louis d'Aragon states that the Mona Lisa
louvre_cleaned_2.txt,Louis D'Aragon,ORG,12551,12565,bject.[84] The record of an October 1517 visit by Louis d'Aragon states that the Mona Lisa was executed for the de
louvre_cleaned_2.txt,Giuliano De',ORG,12622,12634," that the Mona Lisa was executed for the deceased Giuliano de' Medici, Leonardo's steward at Belvedere, Vienna, "
louvre_cleaned_2.txt,Belvedere,GPE,12665,12674,"ceased Giuliano de' Medici, Leonardo's steward at Belvedere, Vienna, between 1513 and 1516;[87][88][d] this w"
louvre_cleaned_2.txt,Vienna,GPE,12676,12682,"iano de' Medici, Leonardo's steward at Belvedere, Vienna, between 1513 and 1516;[87][88][d] this was likel"
louvre_cleaned_2.txt,Between 1513,DATE,12684,12696," Medici, Leonardo's steward at Belvedere, Vienna, between 1513 and 1516;[87][88][d] this was likely an error.[89"
louvre_cleaned_2.txt,Francesco,PERSON,12823,12832,"he painting was created for the sitter's husband, Francesco del Giocondo.[90] A number of experts have argued"
louvre_cleaned_2.txt,Giocondo C. 1503,PERSON,13280,13296,"rominent columns, would have been commissioned by Giocondo c. 1503, and left unfinished in Leonardo's pupil and assi"
louvre_cleaned_2.txt,1513,DATE,13447,13451,"he second, commissioned by Giuliano de' Medici c. 1513, would have been sold by Salaì to Francis I in 15"
louvre_cleaned_2.txt,The 16Th Century,DATE,13695,13711,"forementioned fates.[25][28][93] At some point in the 16th century, a varnish was applied to the painting.[3] It was"
louvre_cleaned_2.txt,Fontainebleau,ORG,13784,13797, to the painting.[3] It was kept at the Palace of Fontainebleau until Louis XIV moved it to the Palace of Versail
louvre_cleaned_2.txt,Louis Xiv,PERSON,13804,13813," It was kept at the Palace of Fontainebleau until Louis XIV moved it to the Palace of Versailles, where it re"
louvre_cleaned_2.txt,1797,DATE,13906,13910,"e it remained until the French Revolution.[94] In 1797, it went on permanent display at the Louvre.[12] "
louvre_cleaned_2.txt,Napoleon,ORG,14098,14106,Louvre but spent a brief period in the bedroom of Napoleon (d. 1821) in the Tuileries Palace.[94] Although t
louvre_cleaned_2.txt,1821,DATE,14111,14115,ent a brief period in the bedroom of Napoleon (d. 1821) in the Tuileries Palace.[94] Although the Mona L
louvre_cleaned_2.txt,Tuileries,ORG,14124,14133,eriod in the bedroom of Napoleon (d. 1821) in the Tuileries Palace.[94] Although the Mona Lisa was not widely
louvre_cleaned_2.txt,The 1860S,DATE,14216,14225,"sa was not widely known outside the art world, in the 1860s, a portion of the French intelligentsia began to "
louvre_cleaned_2.txt,21 August 1911,DATE,14510,14524,"as still not popular among the lay-public.[97] On 21 August 1911, the painting was stolen from the Louvre.[98] The"
louvre_cleaned_2.txt,The Next Day,DATE,14611,14623,uvre.[98] The painting was first reported missing the next day by painter Louis Béroud. After some confusion as 
louvre_cleaned_2.txt,Louis Béroud,PERSON,14635,14647,as first reported missing the next day by painter Louis Béroud. After some confusion as to whether the painting 
louvre_cleaned_2.txt,A Week,DATE,14757,14763,"photographed somewhere, the Louvre was closed for a week for investigation. French poet Guillaume Apollina"
louvre_cleaned_2.txt,Guillaume Apollinaire,PERSON,14795,14816, closed for a week for investigation. French poet Guillaume Apollinaire came under suspicion and was arrested and impriso
louvre_cleaned_2.txt,Pablo Picasso,PERSON,14905,14918,"and imprisoned. Apollinaire implicated his friend Pablo Picasso, who was brought in for questioning. Both were la"
louvre_cleaned_2.txt,Peruggia,PERSON,15293,15301,n under his coat after the museum had closed.[27] Peruggia was an Italian patriot who believed that Leonardo
louvre_cleaned_2.txt,Two Years,DATE,15627,15636,"er having kept the Mona Lisa in his apartment for two years, Peruggia grew impatient and was caught when he a"
louvre_cleaned_2.txt,Giovanni Poggi,GPE,15709,15723,"nt and was caught when he attempted to sell it to Giovanni Poggi, director of the Uffizi Gallery in Florence. It w"
louvre_cleaned_2.txt,The Uffizi Gallery,ORG,15737,15755,"tempted to sell it to Giovanni Poggi, director of the Uffizi Gallery in Florence. It was exhibited in the Uffizi Galle"
louvre_cleaned_2.txt,Florence,GPE,15759,15767,"Giovanni Poggi, director of the Uffizi Gallery in Florence. It was exhibited in the Uffizi Gallery for over "
louvre_cleaned_2.txt,Two Weeks,DATE,15817,15826,. It was exhibited in the Uffizi Gallery for over two weeks and returned to the Louvre on 4 January 1914.[104
louvre_cleaned_2.txt,4 January 1914.[104,DATE,15857,15876, for over two weeks and returned to the Louvre on 4 January 1914.[104] Peruggia served six months in prison for the cri
louvre_cleaned_2.txt,Six Months,DATE,15894,15904,he Louvre on 4 January 1914.[104] Peruggia served six months in prison for the crime and was hailed for his pa
louvre_cleaned_2.txt,A Year,DATE,15978,15984," and was hailed for his patriotism in Italy.[100] A year after the theft, Saturday Evening Post journalist"
louvre_cleaned_2.txt,Saturday,DATE,16002,16010,"patriotism in Italy.[100] A year after the theft, Saturday Evening Post journalist Karl Decker wrote that he"
louvre_cleaned_2.txt,Karl Decker,PERSON,16035,16046,"after the theft, Saturday Evening Post journalist Karl Decker wrote that he met an alleged accomplice named Edu"
louvre_cleaned_2.txt,Eduardo De Valfierno,ORG,16093,16113,"ker wrote that he met an alleged accomplice named Eduardo de Valfierno, who claimed to have masterminded the theft. Forg"
louvre_cleaned_2.txt,Forger Yves Chaudron,PERSON,16159,16179,"erno, who claimed to have masterminded the theft. Forger Yves Chaudron was to have created six copies of the painting to"
louvre_cleaned_2.txt,Us,GPE,16242,16244,created six copies of the painting to sell in the US while concealing the location of the original.[10
louvre_cleaned_2.txt,Decker,PERSON,16297,16303,ile concealing the location of the original.[103] Decker published this account of the theft in 1932.[105]
louvre_cleaned_2.txt,Château De Chambord,ORG,16489,16508,"Château d'Amboise, then to the Loc-Dieu Abbey and Château de Chambord, then finally to the Musée Ingres in Montauban.[1"
louvre_cleaned_2.txt,The Musée Ingres,ORG,16526,16542,"eu Abbey and Château de Chambord, then finally to the Musée Ingres in Montauban.[13][106] Since the 1990s, the paint"
louvre_cleaned_2.txt,The 1990S,DATE,16572,16581," to the Musée Ingres in Montauban.[13][106] Since the 1990s, the painting has been temporarily moved to accom"
louvre_cleaned_2.txt,Between 1992 And 1995,DATE,16684,16705,"ate renovations to the Louvre on three occasions: between 1992 and 1995, from 2001 to 2005, and again in 2019.[107] On 30"
louvre_cleaned_2.txt,2001,DATE,16712,16716,"e on three occasions: between 1992 and 1995, from 2001 to 2005, and again in 2019.[107] On 30 December 1"
louvre_cleaned_2.txt,30 December 1956,DATE,16753,16769,"95, from 2001 to 2005, and again in 2019.[107] On 30 December 1956, Bolivian Ugo Ungaza Villegas threw a rock at the"
louvre_cleaned_2.txt,Bolivian Ugo Ungaza Villegas,PERSON,16771,16799,"005, and again in 2019.[107] On 30 December 1956, Bolivian Ugo Ungaza Villegas threw a rock at the Mona Lisa while it was on dis"
louvre_cleaned_2.txt,A Few Years Earlier,DATE,17031,17050,[108] The painting was protected by glass because a few years earlier a man who claimed to be in love with the painting
louvre_cleaned_2.txt,Salvador Dalí,PERSON,17178,17191,"de and tried to steal it.[109] After this attack, Salvador Dalí wrote in 1963 an essay titled ""Why they attack th"
louvre_cleaned_2.txt,1963,DATE,17201,17205,"t.[109] After this attack, Salvador Dalí wrote in 1963 an essay titled ""Why they attack the Mona Lisa"", "
louvre_cleaned_2.txt,1956,DATE,17309,17313,"rencing earlier Freud theories.[43][40] Since the 1956 attack, bulletproof glass has been used to shield"
louvre_cleaned_2.txt,21 April 1974,DATE,17462,17475,"l subsequent cases the painting was undamaged. On 21 April 1974, while the painting was on display at the Tokyo N"
louvre_cleaned_2.txt,The Tokyo National Museum,ORG,17514,17539," April 1974, while the painting was on display at the Tokyo National Museum, a woman sprayed it with red paint as a protest a"
louvre_cleaned_2.txt,2 August 2009,DATE,17665,17678,"re to provide access for disabled people.[110] On 2 August 2009, a Russian woman, distraught over being denied Fr"
louvre_cleaned_2.txt,29 May 2022,DATE,17857,17868,"attered against the glass enclosure.[111][112] On 29 May 2022, a male activist, disguised as a woman in a wheel"
louvre_cleaned_2.txt,28 January 2024,DATE,18245,18260,"pened after the Louvre filed a complaint.[116] On 28 January 2024, two attackers from an environmentalist group thr"
louvre_cleaned_2.txt,The Early 21St Century,DATE,18517,18539,"painting was not damaged.[117] Modern analysis In the early 21st century, French scientist Pascal Cotte hypothesized a hid"
louvre_cleaned_2.txt,2004,DATE,18727,18731,"vre with reflective light technology beginning in 2004, and produced circumstantial evidence for his the"
louvre_cleaned_2.txt,Gian Paolo Lomazzo,PERSON,19132,19150,"cal descriptions of the painting. Both Vasari and Gian Paolo Lomazzo describe the subject as smiling,[18][122] unlike "
louvre_cleaned_2.txt,Cotte,ORG,19215,19220,"ubject as smiling,[18][122] unlike the subject in Cotte's supposed portrait.[119][28] In 2020, Cotte publ"
louvre_cleaned_2.txt,2020,DATE,19254,19258,"subject in Cotte's supposed portrait.[119][28] In 2020, Cotte published a study alleging that the painti"
louvre_cleaned_2.txt,More Than 500 Years,DATE,19448,19467,"[123] Conservation The Mona Lisa has survived for more than 500 years, and an international commission convened in 1952"
louvre_cleaned_2.txt,1952,DATE,19513,19517,"ears, and an international commission convened in 1952 noted that ""the picture is in a remarkable state "
louvre_cleaned_2.txt,1933,DATE,19758,19762,he painting has undergone. A detailed analysis in 1933 by Madame de Gironde revealed that earlier restor
louvre_cleaned_2.txt,The End Of The 16Th Century,DATE,19944,19971,"varnish made to the painting had darkened even by the end of the 16th century, and an aggressive 1809 cleaning and revarnishing"
louvre_cleaned_2.txt,1809,DATE,19991,19995,"by the end of the 16th century, and an aggressive 1809 cleaning and revarnishing removed some of the upp"
louvre_cleaned_2.txt,The Mid-18Th Century To Early 19Th Century,DATE,20642,20684," extending down to the hairline of the figure. In the mid-18th century to early 19th century, two butterfly-shaped walnut braces were inserted"
louvre_cleaned_2.txt,Between 1888 And 1905,DATE,20911,20932,", and successfully stabilized the crack. Sometime between 1888 and 1905, or perhaps during the picture's theft, the upper"
louvre_cleaned_2.txt,64 °F,DATE,21269,21274, and the temperature is maintained between 18 °C (64 °F) and 21 °C (70 °F). To compensate for fluctuation
louvre_cleaned_2.txt,70 °F,DATE,21287,21292,re is maintained between 18 °C (64 °F) and 21 °C (70 °F). To compensate for fluctuations in relative humi
louvre_cleaned_2.txt,1951,DATE,21793,21797,"rdo's 500th birthday, the Mona Lisa was fitted in 1951 with a flexible oak frame with beech crosspieces."
louvre_cleaned_2.txt,1970,DATE,21985,21989," on the panel to keep it from warping further. In 1970, the beech crosspieces were switched to maple aft"
louvre_cleaned_2.txt,2004–05,DATE,22109,22116," the beechwood had been infested with insects. In 2004–05, a conservation and study team replaced the maple"
louvre_cleaned_2.txt,1909,DATE,22383,22387,"ny different decorative frames in its history. In 1909, the art collector Comtesse de Béhague gave the p"
louvre_cleaned_2.txt,Comtesse De Béhague,ORG,22407,22426,"frames in its history. In 1909, the art collector Comtesse de Béhague gave the portrait its current frame,[128] a Renai"
louvre_cleaned_2.txt,Jean-Marie Hooghstoel,ORG,22888,22909,"a was an 1809 wash and revarnishing undertaken by Jean-Marie Hooghstoel, who was responsible for the restoration of paint"
louvre_cleaned_2.txt,The Musée Napoléon,ORG,22985,23003,"the restoration of paintings for the galleries of the Musée Napoléon. The work involved cleaning with spirits, touch-u"
louvre_cleaned_2.txt,1906,DATE,23101,23105,"-ups of colour, and revarnishing the painting. In 1906, Louvre restorer Eugène Denizard performed waterc"
louvre_cleaned_2.txt,Denizard,ORG,23236,23244, paint layer disturbed by the crack in the panel. Denizard also retouched the edges of the picture with varn
louvre_cleaned_2.txt,1913,DATE,23366,23370," had been covered initially by an older frame. In 1913, when the painting was recovered after its theft,"
louvre_cleaned_2.txt,Jean-Gabriel Goulinat,PERSON,23731,23752,"vened out. After the second 1956 attack, restorer Jean-Gabriel Goulinat was directed to touch up the damage to Mona Lisa'"
louvre_cleaned_2.txt,1977,DATE,23840,23844,"o Mona Lisa's left elbow with watercolour.[85] In 1977, a new insect infestation was discovered in the b"
louvre_cleaned_2.txt,1985,DATE,24086,24090,"e, and later with an ethylene oxide treatment. In 1985, the spot was again treated with carbon tetrachlo"
louvre_cleaned_2.txt,6 April,DATE,24185,24192,"achloride as a preventive measure.[85] Display On 6 April 2005following a period of curatorial maintenance,"
louvre_cleaned_2.txt,2013,DATE,24595,24599,ially designed for this painting was installed in 2013. The lamp has a colour rendering index of up to 9
louvre_cleaned_2.txt,24 October 2019 To,DATE,25294,25312,gest ever single exhibit of Leonardo's works from 24 October 2019 to 24 February 2020. The Mona Lisa was not included 
louvre_cleaned_2.txt,February 2020,DATE,25316,25329,it of Leonardo's works from 24 October 2019 to 24 February 2020. The Mona Lisa was not included because it is in 
louvre_cleaned_2.txt,2024,DATE,25489,25493," remained on display in its gallery.[134][135] In 2024, it was decided to place the panel in a separate "
louvre_cleaned_2.txt,Young Woman With Unicorn,ORG,26100,26124,"ition and format in several of his works, such as Young Woman with Unicorn (c. 1506),[138] and Portrait of Maddalena Doni (c"
louvre_cleaned_2.txt,"C. 1506),[138",PERSON,26126,26139,"l of his works, such as Young Woman with Unicorn (c. 1506),[138] and Portrait of Maddalena Doni (c. 1506).[76] La"
louvre_cleaned_2.txt,Maddalena Doni,PERSON,26157,26171,"oman with Unicorn (c. 1506),[138] and Portrait of Maddalena Doni (c. 1506).[76] Later paintings by Raphael, such a"
louvre_cleaned_2.txt,Portrait Of Baldassare Castiglione,ORG,26247,26281,"tings by Raphael, such as La velata (1515–16) and Portrait of Baldassare Castiglione (c. 1514–15), continued to borrow from Leonardo's"
louvre_cleaned_2.txt,André Félibien,PERSON,26714,26728,"er critics such as Vasari in the 16th century and André Félibien in the 17th praised the picture for its realism, "
louvre_cleaned_2.txt,The 17Th,DATE,26732,26740," Vasari in the 16th century and André Félibien in the 17th praised the picture for its realism, by the mid-1"
louvre_cleaned_2.txt,The Mid-19Th Century,DATE,26781,26801," the 17th praised the picture for its realism, by the mid-19th century, writers began to regard the Mona Lisa as imbued "
louvre_cleaned_2.txt,1859,DATE,26891,26895,"as imbued with a sense of mystery and romance. In 1859, Théophile Gautier wrote that the Mona Lisa was a"
louvre_cleaned_2.txt,Théophile Gautier,ORG,26897,26914,"ued with a sense of mystery and romance. In 1859, Théophile Gautier wrote that the Mona Lisa was a ""sphinx of beauty "
louvre_cleaned_2.txt,Walter Pater'S,PERSON,27185,27199,"hopes that drive one to despair, stir painfully."" Walter Pater's essay of 1869 described the sitter as ""older than"
louvre_cleaned_2.txt,1869,DATE,27209,27213,"despair, stir painfully."" Walter Pater's essay of 1869 described the sitter as ""older than the rocks amo"
louvre_cleaned_2.txt,The Early 20Th Century,DATE,27454,27476,"s, and keeps their fallen day about her.""[140] By the early 20th century, some critics started to feel the painting had be"
louvre_cleaned_2.txt,Bernard Berenson,PERSON,27644,27660,"e painting's theft in 1911, Renaissance historian Bernard Berenson admitted that it had ""simply become an incubus, a"
louvre_cleaned_2.txt,Jean Metzinger'S Le,PERSON,27756,27775,"s, and [he] was glad to be rid of her.""[141][142] Jean Metzinger's Le goûter (Tea Time) was exhibited at the 1911 Salon"
louvre_cleaned_2.txt,La Joconde À La Cuiller,WORK_OF_ART,27872,27895,"lon d'Automne and was sarcastically described as ""la Joconde à la cuiller"" (Mona Lisa with a spoon) by art critic Louis Vau"
louvre_cleaned_2.txt,Louis Vauxcelles,PERSON,27936,27952,"a cuiller"" (Mona Lisa with a spoon) by art critic Louis Vauxcelles on the front page of Gil Blas.[143] André Salmon "
louvre_cleaned_2.txt,Gil Blas.[143],PERSON,27974,27988, art critic Louis Vauxcelles on the front page of Gil Blas.[143] André Salmon subsequently described the painting 
louvre_cleaned_2.txt,1883,DATE,28281,28285,"s often produce modifications and caricatures. In 1883, Le rire, an image of a Mona Lisa smoking a pipe,"
louvre_cleaned_2.txt,Le,GPE,28287,28289,"n produce modifications and caricatures. In 1883, Le rire, an image of a Mona Lisa smoking a pipe, by "
louvre_cleaned_2.txt,Bataille,PERSON,28346,28354,"an image of a Mona Lisa smoking a pipe, by Eugène Bataille (Sapeck), was shown at the ""Incoherents"" show in "
louvre_cleaned_2.txt,1919,DATE,28414,28418," was shown at the ""Incoherents"" show in Paris. In 1919, Marcel Duchamp, one of the most influential mode"
louvre_cleaned_2.txt,Marcel Duchamp,PERSON,28420,28434,"hown at the ""Incoherents"" show in Paris. In 1919, Marcel Duchamp, one of the most influential modern artists, crea"
louvre_cleaned_2.txt,L.H.O.O.Q.,GPE,28488,28498,"e of the most influential modern artists, created L.H.O.O.Q., a Mona Lisa parody made by adorning a cheap repr"
louvre_cleaned_2.txt,Rhonda R. Shearer,PERSON,28845,28862,"nd intended as a Freudian joke.[146] According to Rhonda R. Shearer, the apparent reproduction is in fact a copy part"
louvre_cleaned_2.txt,Duchamp,ORG,28927,28934,"reproduction is in fact a copy partly modelled on Duchamp's own face.[147] Salvador Dalí, famous for his su"
louvre_cleaned_2.txt,Face.[147] Salvador Dalí,ORG,28941,28965,"s in fact a copy partly modelled on Duchamp's own face.[147] Salvador Dalí, famous for his surrealist work, painted Self por"
louvre_cleaned_2.txt,Andy Warhol,PERSON,29048,29059," painted Self portrait as Mona Lisa in 1954.[148] Andy Warhol created serigraph prints of multiple Mona Lisas, "
louvre_cleaned_2.txt,Mona Lisas,PERSON,29097,29107," Andy Warhol created serigraph prints of multiple Mona Lisas, called Thirty Are Better than One, following the"
louvre_cleaned_2.txt,The United States,GPE,29178,29195,"etter than One, following the painting's visit to the United States in 1963.[149] The French urban artist known pseud"
louvre_cleaned_2.txt,Invader,ORG,29258,29265,] The French urban artist known pseudonymously as Invader has created versions of the Mona Lisa on city wal
louvre_cleaned_2.txt,Tokyo,GPE,29331,29336,sions of the Mona Lisa on city walls in Paris and Tokyo using a mosaic style.[150] A 2014 New Yorker maga
louvre_cleaned_2.txt,2014,DATE,29366,29370,s in Paris and Tokyo using a mosaic style.[150] A 2014 New Yorker magazine cartoon parodies the supposed
louvre_cleaned_2.txt,New Yorker,ORG,29371,29381,Paris and Tokyo using a mosaic style.[150] A 2014 New Yorker magazine cartoon parodies the supposed enigma of 
louvre_cleaned_2.txt,C. 1514–15 - Le,PERSON,29565,29580," - Portrait of Baldassare Castiglione by Raphael, c. 1514–15 - Le rire (The Laugh) by Eugène Bataille (Sapeck), 188"
louvre_cleaned_2.txt,Jean Metzinger,PERSON,29658,29672,"Bataille (Sapeck), 1883 - Le goûter (Tea Time) by Jean Metzinger, 1911, oil on canvas, 75.9 × 70.2 cm, Philadelphi"
louvre_cleaned_2.txt,Philadelphia Museum Of Art Fame In,ORG,29711,29745,"n Metzinger, 1911, oil on canvas, 75.9 × 70.2 cm, Philadelphia Museum of Art Fame In the 21st century, the Mona Lisa is considered the"
louvre_cleaned_2.txt,The 21St Century,DATE,29746,29762,"5.9 × 70.2 cm, Philadelphia Museum of Art Fame In the 21st century, the Mona Lisa is considered the most famous pain"
louvre_cleaned_2.txt,The 20Th Century,DATE,29861,29877,"nting in the world, a destination painting. Until the 20th century, it was one among many highly regarded artworks.["
louvre_cleaned_2.txt,Baedeker,GPE,30322,30330,"nd a representation of the femme fatale.[153] The Baedeker guide in 1878 called it ""the most celebrated work"
louvre_cleaned_2.txt,1878,DATE,30340,30344,"n of the femme fatale.[153] The Baedeker guide in 1878 called it ""the most celebrated work of Leonardo i"
louvre_cleaned_2.txt,1910,DATE,30514,30518,"sia than the general public.[155] An article in a 1910 issue of Ladies' Home Journal declared it ""the mo"
louvre_cleaned_2.txt,Ladies' Home Journal,ORG,30528,30548,"eneral public.[155] An article in a 1910 issue of Ladies' Home Journal declared it ""the most famous portrait in the worl"
louvre_cleaned_2.txt,Early Last Century,DATE,31133,31151,"Lisa was regarded as ""just another Leonardo until early last century, when the scandal of the painting's theft from th"
louvre_cleaned_2.txt,Several Years,DATE,31260,31273,"and subsequent return kept a spotlight on it over several years.""[158] From December 1962 to March 1963, the Fren"
louvre_cleaned_2.txt,December 1962 To March 1963,DATE,31286,31313," a spotlight on it over several years.""[158] From December 1962 to March 1963, the French government lent it to the United Stat"
louvre_cleaned_2.txt,New York City,GPE,31385,31398,"t lent it to the United States to be displayed in New York City and Washington, D.C.[159][160] It was shipped on "
louvre_cleaned_2.txt,Washington,GPE,31403,31413,"nited States to be displayed in New York City and Washington, D.C.[159][160] It was shipped on the new ocean l"
louvre_cleaned_2.txt,New York,GPE,31487,31495,"shipped on the new ocean liner SS France.[161] In New York, an estimated 1.7 million people queued ""in order"
louvre_cleaned_2.txt,The Metropolitan Museum Of Art,ORG,31627,31657,"sa for 20 seconds or so.""[154] While exhibited in the Metropolitan Museum of Art, the painting was nearly drenched in water becaus"
louvre_cleaned_2.txt,1974,DATE,31793,31797,"g's bullet-proof glass case protected it.[162] In 1974, the painting was exhibited in Tokyo and Moscow.["
louvre_cleaned_2.txt,Henri Loyrette,PERSON,31921,31935,"n people visited the Louvre.[164] Former director Henri Loyrette reckoned that ""80 percent of the people only want"
louvre_cleaned_2.txt,Max Von Schillings,PERSON,32769,32787," include: - The 1915 Mona Lisa by German composer Max von Schillings. - Two 1930s films written about the theft, (The "
louvre_cleaned_2.txt,1950,DATE,32885,32889,"e Theft of the Mona Lisa and Arsène Lupin). - The 1950 song ""Mona Lisa"" recorded by Nat King Cole. - The"
louvre_cleaned_2.txt,The Smile,WORK_OF_ART,32958,32967,"ecorded by Nat King Cole. - The 1952 short story ""The Smile"" by Ray Bradbury, published in his 1959 collectio"
louvre_cleaned_2.txt,Ray Bradbury,PERSON,32972,32984," King Cole. - The 1952 short story ""The Smile"" by Ray Bradbury, published in his 1959 collection A Medicine for "
louvre_cleaned_2.txt,1959,DATE,33003,33007,"ory ""The Smile"" by Ray Bradbury, published in his 1959 collection A Medicine for Melancholy - The 1984 s"
louvre_cleaned_2.txt,1984,DATE,33051,33055,"s 1959 collection A Medicine for Melancholy - The 1984 song ""Mona Lisa Lost Her Smile"" recorded by David"
louvre_cleaned_2.txt,Mona Lisa Lost Her Smile,WORK_OF_ART,33062,33086,"ection A Medicine for Melancholy - The 1984 song ""Mona Lisa Lost Her Smile"" recorded by David Allan Coe. - The 2011 song ""Th"
louvre_cleaned_2.txt,David Allan Coe,PERSON,33100,33115," 1984 song ""Mona Lisa Lost Her Smile"" recorded by David Allan Coe. - The 2011 song ""The Ballad of Mona Lisa"" by Ame"
louvre_cleaned_2.txt,2011,DATE,33123,33127,"ost Her Smile"" recorded by David Allan Coe. - The 2011 song ""The Ballad of Mona Lisa"" by American rock b"
louvre_cleaned_2.txt,"""The Ballad Of Mona Lisa",WORK_OF_ART,33133,33157,"ile"" recorded by David Allan Coe. - The 2011 song ""The Ballad of Mona Lisa"" by American rock band Panic! at the Disco. - The"
louvre_cleaned_2.txt,Disco,PERSON,33195,33200,"of Mona Lisa"" by American rock band Panic! at the Disco. - The 2018 song ""Mona Lisa"" by rapper Lil Wayne."
louvre_cleaned_2.txt,2018,DATE,33208,33212," by American rock band Panic! at the Disco. - The 2018 song ""Mona Lisa"" by rapper Lil Wayne. - The 2022 "
louvre_cleaned_2.txt,Lil Wayne,PERSON,33240,33249," the Disco. - The 2018 song ""Mona Lisa"" by rapper Lil Wayne. - The 2022 mystery film Glass Onion: A Knives Ou"
louvre_cleaned_2.txt,2022,DATE,33257,33261," 2018 song ""Mona Lisa"" by rapper Lil Wayne. - The 2022 mystery film Glass Onion: A Knives Out Mystery de"
louvre_cleaned_2.txt,Glass Onion: A Knives Out Mystery,WORK_OF_ART,33275,33308,"isa"" by rapper Lil Wayne. - The 2022 mystery film Glass Onion: A Knives Out Mystery depicts the destruction of the Mona Lisa, which h"
louvre_cleaned_2.txt,Lego,PERSON,33413,33417,en borrowed from its location by a billionaire. - Lego released a set called Mona Lisa 31213 as part of 
louvre_cleaned_2.txt,Mona Lisa 31213,PERSON,33440,33455,on by a billionaire. - Lego released a set called Mona Lisa 31213 as part of their Lego Art theme. The set includes
louvre_cleaned_2.txt,The Louvre Museum,ORG,33634,33651,"ny the Mona Lisa got ""stolen"" by the Minions from the Louvre museum and later ended up floating in the Seine river wa"
louvre_cleaned_2.txt,Seine,ORG,33687,33692, Louvre museum and later ended up floating in the Seine river waters.[169][170] Early versions and copies
louvre_cleaned_2.txt,Salaì Prado Museum La Gioconda,ORG,33786,33816,copies - Copy of Mona Lisa commonly attributed to Salaì Prado Museum La Gioconda A version of Mona Lisa known as Mujer de mano de 
louvre_cleaned_2.txt,Mujer De Mano De Leonardo Abince,ORG,33849,33881,"useum La Gioconda A version of Mona Lisa known as Mujer de mano de Leonardo Abince (""Woman by Leonardo da Vinci's hand"", Museo del P"
louvre_cleaned_2.txt,Museo Del Prado,GPE,33920,33935,"ardo Abince (""Woman by Leonardo da Vinci's hand"", Museo del Prado, Madrid) was for centuries considered to be a wor"
louvre_cleaned_2.txt,Madrid,GPE,33937,33943,"an by Leonardo da Vinci's hand"", Museo del Prado, Madrid) was for centuries considered to be a work by Leo"
louvre_cleaned_2.txt,Centuries,DATE,33953,33962,"a Vinci's hand"", Museo del Prado, Madrid) was for centuries considered to be a work by Leonardo. Since its re"
louvre_cleaned_2.txt,2012,DATE,34025,34029,"o be a work by Leonardo. Since its restoration in 2012, it is now thought to have been executed by one o"
louvre_cleaned_2.txt,Prado,GPE,34171,34176,ame time as Mona Lisa was being painted.[171] The Prado's conclusion that the painting is probably by Sal
louvre_cleaned_2.txt,2017,DATE,34507,34511,"d's first stereoscopic pair;[173][174] however, a 2017 report demonstrated that this stereoscopic pair i"
louvre_cleaned_2.txt,The Isleworth Mona Lisa,PERSON,34667,34690,rth Mona Lisa A version of the Mona Lisa known as the Isleworth Mona Lisa was first bought by an English nobleman in 1778 a
louvre_cleaned_2.txt,1778,DATE,34734,34738,"a Lisa was first bought by an English nobleman in 1778 and was rediscovered in 1913 by Hugh Blaker, an a"
louvre_cleaned_2.txt,Hugh Blaker,PERSON,34771,34782," nobleman in 1778 and was rediscovered in 1913 by Hugh Blaker, an art connoisseur. The painting was presented t"
louvre_cleaned_2.txt,Luke Syson,PERSON,35077,35087,"xperts, including Frank Zöllner, Martin Kemp, and Luke Syson denied the attribution to Leonardo;[178][179] pro"
louvre_cleaned_2.txt,Salvatore Lorusso,PERSON,35153,35170,"ibution to Leonardo;[178][179] professors such as Salvatore Lorusso, Andrea Natali,[180] and John F Asmus supported i"
louvre_cleaned_2.txt,Andrea,PERSON,35172,35178,";[178][179] professors such as Salvatore Lorusso, Andrea Natali,[180] and John F Asmus supported it;[181] "
louvre_cleaned_2.txt,John F Asmus,PERSON,35196,35208,"uch as Salvatore Lorusso, Andrea Natali,[180] and John F Asmus supported it;[181] others like Alessandro Vezzosi"
louvre_cleaned_2.txt,Carlo Pedretti,PERSON,35263,35277,orted it;[181] others like Alessandro Vezzosi and Carlo Pedretti were uncertain.[182] Hermitage Mona Lisa A versio
louvre_cleaned_2.txt,The Hermitage Museum,ORG,35368,35388, A version known as the Hermitage Mona Lisa is in the Hermitage Museum and it was made by an unknown 16th-century artist
louvre_cleaned_2.txt,Golden,PERSON,36042,36048, features of the golden ratio and reveals several Golden triangles as well as the Golden spiral. In Figure
louvre_cleaned_2.txt,Walter Isaacson.[190] See,ORG,36665,36690,sed the golden ratio in the painting according to Walter Isaacson.[190] See also - List of works by Leonardo da Vinci - List 
louvre_cleaned_2.txt,Leonardo Da Vinci - List,PERSON,36715,36739,Walter Isaacson.[190] See also - List of works by Leonardo da Vinci - List of most expensive paintings - List of stolen pain
louvre_cleaned_2.txt,Mona Lisa - Male Mona Lisa,PERSON,36816,36842,s - List of stolen paintings - Speculations about Mona Lisa - Male Mona Lisa theories - Two-Mona Lisa theory Footnotes - ^ /ˌm
louvre_cleaned_2.txt,ˈMɔnna,PERSON,36971,36977,talian: la Gioconda [la dʒoˈkonda] or Monna Lisa [ˈmɔnna ˈliːza]; French: la Joconde [la ʒɔkɔ̃d] - ^ Some 
louvre_cleaned_2.txt,Messer Lunardo Vinci,PERSON,37272,37292,"ver having completed a single work"".[75] - ^ ""... Messer Lunardo Vinci [sic] ... showed His Excellency three pictures, o"
louvre_cleaned_2.txt,Medici,PERSON,37546,37552, which no record and no copies exist—Giuliano de' Medici surely had nothing to do with the Mona Lisa—the p
louvre_cleaned_2.txt,St. Anne,GPE,37786,37794,"ce.""[89] - ^ Along with The Virgin and Child with St. Anne and St. John the Baptist References - ^ ""The Mona"
louvre_cleaned_2.txt,St.,GPE,37799,37802,"Along with The Virgin and Child with St. Anne and St. John the Baptist References - ^ ""The Mona Lisa's "
louvre_cleaned_2.txt,The Mona Lisa'S Twin Painting Discovered,WORK_OF_ART,37836,37876,"St. Anne and St. John the Baptist References - ^ ""The Mona Lisa's Twin Painting Discovered"". All Things Considered. 2 February 2012. Nationa"
louvre_cleaned_2.txt,February 2012,DATE,37904,37917,"in Painting Discovered"". All Things Considered. 2 February 2012. National Public Radio. The original Mona Lisa in"
louvre_cleaned_2.txt,National Public Radio,ORG,37919,37940,"covered"". All Things Considered. 2 February 2012. National Public Radio. The original Mona Lisa in the Louvre is difficul"
louvre_cleaned_2.txt,The Decades And The Centuries,DATE,38060,38089,"d with layers of varnish, which has darkened over the decades and the centuries, and even cracked', Bailey says - ^ ""Theft of the"
louvre_cleaned_2.txt,Bailey,PERSON,38110,38116,"the decades and the centuries, and even cracked', Bailey says - ^ ""Theft of the Mona Lisa"". Treasures of t"
louvre_cleaned_2.txt,Theft Of The Mona Lisa,WORK_OF_ART,38127,38149,"he centuries, and even cracked', Bailey says - ^ ""Theft of the Mona Lisa"". Treasures of the World. PBS. time has aged and "
louvre_cleaned_2.txt,Pbs,ORG,38176,38179,"""Theft of the Mona Lisa"". Treasures of the World. PBS. time has aged and darkened her complexion. {{cit"
louvre_cleaned_2.txt,Sassoon,ORG,38297,38304,"maint: deprecated archival service (link) - ^ a b Sassoon, Donald (2001). Mona Lisa: The History of the Wor"
louvre_cleaned_2.txt,Donald,PERSON,38306,38312,"precated archival service (link) - ^ a b Sassoon, Donald (2001). Mona Lisa: The History of the World's Mos"
louvre_cleaned_2.txt,World,WORK_OF_ART,38351,38356,"oon, Donald (2001). Mona Lisa: The History of the World's Most Famous Painting. HarperCollins. p. 10. ISB"
louvre_cleaned_2.txt,The Sixteenth Century,DATE,38525,38546,"d partly to the darkening of a varnish applied in the sixteenth century. - ^ ""The Theft That Made Mona Lisa a Masterpiece"
louvre_cleaned_2.txt,The Theft That Made Mona Lisa,WORK_OF_ART,38553,38582," a varnish applied in the sixteenth century. - ^ ""The Theft That Made Mona Lisa a Masterpiece"". All Things Considered. 30 July 20"
louvre_cleaned_2.txt,30 July 2011,DATE,38622,38634," Mona Lisa a Masterpiece"". All Things Considered. 30 July 2011. NPR. Retrieved 15 February 2019. - ^ Sassoon, Do"
louvre_cleaned_2.txt,Npr,ORG,38636,38639,"asterpiece"". All Things Considered. 30 July 2011. NPR. Retrieved 15 February 2019. - ^ Sassoon, Donald "
louvre_cleaned_2.txt,15 February 2019,DATE,38651,38667,"l Things Considered. 30 July 2011. NPR. Retrieved 15 February 2019. - ^ Sassoon, Donald (21 September 2001). ""Why I "
louvre_cleaned_2.txt,21 September 2001,DATE,38690,38707," Retrieved 15 February 2019. - ^ Sassoon, Donald (21 September 2001). ""Why I think Mona Lisa became an icon"". Times H"
louvre_cleaned_2.txt,Times Higher Education,ORG,38750,38772,"er 2001). ""Why I think Mona Lisa became an icon"". Times Higher Education. - ^ Lichfield, John (1 April 2005). ""The Moving "
louvre_cleaned_2.txt,Lichfield,GPE,38778,38787,"Lisa became an icon"". Times Higher Education. - ^ Lichfield, John (1 April 2005). ""The Moving of the Mona Lis"
louvre_cleaned_2.txt,John,PERSON,38789,38793," an icon"". Times Higher Education. - ^ Lichfield, John (1 April 2005). ""The Moving of the Mona Lisa"". Th"
louvre_cleaned_2.txt,1 April 2005,DATE,38795,38807,"on"". Times Higher Education. - ^ Lichfield, John (1 April 2005). ""The Moving of the Mona Lisa"". The Independent."
louvre_cleaned_2.txt,The Moving Of The Mona Lisa,WORK_OF_ART,38811,38838,"r Education. - ^ Lichfield, John (1 April 2005). ""The Moving of the Mona Lisa"". The Independent. London. Archived from the orig"
louvre_cleaned_2.txt,London,GPE,38858,38864,". ""The Moving of the Mona Lisa"". The Independent. London. Archived from the original on 9 November 2016. -"
louvre_cleaned_2.txt,9 November 2016,DATE,38896,38911,"ndependent. London. Archived from the original on 9 November 2016. - ^ Cohen, Philip (23 June 2004). ""Noisy secret "
louvre_cleaned_2.txt,Cohen,PERSON,38917,38922,"rchived from the original on 9 November 2016. - ^ Cohen, Philip (23 June 2004). ""Noisy secret of Mona Lis"
louvre_cleaned_2.txt,Philip,PERSON,38924,38930," from the original on 9 November 2016. - ^ Cohen, Philip (23 June 2004). ""Noisy secret of Mona Lisa's"". Ne"
louvre_cleaned_2.txt,23 June 2004,DATE,38932,38944,"e original on 9 November 2016. - ^ Cohen, Philip (23 June 2004). ""Noisy secret of Mona Lisa's"". New Scientist. A"
louvre_cleaned_2.txt,Noisy,PERSON,38948,38953,"November 2016. - ^ Cohen, Philip (23 June 2004). ""Noisy secret of Mona Lisa's"". New Scientist. Archived f"
louvre_cleaned_2.txt,New Scientist,ORG,38978,38991,"ip (23 June 2004). ""Noisy secret of Mona Lisa's"". New Scientist. Archived from the original on 23 April 2008. Ret"
louvre_cleaned_2.txt,23 April 2008,DATE,39023,39036,"'s"". New Scientist. Archived from the original on 23 April 2008. Retrieved 27 April 2008. - ^ a b ""Mona Lisa – Po"
louvre_cleaned_2.txt,27 April 2008,DATE,39048,39061,"ved from the original on 23 April 2008. Retrieved 27 April 2008. - ^ a b ""Mona Lisa – Portrait of Lisa Gherardini"
louvre_cleaned_2.txt,Lisa Gherardini,PERSON,39096,39111,"d 27 April 2008. - ^ a b ""Mona Lisa – Portrait of Lisa Gherardini, wife of Francesco del Giocondo"". Louvre. Archive"
louvre_cleaned_2.txt,30 July 2014,DATE,39184,39196," Giocondo"". Louvre. Archived from the original on 30 July 2014. Retrieved 11 March 2012. - ^ ""Mona Lisa – Heidel"
louvre_cleaned_2.txt,11 March 2012,DATE,39208,39221,"ived from the original on 30 July 2014. Retrieved 11 March 2012. - ^ ""Mona Lisa – Heidelberger find clarifies ide"
louvre_cleaned_2.txt,Library Heidelberg,PERSON,39290,39308,"Heidelberger find clarifies identity"". University Library Heidelberg. Archived from the original on 8 May 2011. Retrie"
louvre_cleaned_2.txt,8 May 2011,DATE,39340,39350,"Library Heidelberg. Archived from the original on 8 May 2011. Retrieved 15 January 2008. - ^ Uzielli, Luca; Gr"
louvre_cleaned_2.txt,15 January 2008,DATE,39362,39377,"chived from the original on 8 May 2011. Retrieved 15 January 2008. - ^ Uzielli, Luca; Gril, Joseph; Cocchi, Linda; "
louvre_cleaned_2.txt,Uzielli,PERSON,39383,39390,"nal on 8 May 2011. Retrieved 15 January 2008. - ^ Uzielli, Luca; Gril, Joseph; Cocchi, Linda; Colmars, Juli"
louvre_cleaned_2.txt,Joseph,PERSON,39404,39410,"trieved 15 January 2008. - ^ Uzielli, Luca; Gril, Joseph; Cocchi, Linda; Colmars, Julien; Dionisi Vici, Pa"
louvre_cleaned_2.txt,Cocchi,GPE,39412,39418,"15 January 2008. - ^ Uzielli, Luca; Gril, Joseph; Cocchi, Linda; Colmars, Julien; Dionisi Vici, Paolo; et "
louvre_cleaned_2.txt,Linda,PERSON,39420,39425,"ry 2008. - ^ Uzielli, Luca; Gril, Joseph; Cocchi, Linda; Colmars, Julien; Dionisi Vici, Paolo; et al. (Ju"
louvre_cleaned_2.txt,Julien,PERSON,39436,39442,"elli, Luca; Gril, Joseph; Cocchi, Linda; Colmars, Julien; Dionisi Vici, Paolo; et al. (July 2011). Experim"
louvre_cleaned_2.txt,Dionisi Vici,PERSON,39444,39456,"ca; Gril, Joseph; Cocchi, Linda; Colmars, Julien; Dionisi Vici, Paolo; et al. (July 2011). Experimental studies "
louvre_cleaned_2.txt,Paolo,GPE,39458,39463,"ph; Cocchi, Linda; Colmars, Julien; Dionisi Vici, Paolo; et al. (July 2011). Experimental studies on the "
louvre_cleaned_2.txt,Al,PERSON,39468,39470,", Linda; Colmars, Julien; Dionisi Vici, Paolo; et al. (July 2011). Experimental studies on the wooden "
louvre_cleaned_2.txt,July 2011,DATE,39473,39482,"da; Colmars, Julien; Dionisi Vici, Paolo; et al. (July 2011). Experimental studies on the wooden support of t"
louvre_cleaned_2.txt,The Safeguard Of Cultural Heritage,WORK_OF_ART,39548,39582,"studies on the wooden support of the ""Mona Lisa"". The Safeguard of Cultural Heritage. A Challenge From the Past for the Europe of Tomo"
louvre_cleaned_2.txt,1 July 2024,DATE,39691,39702,"T strategic workshop. Florence. p. 367. Retrieved 1 July 2024. - ^ ""Was the 'Mona Lisa' Leonardo's Male Lover?"""
louvre_cleaned_2.txt,Mona Lisa',PERSON,39718,39728,"nce. p. 367. Retrieved 1 July 2024. - ^ ""Was the 'Mona Lisa' Leonardo's Male Lover?"". Artnet News. 22 April 20"
louvre_cleaned_2.txt,Male Lover,PERSON,39740,39750," 1 July 2024. - ^ ""Was the 'Mona Lisa' Leonardo's Male Lover?"". Artnet News. 22 April 2016. Retrieved 20 May 2"
louvre_cleaned_2.txt,Artnet News,ORG,39754,39765,"- ^ ""Was the 'Mona Lisa' Leonardo's Male Lover?"". Artnet News. 22 April 2016. Retrieved 20 May 2021. - ^ a b Ca"
louvre_cleaned_2.txt,22 April 2016,DATE,39767,39780,"'Mona Lisa' Leonardo's Male Lover?"". Artnet News. 22 April 2016. Retrieved 20 May 2021. - ^ a b Carrier, David (2"
louvre_cleaned_2.txt,20 May 2021,DATE,39792,39803,"le Lover?"". Artnet News. 22 April 2016. Retrieved 20 May 2021. - ^ a b Carrier, David (2006). Museum Skepticism"
louvre_cleaned_2.txt,David,PERSON,39822,39827,"ril 2016. Retrieved 20 May 2021. - ^ a b Carrier, David (2006). Museum Skepticism: A History of the Displ"
louvre_cleaned_2.txt,2006,DATE,39829,39833,"6. Retrieved 20 May 2021. - ^ a b Carrier, David (2006). Museum Skepticism: A History of the Display of "
louvre_cleaned_2.txt,The Display Of Art In Public Galleries,ORG,39868,39906,"er, David (2006). Museum Skepticism: A History of the Display of Art in Public Galleries. Duke University Press. p. 35. ISBN 978-0-8223-36"
louvre_cleaned_2.txt,Duke University Press,ORG,39908,39929,istory of the Display of Art in Public Galleries. Duke University Press. p. 35. ISBN 978-0-8223-3694-5. - ^ a b c Charney
louvre_cleaned_2.txt,Charney,GPE,39972,39979,"y Press. p. 35. ISBN 978-0-8223-3694-5. - ^ a b c Charney, N.; Fincham, D.; Charney, U. (2011). The Thefts "
louvre_cleaned_2.txt,N.,ORG,39981,39983,"p. 35. ISBN 978-0-8223-3694-5. - ^ a b c Charney, N.; Fincham, D.; Charney, U. (2011). The Thefts of t"
louvre_cleaned_2.txt,Fincham,GPE,39985,39992,"5. ISBN 978-0-8223-3694-5. - ^ a b c Charney, N.; Fincham, D.; Charney, U. (2011). The Thefts of the Mona L"
louvre_cleaned_2.txt,Arca Publications,ORG,40093,40110,sa: On Stealing the World's Most Famous Painting. Arca Publications. ISBN 978-0-615-51902-9. Retrieved 4 November 202
louvre_cleaned_2.txt,November 2022,DATE,40148,40161,"Publications. ISBN 978-0-615-51902-9. Retrieved 4 November 2022. - ^ ""Highest insurance valuation for a painting"""
louvre_cleaned_2.txt,Guinness World Records,ORG,40213,40235,"- ^ ""Highest insurance valuation for a painting"". Guinness World Records. Retrieved 25 July 2017. - ^ ""Value of 1962 US Do"
louvre_cleaned_2.txt,25 July 2017,DATE,40247,40259,"or a painting"". Guinness World Records. Retrieved 25 July 2017. - ^ ""Value of 1962 US Dollars today – Inflation "
louvre_cleaned_2.txt,1962,DATE,40275,40279,"ld Records. Retrieved 25 July 2017. - ^ ""Value of 1962 US Dollars today – Inflation Calculator"". www.inf"
louvre_cleaned_2.txt,Today,DATE,40291,40296,"ieved 25 July 2017. - ^ ""Value of 1962 US Dollars today – Inflation Calculator"". www.inflationtool.com. -"
louvre_cleaned_2.txt,Reuters,ORG,40402,40409,"rman experts crack the ID of 'Mona Lisa'"". Today. Reuters. 14 January 2008. Retrieved 21 August 2020. - ^ N"
louvre_cleaned_2.txt,14 January 2008,DATE,40411,40426,"rts crack the ID of 'Mona Lisa'"". Today. Reuters. 14 January 2008. Retrieved 21 August 2020. - ^ Nizza, Mike (15 Ja"
louvre_cleaned_2.txt,21 August 2020,DATE,40438,40452,"isa'"". Today. Reuters. 14 January 2008. Retrieved 21 August 2020. - ^ Nizza, Mike (15 January 2008). ""Mona Lisa's "
louvre_cleaned_2.txt,Nizza,GPE,40458,40463,"s. 14 January 2008. Retrieved 21 August 2020. - ^ Nizza, Mike (15 January 2008). ""Mona Lisa's Identity, S"
louvre_cleaned_2.txt,Mike,PERSON,40465,40469,"anuary 2008. Retrieved 21 August 2020. - ^ Nizza, Mike (15 January 2008). ""Mona Lisa's Identity, Solved "
louvre_cleaned_2.txt,"Identity, Solved For Good",ORG,40502,40527,". - ^ Nizza, Mike (15 January 2008). ""Mona Lisa's Identity, Solved for Good?"". The New York Times. ISSN 1553-8095. Retrieved "
louvre_cleaned_2.txt,The New York Times,ORG,40531,40549," 2008). ""Mona Lisa's Identity, Solved for Good?"". The New York Times. ISSN 1553-8095. Retrieved 15 January 2008. - ^ a"
louvre_cleaned_2.txt,Issn,ORG,40551,40555," Identity, Solved for Good?"". The New York Times. ISSN 1553-8095. Retrieved 15 January 2008. - ^ a b Ita"
louvre_cleaned_2.txt,1553-8095,DATE,40556,40565,"tity, Solved for Good?"". The New York Times. ISSN 1553-8095. Retrieved 15 January 2008. - ^ a b Italian: Pres"
louvre_cleaned_2.txt,1879,DATE,40704,40708,"condo il ritratto di monna Lisa sua moglie Vasari 1879, p. 39 - ^ a b Clark, Kenneth (March 1973). ""Mona"
louvre_cleaned_2.txt,Clark,PERSON,40724,40729," monna Lisa sua moglie Vasari 1879, p. 39 - ^ a b Clark, Kenneth (March 1973). ""Mona Lisa"". The Burlingto"
louvre_cleaned_2.txt,Kenneth,PERSON,40731,40738,"Lisa sua moglie Vasari 1879, p. 39 - ^ a b Clark, Kenneth (March 1973). ""Mona Lisa"". The Burlington Magazin"
louvre_cleaned_2.txt,March 1973,DATE,40740,40750,"moglie Vasari 1879, p. 39 - ^ a b Clark, Kenneth (March 1973). ""Mona Lisa"". The Burlington Magazine. 115 (840)"
louvre_cleaned_2.txt,The Burlington Magazine,ORG,40766,40789,"- ^ a b Clark, Kenneth (March 1973). ""Mona Lisa"". The Burlington Magazine. 115 (840): 144–151. ISSN 0007-6287. JSTOR 877242"
louvre_cleaned_2.txt,0007-6287,DATE,40816,40825,"The Burlington Magazine. 115 (840): 144–151. ISSN 0007-6287. JSTOR 877242. - ^ ""Giorgio Vasari – Leonardo e l"
louvre_cleaned_2.txt,2021,DATE,40923,40927," la Gioconda"". Libri antichi online (in Italian). 2021. Retrieved 15 November 2021. - ^ ""Mona"". Garzanti"
louvre_cleaned_2.txt,15 November 2021,DATE,40939,40955,"ibri antichi online (in Italian). 2021. Retrieved 15 November 2021. - ^ ""Mona"". Garzanti Linguistica. 2013. Retrieve"
louvre_cleaned_2.txt,Mona,PERSON,40962,40966," Italian). 2021. Retrieved 15 November 2021. - ^ ""Mona"". Garzanti Linguistica. 2013. Retrieved 5 Decembe"
louvre_cleaned_2.txt,Garzanti Linguistica,PERSON,40969,40989,"n). 2021. Retrieved 15 November 2021. - ^ ""Mona"". Garzanti Linguistica. 2013. Retrieved 5 December 2024. - ^ ""Mona – Par"
louvre_cleaned_2.txt,December 2024,DATE,41009,41022,"^ ""Mona"". Garzanti Linguistica. 2013. Retrieved 5 December 2024. - ^ ""Mona – Parola, significato e traduzione"". D"
louvre_cleaned_2.txt,Dizionario Italiano,PERSON,41071,41090,"4. - ^ ""Mona – Parola, significato e traduzione"". Dizionario Italiano online Hoepli (in Italian). 2018. Retrieved 5 Dec"
louvre_cleaned_2.txt,Hoepli,ORG,41098,41104,"ificato e traduzione"". Dizionario Italiano online Hoepli (in Italian). 2018. Retrieved 5 December 2024. - "
louvre_cleaned_2.txt,Collins Online Dictionary,ORG,41190,41215,"ember 2024. - ^ ""Mona – Definizione significato"". Collins Online Dictionary (in Italian). 2024. Retrieved 5 December 2024. - "
louvre_cleaned_2.txt,Gioconda,PERSON,41272,41280,"alian). 2024. Retrieved 5 December 2024. - ^ a b ""Gioconda o Monna Lisa"". Museo Leonardo Da Vinci Experience"
louvre_cleaned_2.txt,Museo Leonardo Da Vinci,PERSON,41296,41319,"5 December 2024. - ^ a b ""Gioconda o Monna Lisa"". Museo Leonardo Da Vinci Experience (in Italian). 2022. Retrieved 5 Novemb"
louvre_cleaned_2.txt,November 2024,DATE,41363,41376," Vinci Experience (in Italian). 2022. Retrieved 5 November 2024. - ^ a b c d Kemp 2006, pp. 261–262 - ^ Farago 19"
louvre_cleaned_2.txt,Pp,GPE,41401,41403,"Retrieved 5 November 2024. - ^ a b c d Kemp 2006, pp. 261–262 - ^ Farago 1999, p. 123 - ^ a b Bartz & "
louvre_cleaned_2.txt,1999,DATE,41424,41428,"24. - ^ a b c d Kemp 2006, pp. 261–262 - ^ Farago 1999, p. 123 - ^ a b Bartz & König 2001, p. 626. - ^ a"
louvre_cleaned_2.txt,Bartz & König,ORG,41445,41458,"2006, pp. 261–262 - ^ Farago 1999, p. 123 - ^ a b Bartz & König 2001, p. 626. - ^ a b c d Kemp, Martin; Pallanti,"
louvre_cleaned_2.txt,Martin,ORG,41491,41497,"a b Bartz & König 2001, p. 626. - ^ a b c d Kemp, Martin; Pallanti, Giuseppe (2017). Mona Lisa: The people"
louvre_cleaned_2.txt,Giuseppe,PERSON,41509,41517,"2001, p. 626. - ^ a b c d Kemp, Martin; Pallanti, Giuseppe (2017). Mona Lisa: The people and the painting. O"
louvre_cleaned_2.txt,Oxford,ORG,41566,41572,e (2017). Mona Lisa: The people and the painting. Oxford: Oxford University Press. p. 113. ISBN 978-0-19-8
louvre_cleaned_2.txt,Oxford University Press,ORG,41574,41597,". Mona Lisa: The people and the painting. Oxford: Oxford University Press. p. 113. ISBN 978-0-19-874990-5. - ^ a b ""Mona Li"
louvre_cleaned_2.txt,University Of Heidelberg,ORG,41693,41717,"a Lisa – Heidelberg discovery confirms identity"". University of Heidelberg. Archived from the original on 5 November 2013. R"
louvre_cleaned_2.txt,5 November 2013,DATE,41749,41764,"sity of Heidelberg. Archived from the original on 5 November 2013. Retrieved 4 July 2010. - ^ a b Delieuvin, Vincen"
louvre_cleaned_2.txt,4 July 2010,DATE,41776,41787,"d from the original on 5 November 2013. Retrieved 4 July 2010. - ^ a b Delieuvin, Vincent (15 January 2008). ""T"
louvre_cleaned_2.txt,Delieuvin,PERSON,41797,41806,"n 5 November 2013. Retrieved 4 July 2010. - ^ a b Delieuvin, Vincent (15 January 2008). ""Télématin"". Journal "
louvre_cleaned_2.txt,Vincent,PERSON,41808,41815,"r 2013. Retrieved 4 July 2010. - ^ a b Delieuvin, Vincent (15 January 2008). ""Télématin"". Journal Télévisé."
louvre_cleaned_2.txt,Télématin,ORG,41836,41845,"0. - ^ a b Delieuvin, Vincent (15 January 2008). ""Télématin"". Journal Télévisé. France 2 Télévision. - ^ Zöll"
louvre_cleaned_2.txt,Journal Télévisé,PERSON,41848,41864,"elieuvin, Vincent (15 January 2008). ""Télématin"". Journal Télévisé. France 2 Télévision. - ^ Zöllner 2019, p. 241 - "
louvre_cleaned_2.txt,Zöllner 2019,PERSON,41891,41903,"atin"". Journal Télévisé. France 2 Télévision. - ^ Zöllner 2019, p. 241 - ^ Stites, Raymond S. (January 1936). ""M"
louvre_cleaned_2.txt,Raymond S.,PERSON,41924,41934," Télévision. - ^ Zöllner 2019, p. 241 - ^ Stites, Raymond S. (January 1936). ""Mona Lisa – Monna Bella"". Parnas"
louvre_cleaned_2.txt,January 1936,DATE,41936,41948," - ^ Zöllner 2019, p. 241 - ^ Stites, Raymond S. (January 1936). ""Mona Lisa – Monna Bella"". Parnassus. 8 (1): 7–"
louvre_cleaned_2.txt,Monna Bella,PERSON,41964,41975,"^ Stites, Raymond S. (January 1936). ""Mona Lisa – Monna Bella"". Parnassus. 8 (1): 7–10, 22–23. doi:10.2307/7711"
louvre_cleaned_2.txt,7–10,DATE,41996,42000,"36). ""Mona Lisa – Monna Bella"". Parnassus. 8 (1): 7–10, 22–23. doi:10.2307/771197. JSTOR 771197. - ^ a b"
louvre_cleaned_2.txt,22–23.,DATE,42002,42008,"Mona Lisa – Monna Bella"". Parnassus. 8 (1): 7–10, 22–23. doi:10.2307/771197. JSTOR 771197. - ^ a b Wilson "
louvre_cleaned_2.txt,771197,DATE,42035,42041,"us. 8 (1): 7–10, 22–23. doi:10.2307/771197. JSTOR 771197. - ^ a b Wilson 2000, pp. 364–366 - ^ Debelle, Pe"
louvre_cleaned_2.txt,2000,DATE,42058,42062," doi:10.2307/771197. JSTOR 771197. - ^ a b Wilson 2000, pp. 364–366 - ^ Debelle, Penelope (25 June 2004)"
louvre_cleaned_2.txt,Debelle,GPE,42080,42087,"STOR 771197. - ^ a b Wilson 2000, pp. 364–366 - ^ Debelle, Penelope (25 June 2004). ""Behind that secret smi"
louvre_cleaned_2.txt,Penelope,GPE,42089,42097,"97. - ^ a b Wilson 2000, pp. 364–366 - ^ Debelle, Penelope (25 June 2004). ""Behind that secret smile"". The A"
louvre_cleaned_2.txt,25 June 2004,DATE,42099,42111,"b Wilson 2000, pp. 364–366 - ^ Debelle, Penelope (25 June 2004). ""Behind that secret smile"". The Age. Melbourne."
louvre_cleaned_2.txt,25 November 2013,DATE,42192,42208,"The Age. Melbourne. Archived from the original on 25 November 2013. Retrieved 6 October 2007. - ^ Johnston, Bruce (8"
louvre_cleaned_2.txt,6 October 2007,DATE,42220,42234," from the original on 25 November 2013. Retrieved 6 October 2007. - ^ Johnston, Bruce (8 January 2004). ""Riddle of"
louvre_cleaned_2.txt,Johnston,GPE,42240,42248,"n 25 November 2013. Retrieved 6 October 2007. - ^ Johnston, Bruce (8 January 2004). ""Riddle of Mona Lisa is "
louvre_cleaned_2.txt,Bruce,PERSON,42250,42255,"ber 2013. Retrieved 6 October 2007. - ^ Johnston, Bruce (8 January 2004). ""Riddle of Mona Lisa is finally"
louvre_cleaned_2.txt,8 January 2004,DATE,42257,42271,"3. Retrieved 6 October 2007. - ^ Johnston, Bruce (8 January 2004). ""Riddle of Mona Lisa is finally solved: she was"
louvre_cleaned_2.txt,The Daily Telegraph,ORG,42343,42362,"a is finally solved: she was the mother of five"". The Daily Telegraph. London. Archived from the original on 11 October"
louvre_cleaned_2.txt,11 October 2007,DATE,42402,42417," Telegraph. London. Archived from the original on 11 October 2007. Retrieved 6 October 2007. - ^ Nicholl, Charles ("
louvre_cleaned_2.txt,Nicholl,PERSON,42449,42456,"on 11 October 2007. Retrieved 6 October 2007. - ^ Nicholl, Charles (28 March 2002). ""The myth of the Mona L"
louvre_cleaned_2.txt,Charles,PERSON,42458,42465,"ober 2007. Retrieved 6 October 2007. - ^ Nicholl, Charles (28 March 2002). ""The myth of the Mona Lisa"". The"
louvre_cleaned_2.txt,28 March 2002,DATE,42467,42480,". Retrieved 6 October 2007. - ^ Nicholl, Charles (28 March 2002). ""The myth of the Mona Lisa"". The Guardian. ISSN"
louvre_cleaned_2.txt,Guardian,ORG,42516,42524,"(28 March 2002). ""The myth of the Mona Lisa"". The Guardian. ISSN 1756-3224. Archived from the original on 5 "
louvre_cleaned_2.txt,1756-3224,DATE,42531,42540,". ""The myth of the Mona Lisa"". The Guardian. ISSN 1756-3224. Archived from the original on 5 September 2008. "
louvre_cleaned_2.txt,5 September 2008,DATE,42572,42588,"an. ISSN 1756-3224. Archived from the original on 5 September 2008. Retrieved 6 October 2007. - ^ a b Chaundy, Bob ("
louvre_cleaned_2.txt,Chaundy,PERSON,42624,42631,"September 2008. Retrieved 6 October 2007. - ^ a b Chaundy, Bob (29 September 2006). ""Faces of the Week"". BB"
louvre_cleaned_2.txt,Bob,PERSON,42633,42636," 2008. Retrieved 6 October 2007. - ^ a b Chaundy, Bob (29 September 2006). ""Faces of the Week"". BBC. Ar"
louvre_cleaned_2.txt,September 2006,DATE,42641,42655,"etrieved 6 October 2007. - ^ a b Chaundy, Bob (29 September 2006). ""Faces of the Week"". BBC. Archived from the ori"
louvre_cleaned_2.txt,Faces Of The Week,WORK_OF_ART,42659,42676," 2007. - ^ a b Chaundy, Bob (29 September 2006). ""Faces of the Week"". BBC. Archived from the original on 3 August 201"
louvre_cleaned_2.txt,Bbc,ORG,42679,42682,"dy, Bob (29 September 2006). ""Faces of the Week"". BBC. Archived from the original on 3 August 2014. Ret"
louvre_cleaned_2.txt,3 August 2014,DATE,42714,42727," of the Week"". BBC. Archived from the original on 3 August 2014. Retrieved 5 October 2007. - ^ Kington, Tom (9 Ja"
louvre_cleaned_2.txt,October 2007,DATE,42741,42753,"d from the original on 3 August 2014. Retrieved 5 October 2007. - ^ Kington, Tom (9 January 2011). ""Mona Lisa ba"
louvre_cleaned_2.txt,Kington,GPE,42759,42766,"l on 3 August 2014. Retrieved 5 October 2007. - ^ Kington, Tom (9 January 2011). ""Mona Lisa backdrop depict"
louvre_cleaned_2.txt,Tom,PERSON,42768,42771,"gust 2014. Retrieved 5 October 2007. - ^ Kington, Tom (9 January 2011). ""Mona Lisa backdrop depicts Ita"
louvre_cleaned_2.txt,9 January 2011,DATE,42773,42787,"2014. Retrieved 5 October 2007. - ^ Kington, Tom (9 January 2011). ""Mona Lisa backdrop depicts Italian town of Bob"
louvre_cleaned_2.txt,Bobbio,GPE,42834,42840,"011). ""Mona Lisa backdrop depicts Italian town of Bobbio, claims art historian"". The Guardian. ISSN 1756-3"
louvre_cleaned_2.txt,Jack,PERSON,42939,42943,"3224. Retrieved 5 December 2024. - ^ a b Spector, Jack (1 April 1968). ""Freud and Ducham: The Mona Lisa "
louvre_cleaned_2.txt,1 April 1968,DATE,42945,42957,"Retrieved 5 December 2024. - ^ a b Spector, Jack (1 April 1968). ""Freud and Ducham: The Mona Lisa 'Exposed'"". Ar"
louvre_cleaned_2.txt,Freud And Ducham: The Mona Lisa 'Exposed',WORK_OF_ART,42961,43002,"mber 2024. - ^ a b Spector, Jack (1 April 1968). ""Freud and Ducham: The Mona Lisa 'Exposed'"". Artforum. Retrieved 5 December 2024. - ^ a b c "
louvre_cleaned_2.txt,Archives,ORG,43130,43138," Attack Leonardo's 'Mona Lisa,' in 1963: From the Archives"". ARTnews.com. 23 October 2019. Retrieved 5 Decem"
louvre_cleaned_2.txt,23 October 2019,DATE,43154,43169," Lisa,' in 1963: From the Archives"". ARTnews.com. 23 October 2019. Retrieved 5 December 2024. - ^ Kobbé, Gustav (19"
louvre_cleaned_2.txt,Kobbé,ORG,43202,43207,". 23 October 2019. Retrieved 5 December 2024. - ^ Kobbé, Gustav (1916). ""The Smile of the 'Mona Lisa'"". T"
louvre_cleaned_2.txt,Gustav,PERSON,43209,43215,"tober 2019. Retrieved 5 December 2024. - ^ Kobbé, Gustav (1916). ""The Smile of the 'Mona Lisa'"". The Lotus"
louvre_cleaned_2.txt,1916,DATE,43217,43221,"19. Retrieved 5 December 2024. - ^ Kobbé, Gustav (1916). ""The Smile of the 'Mona Lisa'"". The Lotus Magaz"
louvre_cleaned_2.txt,The Smile Of The 'Mona Lisa',WORK_OF_ART,43225,43253,"ieved 5 December 2024. - ^ Kobbé, Gustav (1916). ""The Smile of the 'Mona Lisa'"". The Lotus Magazine. 8 (2): 67–74. JSTOR 2054378"
louvre_cleaned_2.txt,The Lotus Magazine,ORG,43256,43274,"é, Gustav (1916). ""The Smile of the 'Mona Lisa'"". The Lotus Magazine. 8 (2): 67–74. JSTOR 20543781. - ^ Prisco, Salvat"
louvre_cleaned_2.txt,20543781,DATE,43296,43304,"a Lisa'"". The Lotus Magazine. 8 (2): 67–74. JSTOR 20543781. - ^ Prisco, Salvatore (9 January 1987). ""Opinion"
louvre_cleaned_2.txt,Prisco,ORG,43310,43316,"Lotus Magazine. 8 (2): 67–74. JSTOR 20543781. - ^ Prisco, Salvatore (9 January 1987). ""Opinion | Couldn't "
louvre_cleaned_2.txt,Salvatore,PERSON,43318,43327,"gazine. 8 (2): 67–74. JSTOR 20543781. - ^ Prisco, Salvatore (9 January 1987). ""Opinion | Couldn't 'Mona Lisa'"
louvre_cleaned_2.txt,9 January 1987,DATE,43329,43343,"2): 67–74. JSTOR 20543781. - ^ Prisco, Salvatore (9 January 1987). ""Opinion | Couldn't 'Mona Lisa' Just Stay a Mys"
louvre_cleaned_2.txt,10 July 2022,DATE,43447,43459,"?"". The New York Times. ISSN 1553-8095. Retrieved 10 July 2022. - ^ a b Greenberger, Alex (23 October 2019). ""Sa"
louvre_cleaned_2.txt,Alex,PERSON,43482,43486,"095. Retrieved 10 July 2022. - ^ a b Greenberger, Alex (23 October 2019). ""Salvador Dalí on Why People A"
louvre_cleaned_2.txt,Artnews,ORG,43595,43602,"nardo's 'Mona Lisa,' in 1963: From the Archives"". ARTnews. Retrieved 2 December 2024. - ^ a b Zöllner, Fran"
louvre_cleaned_2.txt,2 December 2024,DATE,43614,43629,"' in 1963: From the Archives"". ARTnews. Retrieved 2 December 2024. - ^ a b Zöllner, Frank (2000). Leonardo Da Vinci"
louvre_cleaned_2.txt,Frank,PERSON,43648,43653,"news. Retrieved 2 December 2024. - ^ a b Zöllner, Frank (2000). Leonardo Da Vinci, 1452–1519. Taschen. IS"
louvre_cleaned_2.txt,1452–1519,DATE,43681,43690,"- ^ a b Zöllner, Frank (2000). Leonardo Da Vinci, 1452–1519. Taschen. ISBN 978-3-8228-5979-7. - ^ ""E.H. Gombr"
louvre_cleaned_2.txt,E.H. Gombrich,PERSON,43730,43743," 1452–1519. Taschen. ISBN 978-3-8228-5979-7. - ^ ""E.H. Gombrich, The Story of Art"". Artchive.com. Archived from t"
louvre_cleaned_2.txt,The Story Of Art,WORK_OF_ART,43745,43761,"chen. ISBN 978-3-8228-5979-7. - ^ ""E.H. Gombrich, The Story of Art"". Artchive.com. Archived from the original on 3 J"
louvre_cleaned_2.txt,Artchive.Com,ORG,43764,43776,"28-5979-7. - ^ ""E.H. Gombrich, The Story of Art"". Artchive.com. Archived from the original on 3 June 2013. Retri"
louvre_cleaned_2.txt,3 June 2013,DATE,43808,43819,"Art"". Artchive.com. Archived from the original on 3 June 2013. Retrieved 3 June 2013. - ^ Zöllner, Frank. ""Leon"
louvre_cleaned_2.txt,Mona Lisa Del Giocondo,PERSON,43888,43910,"2013. - ^ Zöllner, Frank. ""Leonardo's Portrait of Mona Lisa del Giocondo"" (PDF). p. 16. Archived (PDF) from the original o"
louvre_cleaned_2.txt,Pdf,ORG,43913,43916," ""Leonardo's Portrait of Mona Lisa del Giocondo"" (PDF). p. 16. Archived (PDF) from the original on 1 Oc"
louvre_cleaned_2.txt,1 October 2014,DATE,43962,43976,(PDF). p. 16. Archived (PDF) from the original on 1 October 2014. - ^ a b Woods-Marsden p. 77 n. 100 - ^ Farago 19
louvre_cleaned_2.txt,Campbell,ORG,44041,44049,"-Marsden p. 77 n. 100 - ^ Farago 1999, p. 372 - ^ Campbell, Lorne, Renaissance Portraits, European Portrait-"
louvre_cleaned_2.txt,Lorne,ORG,44051,44056,". 77 n. 100 - ^ Farago 1999, p. 372 - ^ Campbell, Lorne, Renaissance Portraits, European Portrait-Paintin"
louvre_cleaned_2.txt,Renaissance Portraits,ORG,44058,44079," 100 - ^ Farago 1999, p. 372 - ^ Campbell, Lorne, Renaissance Portraits, European Portrait-Painting in the 14th, 15th and"
louvre_cleaned_2.txt,European Portrait-Painting,ORG,44081,44107,". 372 - ^ Campbell, Lorne, Renaissance Portraits, European Portrait-Painting in the 14th, 15th and 16th Centuries, pp. 120–124"
louvre_cleaned_2.txt,"The 14Th, 15Th And 16Th Centuries",DATE,44111,44144,"aissance Portraits, European Portrait-Painting in the 14th, 15th and 16th Centuries, pp. 120–124, 1990, Yale, ISBN 0300046758 - ^ a b"
louvre_cleaned_2.txt,"120–124, 1990",DATE,44150,44163,"ainting in the 14th, 15th and 16th Centuries, pp. 120–124, 1990, Yale, ISBN 0300046758 - ^ a b Alberge, Dalya (11"
louvre_cleaned_2.txt,Yale,ORG,44165,44169,"14th, 15th and 16th Centuries, pp. 120–124, 1990, Yale, ISBN 0300046758 - ^ a b Alberge, Dalya (11 May 2"
louvre_cleaned_2.txt,May 2024,DATE,44214,44222," Yale, ISBN 0300046758 - ^ a b Alberge, Dalya (11 May 2024). ""Mystery of where Mona Lisa was painted has bee"
louvre_cleaned_2.txt,12 May 2024,DATE,44341,44352," claims"". The Guardian. ISSN 1756-3224. Retrieved 12 May 2024. - ^ ""The Mona Lisa (La Gioconda)"". BBC. 25 Octob"
louvre_cleaned_2.txt,The Mona Lisa (,WORK_OF_ART,44359,44374,"dian. ISSN 1756-3224. Retrieved 12 May 2024. - ^ ""The Mona Lisa (La Gioconda)"". BBC. 25 October 2009. Archived from"
louvre_cleaned_2.txt,25 October 2009,DATE,44394,44409,"May 2024. - ^ ""The Mona Lisa (La Gioconda)"". BBC. 25 October 2009. Archived from the original on 26 June 2010. Retr"
louvre_cleaned_2.txt,26 June 2010,DATE,44441,44453,C. 25 October 2009. Archived from the original on 26 June 2010. Retrieved 24 October 2009. - ^ According to the 
louvre_cleaned_2.txt,24 October 2009,DATE,44465,44480,ived from the original on 26 June 2010. Retrieved 24 October 2009. - ^ According to the geologist and art historian
louvre_cleaned_2.txt,Dalya,ORG,44718,44723,"ntains that overlook Lecco and its lake. Alberge, Dalya (11 May 2024). ""Mystery of where Mona Lisa was pa"
louvre_cleaned_2.txt,Giuffrida,PERSON,44876,44885,"n. ISSN 1756-3224. Retrieved 12 May 2024. - ^ a b Giuffrida, Angela (3 May 2023). ""Italian historian claims t"
louvre_cleaned_2.txt,Angela,PERSON,44887,44893,"6-3224. Retrieved 12 May 2024. - ^ a b Giuffrida, Angela (3 May 2023). ""Italian historian claims to have i"
louvre_cleaned_2.txt,3 May 2023,DATE,44895,44905,"Retrieved 12 May 2024. - ^ a b Giuffrida, Angela (3 May 2023). ""Italian historian claims to have identified br"
louvre_cleaned_2.txt,Giorgio,PERSON,45053,45060,"1756-3224. Retrieved 5 December 2024. - ^ Vasari, Giorgio (1991) [1568]. The Lives of the Artists. Oxford W"
louvre_cleaned_2.txt,1991,DATE,45062,45066,". Retrieved 5 December 2024. - ^ Vasari, Giorgio (1991) [1568]. The Lives of the Artists. Oxford World's"
louvre_cleaned_2.txt,1568,DATE,45069,45073,"eved 5 December 2024. - ^ Vasari, Giorgio (1991) [1568]. The Lives of the Artists. Oxford World's Classi"
louvre_cleaned_2.txt,Oxford World'S,ORG,45102,45116," Giorgio (1991) [1568]. The Lives of the Artists. Oxford World's Classics. Translated by Bondanella, Peter; Bondan"
louvre_cleaned_2.txt,Bondanella,PERSON,45141,45151,"e Artists. Oxford World's Classics. Translated by Bondanella, Peter; Bondanella, Julia Conway. Oxford Universi"
louvre_cleaned_2.txt,Peter,PERSON,45153,45158,"xford World's Classics. Translated by Bondanella, Peter; Bondanella, Julia Conway. Oxford University Pres"
louvre_cleaned_2.txt,Julia Conway,GPE,45172,45184,"ics. Translated by Bondanella, Peter; Bondanella, Julia Conway. Oxford University Press. p. 294. ISBN 0-19-28341"
louvre_cleaned_2.txt,Roy,PERSON,45452,45455,"the skin. - ^ Turudich 2003, p. 198 - ^ McMullen, Roy (1976). Mona Lisa: The Picture and the Myth. Macm"
louvre_cleaned_2.txt,1976,DATE,45457,45461,"kin. - ^ Turudich 2003, p. 198 - ^ McMullen, Roy (1976). Mona Lisa: The Picture and the Myth. Macmillan "
louvre_cleaned_2.txt,The Picture And The Myth,WORK_OF_ART,45475,45499,"2003, p. 198 - ^ McMullen, Roy (1976). Mona Lisa: The Picture and the Myth. Macmillan Publishers. ISBN 978-0-333-19169-9. - "
louvre_cleaned_2.txt,Macmillan Publishers,ORG,45501,45521," Roy (1976). Mona Lisa: The Picture and the Myth. Macmillan Publishers. ISBN 978-0-333-19169-9. - ^ Holt, Richard (22 Oc"
louvre_cleaned_2.txt,Richard,PERSON,45557,45564,"lan Publishers. ISBN 978-0-333-19169-9. - ^ Holt, Richard (22 October 2007). ""Solved: Why Mona Lisa doesn't"
louvre_cleaned_2.txt,22 October 2007,DATE,45566,45581,"shers. ISBN 978-0-333-19169-9. - ^ Holt, Richard (22 October 2007). ""Solved: Why Mona Lisa doesn't have eyebrows"". "
louvre_cleaned_2.txt,Uk,GPE,45652,45654,"Lisa doesn't have eyebrows"". The Daily Telegraph. UK. Archived from the original on 4 April 2010. Retr"
louvre_cleaned_2.txt,4 April 2010,DATE,45686,45698,"aily Telegraph. UK. Archived from the original on 4 April 2010. Retrieved 11 March 2010. - ^ Ghose, Tia (9 Decem"
louvre_cleaned_2.txt,11 March 2010,DATE,45710,45723,"ived from the original on 4 April 2010. Retrieved 11 March 2010. - ^ Ghose, Tia (9 December 2015). ""Lurking Benea"
louvre_cleaned_2.txt,December 2015,DATE,45743,45756," 2010. Retrieved 11 March 2010. - ^ Ghose, Tia (9 December 2015). ""Lurking Beneath the 'Mona Lisa' May Be the Rea"
louvre_cleaned_2.txt,Mona Lisa' May Be,PERSON,45781,45798,"ose, Tia (9 December 2015). ""Lurking Beneath the 'Mona Lisa' May Be the Real One"". Livescience.com. Archived from the"
louvre_cleaned_2.txt,Livescience.Com,ORG,45814,45829,"ing Beneath the 'Mona Lisa' May Be the Real One"". Livescience.com. Archived from the original on 11 December 2015. "
louvre_cleaned_2.txt,11 December 2015,DATE,45861,45877,""". Livescience.com. Archived from the original on 11 December 2015. - ^ Irene Earls, Artists of the Renaissance, Gre"
louvre_cleaned_2.txt,Irene Earls,PERSON,45883,45894,"chived from the original on 11 December 2015. - ^ Irene Earls, Artists of the Renaissance, Greenwood Press, 200"
louvre_cleaned_2.txt,Greenwood Press,ORG,45924,45939,"015. - ^ Irene Earls, Artists of the Renaissance, Greenwood Press, 2004, p. 113. ISBN 0-313-31937-5 - ^ a b Salguei"
louvre_cleaned_2.txt,Salgueiro,ORG,45982,45991,"d Press, 2004, p. 113. ISBN 0-313-31937-5 - ^ a b Salgueiro, Heliana Angotti (2000). Paisaje y art. Universit"
louvre_cleaned_2.txt,Heliana Angotti,PERSON,45993,46008,"04, p. 113. ISBN 0-313-31937-5 - ^ a b Salgueiro, Heliana Angotti (2000). Paisaje y art. University of São Paulo. p"
louvre_cleaned_2.txt,University Of São Paulo,ORG,46032,46055,"Salgueiro, Heliana Angotti (2000). Paisaje y art. University of São Paulo. p. 74. ISBN 978-85-901430-1-7. - ^ ""BBC News – E"
louvre_cleaned_2.txt,978-85-901430-1-7,DATE,46069,46086,"isaje y art. University of São Paulo. p. 74. ISBN 978-85-901430-1-7. - ^ ""BBC News – Entertainment – Mona Lisa smile "
louvre_cleaned_2.txt,Bbc News – Entertainment,ORG,46093,46117,"of São Paulo. p. 74. ISBN 978-85-901430-1-7. - ^ ""BBC News – Entertainment – Mona Lisa smile secrets revealed"". 18 February "
louvre_cleaned_2.txt,18 February 2003,DATE,46155,46171,"ntertainment – Mona Lisa smile secrets revealed"". 18 February 2003. Archived from the original on 31 August 2007. - "
louvre_cleaned_2.txt,31 August 2007,DATE,46203,46217,". 18 February 2003. Archived from the original on 31 August 2007. - ^ Rosetta Borchia and Olivia Nesci, Codice P. "
louvre_cleaned_2.txt,Rosetta Borchia,PERSON,46223,46238,"Archived from the original on 31 August 2007. - ^ Rosetta Borchia and Olivia Nesci, Codice P. Atlante illustrato de"
louvre_cleaned_2.txt,Olivia Nesci,PERSON,46243,46255,"iginal on 31 August 2007. - ^ Rosetta Borchia and Olivia Nesci, Codice P. Atlante illustrato del reale paesaggio"
louvre_cleaned_2.txt,Codice P. Atlante,PERSON,46257,46274,"ugust 2007. - ^ Rosetta Borchia and Olivia Nesci, Codice P. Atlante illustrato del reale paesaggio della Gioconda, Mo"
louvre_cleaned_2.txt,Mondadori Electa,PERSON,46322,46338,"te illustrato del reale paesaggio della Gioconda, Mondadori Electa, 2012, ISBN 978-88-370-9277-1 - ^ ""Researchers id"
louvre_cleaned_2.txt,Times,ORG,46432,46437,"ers identify landscape behind the Mona Lisa"". The Times. Retrieved 22 January 2014. - ^ ""Mystery of where"
louvre_cleaned_2.txt,22 January 2014,DATE,46449,46464,"scape behind the Mona Lisa"". The Times. Retrieved 22 January 2014. - ^ ""Mystery of where Mona Lisa was painted has "
louvre_cleaned_2.txt,11 May 2024,DATE,46586,46597," claims"". The Guardian. ISSN 1756-3224. Retrieved 11 May 2024. - ^ Chiesa 1967, p. 103. - ^ Chiesa 1967, p. 87."
louvre_cleaned_2.txt,Chiesa 1967,ORG,46603,46614,"rdian. ISSN 1756-3224. Retrieved 11 May 2024. - ^ Chiesa 1967, p. 103. - ^ Chiesa 1967, p. 87. - ^ Wiesner-Hank"
louvre_cleaned_2.txt,Wiesner-Hanks,PERSON,46652,46665," Chiesa 1967, p. 103. - ^ Chiesa 1967, p. 87. - ^ Wiesner-Hanks, Merry E. (2005). An Age of Voyages, 1350–1600. N"
louvre_cleaned_2.txt,Merry E.,PERSON,46667,46675,". 103. - ^ Chiesa 1967, p. 87. - ^ Wiesner-Hanks, Merry E. (2005). An Age of Voyages, 1350–1600. New York: O"
louvre_cleaned_2.txt,1350–1600,DATE,46703,46712,"iesner-Hanks, Merry E. (2005). An Age of Voyages, 1350–1600. New York: Oxford University Press. p. 26. ISBN 9"
louvre_cleaned_2.txt,Vezzosi,GPE,46884,46891,"– Leonardo and the 'common vice of painters'"". In Vezzosi; Schwarz; Manetti (eds.). Mona Lisa: Leonardo's h"
louvre_cleaned_2.txt,Schwarz,PERSON,46893,46900,"o and the 'common vice of painters'"". In Vezzosi; Schwarz; Manetti (eds.). Mona Lisa: Leonardo's hidden fac"
louvre_cleaned_2.txt,Manetti,PERSON,46902,46909," 'common vice of painters'"". In Vezzosi; Schwarz; Manetti (eds.). Mona Lisa: Leonardo's hidden face. Polist"
louvre_cleaned_2.txt,Polistampa,ORG,46953,46963,"anetti (eds.). Mona Lisa: Leonardo's hidden face. Polistampa. ISBN 978-88-596-0258-3. - ^ Asmus, John F.; Parf"
louvre_cleaned_2.txt,Asmus,GPE,46993,46998,"den face. Polistampa. ISBN 978-88-596-0258-3. - ^ Asmus, John F.; Parfenov, Vadim; Elford, Jessie (28 Nov"
louvre_cleaned_2.txt,John F.,PERSON,47000,47007,"e. Polistampa. ISBN 978-88-596-0258-3. - ^ Asmus, John F.; Parfenov, Vadim; Elford, Jessie (28 November 201"
louvre_cleaned_2.txt,Parfenov,GPE,47009,47017,"ampa. ISBN 978-88-596-0258-3. - ^ Asmus, John F.; Parfenov, Vadim; Elford, Jessie (28 November 2016). ""Seein"
louvre_cleaned_2.txt,Vadim,ORG,47019,47024," 978-88-596-0258-3. - ^ Asmus, John F.; Parfenov, Vadim; Elford, Jessie (28 November 2016). ""Seeing doubl"
louvre_cleaned_2.txt,Elford,PERSON,47026,47032,"-596-0258-3. - ^ Asmus, John F.; Parfenov, Vadim; Elford, Jessie (28 November 2016). ""Seeing double: Leona"
louvre_cleaned_2.txt,Jessie,PERSON,47034,47040,"8-3. - ^ Asmus, John F.; Parfenov, Vadim; Elford, Jessie (28 November 2016). ""Seeing double: Leonardo's Mo"
louvre_cleaned_2.txt,28 November 2016,DATE,47042,47058," Asmus, John F.; Parfenov, Vadim; Elford, Jessie (28 November 2016). ""Seeing double: Leonardo's Mona Lisa twin"". Opt"
louvre_cleaned_2.txt,Quantum Electronics,ORG,47117,47136,"g double: Leonardo's Mona Lisa twin"". Optical and Quantum Electronics. 48 (12): 555. Bibcode:2016OQEle..48..555A. doi:1"
louvre_cleaned_2.txt,Carmen Bambach,PERSON,47226,47240,"55A. doi:10.1007/s11082-016-0799-0. - ^ Leonardo, Carmen Bambach, Rachel Stern, and Alison Manges (2003). Leonardo"
louvre_cleaned_2.txt,Rachel Stern,PERSON,47242,47254,"/s11082-016-0799-0. - ^ Leonardo, Carmen Bambach, Rachel Stern, and Alison Manges (2003). Leonardo da Vinci, mas"
louvre_cleaned_2.txt,Alison Manges,PERSON,47260,47273,". - ^ Leonardo, Carmen Bambach, Rachel Stern, and Alison Manges (2003). Leonardo da Vinci, master draftsman. New "
louvre_cleaned_2.txt,Metropolitan Museum Of Art,ORG,47329,47355,"). Leonardo da Vinci, master draftsman. New York: Metropolitan Museum of Art. p. 234. ISBN 1-58839-033-0 - ^ Lorenzi, Rossella"
louvre_cleaned_2.txt,1-58839-033,DATE,47370,47381,"ew York: Metropolitan Museum of Art. p. 234. ISBN 1-58839-033-0 - ^ Lorenzi, Rossella (10 May 2016). ""Did a Str"
louvre_cleaned_2.txt,Rossella,PERSON,47397,47405,"m of Art. p. 234. ISBN 1-58839-033-0 - ^ Lorenzi, Rossella (10 May 2016). ""Did a Stroke Kill Leonardo da Vin"
louvre_cleaned_2.txt,May 2016,DATE,47410,47418,"234. ISBN 1-58839-033-0 - ^ Lorenzi, Rossella (10 May 2016). ""Did a Stroke Kill Leonardo da Vinci?"". Seeker."
louvre_cleaned_2.txt,Kill Leonardo Da Vinci,PERSON,47435,47457," ^ Lorenzi, Rossella (10 May 2016). ""Did a Stroke Kill Leonardo da Vinci?"". Seeker. Retrieved 5 May 2019. - ^ McMahon, Bar"
louvre_cleaned_2.txt,May 2019,DATE,47481,47489,"oke Kill Leonardo da Vinci?"". Seeker. Retrieved 5 May 2019. - ^ McMahon, Barbara (1 May 2005). ""Da Vinci 'pa"
louvre_cleaned_2.txt,Mcmahon,GPE,47495,47502,"rdo da Vinci?"". Seeker. Retrieved 5 May 2019. - ^ McMahon, Barbara (1 May 2005). ""Da Vinci 'paralysis left "
louvre_cleaned_2.txt,Barbara,PERSON,47504,47511,"nci?"". Seeker. Retrieved 5 May 2019. - ^ McMahon, Barbara (1 May 2005). ""Da Vinci 'paralysis left Mona Lisa"
louvre_cleaned_2.txt,1 May 2005,DATE,47513,47523,"eker. Retrieved 5 May 2019. - ^ McMahon, Barbara (1 May 2005). ""Da Vinci 'paralysis left Mona Lisa unfinished'"
louvre_cleaned_2.txt,Da Vinci ',PERSON,47527,47537,"d 5 May 2019. - ^ McMahon, Barbara (1 May 2005). ""Da Vinci 'paralysis left Mona Lisa unfinished'"". The Guardia"
louvre_cleaned_2.txt,2 May 2019,DATE,47616,47626,"nished'"". The Guardian. ISSN 1756-3224. Retrieved 2 May 2019. - ^ Saplakoglu, Yasemin (4 May 2019). ""A Portrai"
louvre_cleaned_2.txt,Saplakoglu,GPE,47632,47642,"ardian. ISSN 1756-3224. Retrieved 2 May 2019. - ^ Saplakoglu, Yasemin (4 May 2019). ""A Portrait of Leonardo da"
louvre_cleaned_2.txt,Yasemin,GPE,47644,47651," 1756-3224. Retrieved 2 May 2019. - ^ Saplakoglu, Yasemin (4 May 2019). ""A Portrait of Leonardo da Vinci Ma"
louvre_cleaned_2.txt,4 May 2019,DATE,47653,47663,"4. Retrieved 2 May 2019. - ^ Saplakoglu, Yasemin (4 May 2019). ""A Portrait of Leonardo da Vinci May Reveal Why"
louvre_cleaned_2.txt,A Portrait Of Leonardo Da Vinci,WORK_OF_ART,47667,47698," May 2019. - ^ Saplakoglu, Yasemin (4 May 2019). ""A Portrait of Leonardo da Vinci May Reveal Why He Never Finished the Mona Lisa"". "
louvre_cleaned_2.txt,Bodkin,GPE,47788,47794,"na Lisa"". Live Science. Retrieved 5 May 2019. - ^ Bodkin, Henry (4 May 2019). ""Leonardo da Vinci never fin"
louvre_cleaned_2.txt,Henry,PERSON,47796,47801,". Live Science. Retrieved 5 May 2019. - ^ Bodkin, Henry (4 May 2019). ""Leonardo da Vinci never finished t"
louvre_cleaned_2.txt,10 January 2022,DATE,47966,47981,"ay"". The Telegraph. Archived from the original on 10 January 2022. Retrieved 6 May 2019. - ^ Thomas, Henry; Lee Tho"
louvre_cleaned_2.txt,6 May 2019,DATE,47993,48003,"d from the original on 10 January 2022. Retrieved 6 May 2019. - ^ Thomas, Henry; Lee Thomas, Dana (1940). Livi"
louvre_cleaned_2.txt,Thomas,PERSON,48009,48015,"nal on 10 January 2022. Retrieved 6 May 2019. - ^ Thomas, Henry; Lee Thomas, Dana (1940). Living biographi"
louvre_cleaned_2.txt,Lee Thomas,PERSON,48024,48034,"ry 2022. Retrieved 6 May 2019. - ^ Thomas, Henry; Lee Thomas, Dana (1940). Living biographies of great painter"
louvre_cleaned_2.txt,Dana,PERSON,48036,48040,"rieved 6 May 2019. - ^ Thomas, Henry; Lee Thomas, Dana (1940). Living biographies of great painters. Gar"
louvre_cleaned_2.txt,1940,DATE,48042,48046," 6 May 2019. - ^ Thomas, Henry; Lee Thomas, Dana (1940). Living biographies of great painters. Garden Ci"
louvre_cleaned_2.txt,"Garden City Publishing Co., Inc.",ORG,48087,48119,"ana (1940). Living biographies of great painters. Garden City Publishing Co., Inc. p. 49. - ^ a b c d Becherucci, Luisa (1969). The "
louvre_cleaned_2.txt,"Becherucci, Luisa",ORG,48139,48156,"rden City Publishing Co., Inc. p. 49. - ^ a b c d Becherucci, Luisa (1969). The Complete Work of Raphael. New York: R"
louvre_cleaned_2.txt,1969,DATE,48158,48162,"g Co., Inc. p. 49. - ^ a b c d Becherucci, Luisa (1969). The Complete Work of Raphael. New York: Reynal "
louvre_cleaned_2.txt,Reynal And Co.,ORG,48205,48219,"a (1969). The Complete Work of Raphael. New York: Reynal and Co., William Morrow and Company. p. 50. - ^ Clark, Ke"
louvre_cleaned_2.txt,William Morrow,PERSON,48221,48235,"mplete Work of Raphael. New York: Reynal and Co., William Morrow and Company. p. 50. - ^ Clark, Kenneth (March 197"
louvre_cleaned_2.txt,Burlington Magazine,ORG,48302,48321,"50. - ^ Clark, Kenneth (March 1973). ""Mona Lisa"". Burlington Magazine. Vol. 115. - ^ a b c Lorusso, Salvatore; Natali, "
louvre_cleaned_2.txt,Lorusso,PERSON,48343,48350,"a Lisa"". Burlington Magazine. Vol. 115. - ^ a b c Lorusso, Salvatore; Natali, Andrea (2015). ""Mona Lisa: A "
louvre_cleaned_2.txt,Natali,GPE,48363,48369,"Magazine. Vol. 115. - ^ a b c Lorusso, Salvatore; Natali, Andrea (2015). ""Mona Lisa: A comparative evaluat"
louvre_cleaned_2.txt,2015,DATE,48379,48383,"15. - ^ a b c Lorusso, Salvatore; Natali, Andrea (2015). ""Mona Lisa: A comparative evaluation of the dif"
louvre_cleaned_2.txt,26 July 2017,DATE,48505,48517,"pies"". Conservation Science. 15: 57–84. Retrieved 26 July 2017. - ^ a b c Isbouts, Jean-Pierre; Heath-Brown, Chr"
louvre_cleaned_2.txt,Jean-Pierre,PERSON,48538,48549,"57–84. Retrieved 26 July 2017. - ^ a b c Isbouts, Jean-Pierre; Heath-Brown, Christopher (2013). The Mona Lisa M"
louvre_cleaned_2.txt,Heath-Brown,ORG,48551,48562,"ved 26 July 2017. - ^ a b c Isbouts, Jean-Pierre; Heath-Brown, Christopher (2013). The Mona Lisa Myth. Santa Mo"
louvre_cleaned_2.txt,Christopher,PERSON,48564,48575,"017. - ^ a b c Isbouts, Jean-Pierre; Heath-Brown, Christopher (2013). The Mona Lisa Myth. Santa Monica, Califor"
louvre_cleaned_2.txt,Lisa Myth,PERSON,48593,48602,"Pierre; Heath-Brown, Christopher (2013). The Mona Lisa Myth. Santa Monica, California: Pantheon Press. ISBN 9"
louvre_cleaned_2.txt,Santa Monica,GPE,48604,48616,"th-Brown, Christopher (2013). The Mona Lisa Myth. Santa Monica, California: Pantheon Press. ISBN 978-1-4922-8949"
louvre_cleaned_2.txt,California,GPE,48618,48628,"stopher (2013). The Mona Lisa Myth. Santa Monica, California: Pantheon Press. ISBN 978-1-4922-8949-4. - ^ Frie"
louvre_cleaned_2.txt,Kemp,PERSON,48773,48777," pictorial biography. New York: Viking Press. - ^ Kemp, Martin (1981). Leonardo: The marvelous works of "
louvre_cleaned_2.txt,1981,DATE,48787,48791,"graphy. New York: Viking Press. - ^ Kemp, Martin (1981). Leonardo: The marvelous works of nature and man"
louvre_cleaned_2.txt,Cambridge,GPE,48843,48852," Leonardo: The marvelous works of nature and man. Cambridge, Massachusetts: Harvard University Press. ISBN 97"
louvre_cleaned_2.txt,Massachusetts,GPE,48854,48867,"The marvelous works of nature and man. Cambridge, Massachusetts: Harvard University Press. ISBN 978-0-674-52460-6"
louvre_cleaned_2.txt,Harvard University Press,ORG,48869,48893,"orks of nature and man. Cambridge, Massachusetts: Harvard University Press. ISBN 978-0-674-52460-6. - ^ Bramly, Serge (1995)"
louvre_cleaned_2.txt,"Bramly, Serge (",ORG,48923,48938,"ard University Press. ISBN 978-0-674-52460-6. - ^ Bramly, Serge (1995). Leonardo: The artist and the man. London: P"
louvre_cleaned_2.txt,1995,DATE,48938,48942,"Press. ISBN 978-0-674-52460-6. - ^ Bramly, Serge (1995). Leonardo: The artist and the man. London: Pengu"
louvre_cleaned_2.txt,"Marani, Pietro",ORG,49030,49044,"ondon: Penguin books. ISBN 978-0-14-023175-5. - ^ Marani, Pietro (2003). Leonardo: The complete paintings. New Yor"
louvre_cleaned_2.txt,Harry N. Abrams,PERSON,49097,49112,"003). Leonardo: The complete paintings. New York: Harry N. Abrams. ISBN 978-0-8109-9159-0. - ^ a b Zollner, Frank ("
louvre_cleaned_2.txt,Zollner,ORG,49146,49153," Harry N. Abrams. ISBN 978-0-8109-9159-0. - ^ a b Zollner, Frank (1993). ""Leonardo da Vinci's portrait of M"
louvre_cleaned_2.txt,Mona Lisa De Giocondo,PERSON,49202,49223,"r, Frank (1993). ""Leonardo da Vinci's portrait of Mona Lisa de Giocondo"" (PDF). Gazette des Beaux-Arts. 121: 115–138. Ret"
louvre_cleaned_2.txt,Gazette Des Beaux-Arts,PERSON,49232,49254,"Vinci's portrait of Mona Lisa de Giocondo"" (PDF). Gazette des Beaux-Arts. 121: 115–138. Retrieved 3 August 2017. - ^ a b c"
louvre_cleaned_2.txt,3 August 2017,DATE,49280,49293,". Gazette des Beaux-Arts. 121: 115–138. Retrieved 3 August 2017. - ^ a b c d e f g h Mohen, Jean-Pierre (2006). M"
louvre_cleaned_2.txt,Painting,ORG,49364,49372," Mohen, Jean-Pierre (2006). Mona Lisa: inside the Painting. Harry N. Abrams, Inc. p. 128. ISBN 978-0-8109-43"
louvre_cleaned_2.txt,Tallec,GPE,49452,49458,". ISBN 978-0-8109-4315-5. - ^ Delieuvin, Vincent; Tallec, Olivier (2017). What's so special about Mona Lis"
louvre_cleaned_2.txt,De Beatis,GPE,49575,49584,"s du musée du Louvre. ISBN 978-2-35031-564-5. - ^ De Beatis, Antonio (1979) [1st pub.:1517]. Hale, J.R.; Lind"
louvre_cleaned_2.txt,Antonio,PERSON,49586,49593,"du Louvre. ISBN 978-2-35031-564-5. - ^ De Beatis, Antonio (1979) [1st pub.:1517]. Hale, J.R.; Lindon, J.M.A"
louvre_cleaned_2.txt,1979,DATE,49595,49599,". ISBN 978-2-35031-564-5. - ^ De Beatis, Antonio (1979) [1st pub.:1517]. Hale, J.R.; Lindon, J.M.A. (eds"
louvre_cleaned_2.txt,J.R.,GPE,49624,49628," De Beatis, Antonio (1979) [1st pub.:1517]. Hale, J.R.; Lindon, J.M.A. (eds.). The travel journal of Ant"
louvre_cleaned_2.txt,Lindon,GPE,49630,49636,"atis, Antonio (1979) [1st pub.:1517]. Hale, J.R.; Lindon, J.M.A. (eds.). The travel journal of Antonio de "
louvre_cleaned_2.txt,J.M.A.,GPE,49638,49644,"tonio (1979) [1st pub.:1517]. Hale, J.R.; Lindon, J.M.A. (eds.). The travel journal of Antonio de Beatis: "
louvre_cleaned_2.txt,Antonio De Beatis: Germany,PERSON,49675,49701,".R.; Lindon, J.M.A. (eds.). The travel journal of Antonio de Beatis: Germany, Switzerland, the Low Countries, France and Italy"
louvre_cleaned_2.txt,Switzerland,GPE,49703,49714,"The travel journal of Antonio de Beatis: Germany, Switzerland, the Low Countries, France and Italy 1517–1518. L"
louvre_cleaned_2.txt,England,GPE,49771,49778,"ow Countries, France and Italy 1517–1518. London, England: Haklyut Society. - ^ Bacci, Mina (1978) [1963]. "
louvre_cleaned_2.txt,"Bacci, Mina",ORG,49801,49812," 1517–1518. London, England: Haklyut Society. - ^ Bacci, Mina (1978) [1963]. The Great Artists: Da Vinci. Trans"
louvre_cleaned_2.txt,1978,DATE,49814,49818,"ondon, England: Haklyut Society. - ^ Bacci, Mina (1978) [1963]. The Great Artists: Da Vinci. Translated "
louvre_cleaned_2.txt,Vinci,PERSON,49850,49855," Bacci, Mina (1978) [1963]. The Great Artists: Da Vinci. Translated by Tanguy, J. New York: Funk & Wagnal"
louvre_cleaned_2.txt,Tanguy,GPE,49871,49877,"1963]. The Great Artists: Da Vinci. Translated by Tanguy, J. New York: Funk & Wagnalls. - ^ a b c Wallace,"
louvre_cleaned_2.txt,Wallace,PERSON,49919,49926,"y Tanguy, J. New York: Funk & Wagnalls. - ^ a b c Wallace, Robert (1972) [1966]. The World of Leonardo: 145"
louvre_cleaned_2.txt,Robert,PERSON,49928,49934," J. New York: Funk & Wagnalls. - ^ a b c Wallace, Robert (1972) [1966]. The World of Leonardo: 1452–1519. "
louvre_cleaned_2.txt,1972,DATE,49936,49940,"York: Funk & Wagnalls. - ^ a b c Wallace, Robert (1972) [1966]. The World of Leonardo: 1452–1519. New Yo"
louvre_cleaned_2.txt,1966,DATE,49943,49947,"unk & Wagnalls. - ^ a b c Wallace, Robert (1972) [1966]. The World of Leonardo: 1452–1519. New York: Tim"
louvre_cleaned_2.txt,The World Of Leonardo,ORG,49950,49971,"agnalls. - ^ a b c Wallace, Robert (1972) [1966]. The World of Leonardo: 1452–1519. New York: Time-Life Books. pp. 163–64"
louvre_cleaned_2.txt,Time-Life Books,ORG,49994,50009,"966]. The World of Leonardo: 1452–1519. New York: Time-Life Books. pp. 163–64. - ^ Vasari, Giorgio (1550). Le Vite "
louvre_cleaned_2.txt,Le Vite De',ORG,50051,50062,"fe Books. pp. 163–64. - ^ Vasari, Giorgio (1550). Le Vite de' più eccellenti pittori, scultori, ed architettori"
louvre_cleaned_2.txt,Ed Architettori,PERSON,50097,50112,"0). Le Vite de' più eccellenti pittori, scultori, ed architettori. Florence, Italy: Lorenzo Torrentino. - ^ a b Bou"
louvre_cleaned_2.txt,Boudin De L'Arche,ORG,50159,50176,"ori. Florence, Italy: Lorenzo Torrentino. - ^ a b Boudin de l'Arche, Gerard (2017). A la recherche de Monna Lisa. Can"
louvre_cleaned_2.txt,Gerard,PERSON,50178,50184,"y: Lorenzo Torrentino. - ^ a b Boudin de l'Arche, Gerard (2017). A la recherche de Monna Lisa. Cannes, Fra"
louvre_cleaned_2.txt,Jestaz,GPE,50342,50348,"na Lisa"". louvre.fr. Retrieved 3 August 2017. - ^ Jestaz, Bertrand (1999). ""Francois 1er, Salai, et les ta"
louvre_cleaned_2.txt,Bertrand,GPE,50350,50358,". louvre.fr. Retrieved 3 August 2017. - ^ Jestaz, Bertrand (1999). ""Francois 1er, Salai, et les tableaux de "
louvre_cleaned_2.txt,Francois 1Er,PERSON,50368,50380,"eved 3 August 2017. - ^ Jestaz, Bertrand (1999). ""Francois 1er, Salai, et les tableaux de Léonard"". Revue de l'A"
louvre_cleaned_2.txt,Salai,PERSON,50382,50387,"2017. - ^ Jestaz, Bertrand (1999). ""Francois 1er, Salai, et les tableaux de Léonard"". Revue de l'Art (in "
louvre_cleaned_2.txt,Tableaux De Léonard,PERSON,50396,50415,"az, Bertrand (1999). ""Francois 1er, Salai, et les tableaux de Léonard"". Revue de l'Art (in French). 76 (1): 68–72. doi:"
louvre_cleaned_2.txt,Revue De L'Art,PERSON,50418,50432,"Francois 1er, Salai, et les tableaux de Léonard"". Revue de l'Art (in French). 76 (1): 68–72. doi:10.3406/rvart.199"
louvre_cleaned_2.txt,Delphi,ORG,50510,50516," doi:10.3406/rvart.1999.348476. - ^ a b Classics, Delphi; Russell, Peter (7 April 2017). The History of Ar"
louvre_cleaned_2.txt,Russell,PERSON,50518,50525,"3406/rvart.1999.348476. - ^ a b Classics, Delphi; Russell, Peter (7 April 2017). The History of Art in 50 P"
louvre_cleaned_2.txt,7 April 2017,DATE,50534,50546,"348476. - ^ a b Classics, Delphi; Russell, Peter (7 April 2017). The History of Art in 50 Paintings (Illustrated"
louvre_cleaned_2.txt,The History Of Art,ORG,50549,50567," Classics, Delphi; Russell, Peter (7 April 2017). The History of Art in 50 Paintings (Illustrated). Delphi Classics. I"
louvre_cleaned_2.txt,Paintings (Illustrated,WORK_OF_ART,50574,50596,"l, Peter (7 April 2017). The History of Art in 50 Paintings (Illustrated). Delphi Classics. ISBN 978-1-78656-508-2. - ^ ""T"
louvre_cleaned_2.txt,Delphi Classics,PERSON,50599,50614,"The History of Art in 50 Paintings (Illustrated). Delphi Classics. ISBN 978-1-78656-508-2. - ^ ""The Theft That Made"
louvre_cleaned_2.txt,The Theft That Made The 'Mona Lisa',WORK_OF_ART,50645,50680,"d). Delphi Classics. ISBN 978-1-78656-508-2. - ^ ""The Theft That Made The 'Mona Lisa' A Masterpiece"". NPR. 30 July 2011. Archived from "
louvre_cleaned_2.txt,27 August 2014,DATE,50746,50760," NPR. 30 July 2011. Archived from the original on 27 August 2014. Retrieved 26 August 2014. - ^ Bohm-Duchen, Monic"
louvre_cleaned_2.txt,26 August 2014,DATE,50772,50786,"ed from the original on 27 August 2014. Retrieved 26 August 2014. - ^ Bohm-Duchen, Monica (2001). The private life"
louvre_cleaned_2.txt,Bohm-Duchen,PERSON,50792,50803," on 27 August 2014. Retrieved 26 August 2014. - ^ Bohm-Duchen, Monica (2001). The private life of a masterpiece"
louvre_cleaned_2.txt,Monica,PERSON,50805,50811," 2014. Retrieved 26 August 2014. - ^ Bohm-Duchen, Monica (2001). The private life of a masterpiece. Univer"
louvre_cleaned_2.txt,University Of California Press,ORG,50855,50885,Monica (2001). The private life of a masterpiece. University of California Press. p. 53. ISBN 978-0-520-23378-2. Retrieved 10 Octo
louvre_cleaned_2.txt,10 October 2010,DATE,50928,50943,"a Press. p. 53. ISBN 978-0-520-23378-2. Retrieved 10 October 2010. - ^ Halpern, Jack (9 January 2019). ""The French "
louvre_cleaned_2.txt,9 January 2019,DATE,50964,50978,"-2. Retrieved 10 October 2010. - ^ Halpern, Jack (9 January 2019). ""The French Burglar Who Pulled Off His Generati"
louvre_cleaned_2.txt,The French,ORG,50982,50992,"ctober 2010. - ^ Halpern, Jack (9 January 2019). ""The French Burglar Who Pulled Off His Generation's Biggest A"
louvre_cleaned_2.txt,The New Yorker,ORG,51053,51067,"o Pulled Off His Generation's Biggest Art Heist"". The New Yorker. Retrieved 9 January 2019. - ^ ""Theft of the Mona"
louvre_cleaned_2.txt,Stoner Productions,ORG,51125,51143,"ved 9 January 2019. - ^ ""Theft of the Mona Lisa"". Stoner Productions via Public Broadcasting Service (PBS). Archived f"
louvre_cleaned_2.txt,Public Broadcasting Service,ORG,51148,51175," ""Theft of the Mona Lisa"". Stoner Productions via Public Broadcasting Service (PBS). Archived from the original on 29 October 2"
louvre_cleaned_2.txt,29 October 2009,DATE,51213,51228,"ting Service (PBS). Archived from the original on 29 October 2009. Retrieved 24 October 2009. - ^ Scotti, R. A. (Ap"
louvre_cleaned_2.txt,Scotti,GPE,51261,51267,"n 29 October 2009. Retrieved 24 October 2009. - ^ Scotti, R. A. (April 2010). Vanished Smile: The Mysterio"
louvre_cleaned_2.txt,April 2010,DATE,51276,51286,"09. Retrieved 24 October 2009. - ^ Scotti, R. A. (April 2010). Vanished Smile: The Mysterious Theft of the Mon"
louvre_cleaned_2.txt,The Mysterious Theft Of The Mona Lisa,ORG,51305,51342,". - ^ Scotti, R. A. (April 2010). Vanished Smile: The Mysterious Theft of the Mona Lisa. Vintage Books. ISBN 978-0-307-27838-8. Archived "
louvre_cleaned_2.txt,2 January 2016,DATE,51413,51427," 978-0-307-27838-8. Archived from the original on 2 January 2016. - ^ a b ""Top 25 Crimes of the Century: Stealing "
louvre_cleaned_2.txt,2 December 2007,DATE,51505,51520,"the Century: Stealing the Mona Lisa, 1911"". Time. 2 December 2007. Archived from the original on 14 July 2007. Retr"
louvre_cleaned_2.txt,14 July 2007,DATE,51552,51564,"e. 2 December 2007. Archived from the original on 14 July 2007. Retrieved 15 September 2007. - ^ Sale, Jonathan "
louvre_cleaned_2.txt,15 September 2007,DATE,51576,51593,"ived from the original on 14 July 2007. Retrieved 15 September 2007. - ^ Sale, Jonathan (8 May 2009). ""Review: The Lo"
louvre_cleaned_2.txt,Jonathan,PERSON,51605,51613,"July 2007. Retrieved 15 September 2007. - ^ Sale, Jonathan (8 May 2009). ""Review: The Lost Mona Lisa: The Ex"
louvre_cleaned_2.txt,8 May 2009,DATE,51615,51625," Retrieved 15 September 2007. - ^ Sale, Jonathan (8 May 2009). ""Review: The Lost Mona Lisa: The Extraordinary "
louvre_cleaned_2.txt,The Extraordinary True Story Of The Greatest Art Theft,ORG,51657,51711,"nathan (8 May 2009). ""Review: The Lost Mona Lisa: The Extraordinary True Story of the Greatest Art Theft in History by RA Scotti"". The Guardian. ISSN 1756"
louvre_cleaned_2.txt,Ra Scotti,ORG,51726,51735,"rue Story of the Greatest Art Theft in History by RA Scotti"". The Guardian. ISSN 1756-3224. Retrieved 23 July"
louvre_cleaned_2.txt,23 July 2019,DATE,51778,51790," Scotti"". The Guardian. ISSN 1756-3224. Retrieved 23 July 2019. - ^ Iqbal, Nosheen; Jonze, Tim (22 January 2020)"
louvre_cleaned_2.txt,Iqbal,PERSON,51796,51801,"dian. ISSN 1756-3224. Retrieved 23 July 2019. - ^ Iqbal, Nosheen; Jonze, Tim (22 January 2020). ""In pictu"
louvre_cleaned_2.txt,Nosheen,PERSON,51803,51810,"SSN 1756-3224. Retrieved 23 July 2019. - ^ Iqbal, Nosheen; Jonze, Tim (22 January 2020). ""In pictures: The "
louvre_cleaned_2.txt,Jonze,PERSON,51812,51817,"3224. Retrieved 23 July 2019. - ^ Iqbal, Nosheen; Jonze, Tim (22 January 2020). ""In pictures: The greates"
louvre_cleaned_2.txt,Tim,PERSON,51819,51822,"etrieved 23 July 2019. - ^ Iqbal, Nosheen; Jonze, Tim (22 January 2020). ""In pictures: The greatest art"
louvre_cleaned_2.txt,22 January 2020,DATE,51824,51839,"ved 23 July 2019. - ^ Iqbal, Nosheen; Jonze, Tim (22 January 2020). ""In pictures: The greatest art heists in histor"
louvre_cleaned_2.txt,17 April 2021,DATE,51933,51946,"history"". The Guardian. ISSN 0261-3077. Retrieved 17 April 2021. - ^ a b Scotti, R. A. (2010). The Lost Mona Lisa"
louvre_cleaned_2.txt,2010,DATE,51971,51975,". Retrieved 17 April 2021. - ^ a b Scotti, R. A. (2010). The Lost Mona Lisa: The Extraordinary True Stor"
louvre_cleaned_2.txt,The Extraordinary True Story Of The Greatest Art Theft In History,ORG,51998,52063,"- ^ a b Scotti, R. A. (2010). The Lost Mona Lisa: The Extraordinary True Story of the Greatest Art Theft in History (reprinted ed.). Bantam Books. ISBN 978-0-553-818"
louvre_cleaned_2.txt,Bantam Books,PERSON,52081,52093,"he Greatest Art Theft in History (reprinted ed.). Bantam Books. ISBN 978-0-553-81830-7. - ^ ""Noah Charney, Chron"
louvre_cleaned_2.txt,Noah Charney,WORK_OF_ART,52124,52136," ed.). Bantam Books. ISBN 978-0-553-81830-7. - ^ ""Noah Charney, Chronology of the Mona Lisa: History and Thefts,"
louvre_cleaned_2.txt,"The Secret History Of Art, Blouin Artinfo Blogs",WORK_OF_ART,52187,52234," Chronology of the Mona Lisa: History and Thefts, The Secret History of Art, Blouin Artinfo Blogs"". Archived from the original on 27 October 2015. "
louvre_cleaned_2.txt,27 October 2015,DATE,52267,52282,"uin Artinfo Blogs"". Archived from the original on 27 October 2015. Retrieved 25 October 2015. - ^ Nilsson, Jeff (7 "
louvre_cleaned_2.txt,25 October 2015,DATE,52294,52309,"d from the original on 27 October 2015. Retrieved 25 October 2015. - ^ Nilsson, Jeff (7 December 2013). ""100 Years "
louvre_cleaned_2.txt,Nilsson,ORG,52315,52322,"n 27 October 2015. Retrieved 25 October 2015. - ^ Nilsson, Jeff (7 December 2013). ""100 Years Ago: The Mast"
louvre_cleaned_2.txt,Jeff,PERSON,52324,52328,"ber 2015. Retrieved 25 October 2015. - ^ Nilsson, Jeff (7 December 2013). ""100 Years Ago: The Mastermind"
louvre_cleaned_2.txt,7 December 2013,DATE,52330,52345,"15. Retrieved 25 October 2015. - ^ Nilsson, Jeff (7 December 2013). ""100 Years Ago: The Mastermind Behind the Mona "
louvre_cleaned_2.txt,Lisa Heist,PERSON,52395,52405,"). ""100 Years Ago: The Mastermind Behind the Mona Lisa Heist | The Saturday Evening Post"". Saturday Evening Po"
louvre_cleaned_2.txt,Noah,PERSON,52496,52500,"vening Post. Retrieved 23 July 2019. - ^ Charney, Noah (12 November 2013). ""Did the Nazis steal the Mona"
louvre_cleaned_2.txt,12 November 2013,DATE,52502,52518," Post. Retrieved 23 July 2019. - ^ Charney, Noah (12 November 2013). ""Did the Nazis steal the Mona Lisa?"". The Guard"
louvre_cleaned_2.txt,"Guenfoud, Ibtissem",ORG,52593,52611,"he Mona Lisa?"". The Guardian. ISSN 1756-3224. - ^ Guenfoud, Ibtissem (17 July 2019). ""'Mona Lisa' relocated within Lou"
louvre_cleaned_2.txt,17 July 2019,DATE,52613,52625,"Guardian. ISSN 1756-3224. - ^ Guenfoud, Ibtissem (17 July 2019). ""'Mona Lisa' relocated within Louvre for 1st ti"
louvre_cleaned_2.txt,Abc News,ORG,52691,52699,"relocated within Louvre for 1st time since 2005"". ABC News. Retrieved 23 July 2019. - ^ ""Mona FAQ"". Mona Lis"
louvre_cleaned_2.txt,Mona Lisa Mania,PERSON,52741,52756,"ABC News. Retrieved 23 July 2019. - ^ ""Mona FAQ"". Mona Lisa Mania. Archived from the original on 1 June 2009. Retri"
louvre_cleaned_2.txt,1 June 2009,DATE,52788,52799,""". Mona Lisa Mania. Archived from the original on 1 June 2009. Retrieved 7 January 2010. - ^ ""Tourist Damages t"
louvre_cleaned_2.txt,7 January 2010,DATE,52811,52825,"hived from the original on 1 June 2009. Retrieved 7 January 2010. - ^ ""Tourist Damages the 'Mona Lisa'; Stone Brea"
louvre_cleaned_2.txt,Stone Breaks Glass,ORG,52865,52883,"nuary 2010. - ^ ""Tourist Damages the 'Mona Lisa'; Stone Breaks Glass in Louvre--Paint Slightly Chipped Tourist Damages"
louvre_cleaned_2.txt,Louve Painting Portrait,PERSON,52934,52957,"in Louvre--Paint Slightly Chipped Tourist Damages Louve Painting Portrait Deemed Uriceless"". The New York Times. 31 Decembe"
louvre_cleaned_2.txt,Deemed Uriceless,PERSON,52958,52974,"y Chipped Tourist Damages Louve Painting Portrait Deemed Uriceless"". The New York Times. 31 December 1956. p. 1. ISS"
louvre_cleaned_2.txt,31 December 1956,DATE,52997,53013,"g Portrait Deemed Uriceless"". The New York Times. 31 December 1956. p. 1. ISSN 1553-8095. Retrieved 5 December 2024."
louvre_cleaned_2.txt,Undamaged After Woman'S,ORG,53096,53119," 5 December 2024. - ^ ""'Mona Lisa' Still Smiling, Undamaged After Woman's Spray Attack in Tokyo"". Sarasota Herald-Tribune. "
louvre_cleaned_2.txt,Spray Attack,PERSON,53120,53132,"Mona Lisa' Still Smiling, Undamaged After Woman's Spray Attack in Tokyo"". Sarasota Herald-Tribune. 21 April 1974"
louvre_cleaned_2.txt,Sarasota Herald-Tribune,PERSON,53144,53167,", Undamaged After Woman's Spray Attack in Tokyo"". Sarasota Herald-Tribune. 21 April 1974. Retrieved 9 October 2012. - ^ ""Mo"
louvre_cleaned_2.txt,9 October 2012,DATE,53194,53208,"Sarasota Herald-Tribune. 21 April 1974. Retrieved 9 October 2012. - ^ ""Mona Lisa attacked by Russian woman"". Xinhu"
louvre_cleaned_2.txt,Xinhua News Agency,ORG,53253,53271," 2012. - ^ ""Mona Lisa attacked by Russian woman"". Xinhua News Agency. 12 August 2009. Archived from the original on 2 "
louvre_cleaned_2.txt,12 August 2009,DATE,53273,53287,"a attacked by Russian woman"". Xinhua News Agency. 12 August 2009. Archived from the original on 2 March 2012. Retr"
louvre_cleaned_2.txt,2 March 2012,DATE,53319,53331,"cy. 12 August 2009. Archived from the original on 2 March 2012. Retrieved 12 August 2009. - ^ ""Russian tourist h"
louvre_cleaned_2.txt,Hurls Mug,PERSON,53380,53389,"2. Retrieved 12 August 2009. - ^ ""Russian tourist hurls mug at Mona Lisa in Louvre"". Deseret. Associated Pres"
louvre_cleaned_2.txt,Associated Press,ORG,53424,53440,"urist hurls mug at Mona Lisa in Louvre"". Deseret. Associated Press. 11 August 2009. Retrieved 5 December 2024. - ^ """
louvre_cleaned_2.txt,11 August 2009,DATE,53442,53456," Mona Lisa in Louvre"". Deseret. Associated Press. 11 August 2009. Retrieved 5 December 2024. - ^ ""Man in wig throw"
louvre_cleaned_2.txt,May 2022,DATE,53576,53584,"ecting Mona Lisa"". ABC News. Associated Press. 30 May 2022. Retrieved 30 May 2022. - ^ Hummel, Tassilo (30 M"
louvre_cleaned_2.txt,30 May 2022,DATE,53596,53607,"BC News. Associated Press. 30 May 2022. Retrieved 30 May 2022. - ^ Hummel, Tassilo (30 May 2022). Stonestreet, "
louvre_cleaned_2.txt,Hummel,ORG,53613,53619,"ed Press. 30 May 2022. Retrieved 30 May 2022. - ^ Hummel, Tassilo (30 May 2022). Stonestreet, John (ed.). "
louvre_cleaned_2.txt,Tassilo,PERSON,53621,53628,". 30 May 2022. Retrieved 30 May 2022. - ^ Hummel, Tassilo (30 May 2022). Stonestreet, John (ed.). ""Mona Lis"
louvre_cleaned_2.txt,7 June 2022,DATE,53881,53892," Guardian. 30 May 2022. ISSN 1756-3224. Retrieved 7 June 2022. - ^ Palumbo, Jacqui (31 May 2022). ""The 'Mona Li"
louvre_cleaned_2.txt,"Palumbo, Jacqui",ORG,53898,53913," 2022. ISSN 1756-3224. Retrieved 7 June 2022. - ^ Palumbo, Jacqui (31 May 2022). ""The 'Mona Lisa' has been caked in"
louvre_cleaned_2.txt,31 May 2022,DATE,53915,53926,"3224. Retrieved 7 June 2022. - ^ Palumbo, Jacqui (31 May 2022). ""The 'Mona Lisa' has been caked in attempted va"
louvre_cleaned_2.txt,Cnn,ORG,53992,53995,"sa' has been caked in attempted vandalism stunt"". CNN. Retrieved 31 May 2022. - ^ ""Environmental activi"
louvre_cleaned_2.txt,Louvre Museum,ORG,54087,54100,"l activists hurl soup at the Mona Lisa in Paris's Louvre Museum"". France 24. 28 January 2024. Retrieved 28 Januar"
louvre_cleaned_2.txt,24. 28 January 2024,DATE,54110,54129,"t the Mona Lisa in Paris's Louvre Museum"". France 24. 28 January 2024. Retrieved 28 January 2024. - ^ ""Hidden portrait "
louvre_cleaned_2.txt,Bbc News,ORG,54228,54236," 'found under Mona Lisa', says French scientist"". BBC News. 8 December 2015. Archived from the original on 8"
louvre_cleaned_2.txt,8 December 2015,DATE,54238,54253,"der Mona Lisa', says French scientist"". BBC News. 8 December 2015. Archived from the original on 8 December 2015. R"
louvre_cleaned_2.txt,Vinci Editions,ORG,54412,54426,"umiere on the Mona Lisa: Hidden portraits. Paris: Vinci Editions. ISBN 978-2-9548-2584-7. - ^ McAloon, Jonathan (1"
louvre_cleaned_2.txt,Mcaloon,PERSON,54456,54463,"aris: Vinci Editions. ISBN 978-2-9548-2584-7. - ^ McAloon, Jonathan (10 December 2015). ""The Missing Mona L"
louvre_cleaned_2.txt,10 December 2015,DATE,54475,54491,"s. ISBN 978-2-9548-2584-7. - ^ McAloon, Jonathan (10 December 2015). ""The Missing Mona Lisa"". Apollo. Archived from "
louvre_cleaned_2.txt,The Missing Mona Lisa,WORK_OF_ART,54495,54516,"584-7. - ^ McAloon, Jonathan (10 December 2015). ""The Missing Mona Lisa"". Apollo. Archived from the original on 15 Decemb"
louvre_cleaned_2.txt,Apollo,ORG,54519,54525,"than (10 December 2015). ""The Missing Mona Lisa"". Apollo. Archived from the original on 15 December 2015. "
louvre_cleaned_2.txt,15 December 2015,DATE,54557,54573,"Mona Lisa"". Apollo. Archived from the original on 15 December 2015. - ^ ""Secret Portrait Hidden Under Mona Lisa, Cla"
louvre_cleaned_2.txt,Secret Portrait Hidden Under Mona Lisa,WORK_OF_ART,54580,54618,"hived from the original on 15 December 2015. - ^ ""Secret Portrait Hidden Under Mona Lisa, Claims French Scientist"". Newsweek. 8 December 2"
louvre_cleaned_2.txt,Newsweek,ORG,54646,54654,"Hidden Under Mona Lisa, Claims French Scientist"". Newsweek. 8 December 2015. Archived from the original on 8"
louvre_cleaned_2.txt,Lomazzo,PERSON,54751,54758,"n 8 December 2015. Retrieved 8 December 2015. - ^ Lomazzo, Gian Paolo (1584). Treatise on the art of painti"
louvre_cleaned_2.txt,Gian Paolo,PERSON,54760,54770,"ber 2015. Retrieved 8 December 2015. - ^ Lomazzo, Gian Paolo (1584). Treatise on the art of painting. Milan. -"
louvre_cleaned_2.txt,1584,DATE,54772,54776,"trieved 8 December 2015. - ^ Lomazzo, Gian Paolo (1584). Treatise on the art of painting. Milan. - ^ Cot"
louvre_cleaned_2.txt,Milan,GPE,54812,54817,"an Paolo (1584). Treatise on the art of painting. Milan. - ^ Cotte, Pascal; Simonot, Lionel (September 20"
louvre_cleaned_2.txt,Lionel,ORG,54847,54853,"t of painting. Milan. - ^ Cotte, Pascal; Simonot, Lionel (September 2020). ""Mona Lisa's spolvero revealed"""
louvre_cleaned_2.txt,September 2020,DATE,54855,54869,"nting. Milan. - ^ Cotte, Pascal; Simonot, Lionel (September 2020). ""Mona Lisa's spolvero revealed"". Journal of Cul"
louvre_cleaned_2.txt,Journal Of Cultural Heritage,ORG,54905,54933,"September 2020). ""Mona Lisa's spolvero revealed"". Journal of Cultural Heritage. 45: 1–9. doi:10.1016/j.culher.2020.08.004. - ^ K"
louvre_cleaned_2.txt,Doi:10.1016,PERSON,54944,54955,"revealed"". Journal of Cultural Heritage. 45: 1–9. doi:10.1016/j.culher.2020.08.004. - ^ Kalb, Claudia (1 May 20"
louvre_cleaned_2.txt,Kalb,GPE,54982,54986,"e. 45: 1–9. doi:10.1016/j.culher.2020.08.004. - ^ Kalb, Claudia (1 May 2019). ""Why Leonardo da Vinci's b"
louvre_cleaned_2.txt,Claudia,GPE,54988,54995," 1–9. doi:10.1016/j.culher.2020.08.004. - ^ Kalb, Claudia (1 May 2019). ""Why Leonardo da Vinci's brilliance"
louvre_cleaned_2.txt,1 May 2019,DATE,54997,55007,":10.1016/j.culher.2020.08.004. - ^ Kalb, Claudia (1 May 2019). ""Why Leonardo da Vinci's brilliance endures, 50"
louvre_cleaned_2.txt,500 Years,DATE,55055,55064,"19). ""Why Leonardo da Vinci's brilliance endures, 500 years after his death"". National Geographic. Archived f"
louvre_cleaned_2.txt,National Geographic,ORG,55083,55102,"s brilliance endures, 500 years after his death"". National Geographic. Archived from the original on 15 April 2019. Ret"
louvre_cleaned_2.txt,15 April 2019,DATE,55134,55147,"ational Geographic. Archived from the original on 15 April 2019. Retrieved 21 August 2020. - ^ ""Ageing Mona Lisa "
louvre_cleaned_2.txt,26 April 2004,DATE,55224,55237," - ^ ""Ageing Mona Lisa worries Louvre"". BBC News. 26 April 2004. Archived from the original on 16 August 2009. Re"
louvre_cleaned_2.txt,16 August 2009,DATE,55269,55283,"ews. 26 April 2004. Archived from the original on 16 August 2009. Retrieved 24 October 2009. - ^ Bramly, Serge (19"
louvre_cleaned_2.txt,"Bramly, Serge",ORG,55316,55329,"on 16 August 2009. Retrieved 24 October 2009. - ^ Bramly, Serge (1996). Mona Lisa. Thames and Hudson. ISBN 978-0-"
louvre_cleaned_2.txt,1996,DATE,55331,55335,"09. Retrieved 24 October 2009. - ^ Bramly, Serge (1996). Mona Lisa. Thames and Hudson. ISBN 978-0-500-23"
louvre_cleaned_2.txt,Lisa Story,PERSON,55442,55452,"- ^ Sassoon, Donald (2006). Leonardo and the Mona Lisa Story: The History of a Painting Told in Pictures. Alle"
louvre_cleaned_2.txt,Allen & Unwin,ORG,55498,55511,"tory: The History of a Painting Told in Pictures. Allen & Unwin. ISBN 978-1-74114-902-9. - ^ ""Biographical index "
louvre_cleaned_2.txt,Pastellists.Com,ORG,55588,55603," ^ ""Biographical index of collectors of pastels"". Pastellists.com. Archived from the original on 15 June 2013. Retr"
louvre_cleaned_2.txt,15 June 2013,DATE,55635,55647,""". Pastellists.com. Archived from the original on 15 June 2013. Retrieved 3 June 2013. - ^ ""Mona Lisa gains new "
louvre_cleaned_2.txt,6 April 2005,DATE,55716,55728,"2013. - ^ ""Mona Lisa gains new Louvre home"". BBC. 6 April 2005. Archived from the original on 1 February 2008. R"
louvre_cleaned_2.txt,1 February 2008,DATE,55760,55775," BBC. 6 April 2005. Archived from the original on 1 February 2008. Retrieved 27 April 2008. - ^ Fontoynont, Marc et"
louvre_cleaned_2.txt,Fontoynont,GPE,55806,55816," on 1 February 2008. Retrieved 27 April 2008. - ^ Fontoynont, Marc et al. ""Lighting Mona Lisa with LEDs Archiv"
louvre_cleaned_2.txt,Marc Et Al,PERSON,55818,55828,"ry 2008. Retrieved 27 April 2008. - ^ Fontoynont, Marc et al. ""Lighting Mona Lisa with LEDs Archived 8 March 2"
louvre_cleaned_2.txt,Lighting Mona Lisa,WORK_OF_ART,55831,55849,"ieved 27 April 2008. - ^ Fontoynont, Marc et al. ""Lighting Mona Lisa with LEDs Archived 8 March 2014 at the Wayback Ma"
louvre_cleaned_2.txt,8 March 2014,DATE,55869,55881,"arc et al. ""Lighting Mona Lisa with LEDs Archived 8 March 2014 at the Wayback Machine"" Note Archived 29 August 2"
louvre_cleaned_2.txt,"The Wayback Machine"" Note Archived",ORG,55885,55919,"ting Mona Lisa with LEDs Archived 8 March 2014 at the Wayback Machine"" Note Archived 29 August 2014 at the Wayback Machine. SBI / Aalb"
louvre_cleaned_2.txt,29 August 2014,DATE,55920,55934," March 2014 at the Wayback Machine"" Note Archived 29 August 2014 at the Wayback Machine. SBI / Aalborg University,"
louvre_cleaned_2.txt,The Wayback Machine,ORG,55938,55957," Wayback Machine"" Note Archived 29 August 2014 at the Wayback Machine. SBI / Aalborg University, June 2013. - ^ ""Nippon"
louvre_cleaned_2.txt,Sbi / Aalborg University,ORG,55959,55983,"e Archived 29 August 2014 at the Wayback Machine. SBI / Aalborg University, June 2013. - ^ ""Nippon Television Network Corpor"
louvre_cleaned_2.txt,June 2013,DATE,55985,55994,"at the Wayback Machine. SBI / Aalborg University, June 2013. - ^ ""Nippon Television Network Corporation"". Ntv"
louvre_cleaned_2.txt,Nippon Television Network Corporation,ORG,56001,56038,"achine. SBI / Aalborg University, June 2013. - ^ ""Nippon Television Network Corporation"". Ntv.co.jp. 6 April 2005. Archived from the orig"
louvre_cleaned_2.txt,8 October 2010,DATE,56096,56110,"o.jp. 6 April 2005. Archived from the original on 8 October 2010. Retrieved 21 November 2010. - ^ ""Mona Lisa fans "
louvre_cleaned_2.txt,21 November 2010,DATE,56122,56138,"ed from the original on 8 October 2010. Retrieved 21 November 2010. - ^ ""Mona Lisa fans decry brief encounter with t"
louvre_cleaned_2.txt,13 August 2019,DATE,56223,56237,"ncounter with their idol in Paris"". The Guardian. 13 August 2019. ISSN 1756-3224. Retrieved 24 August 2020. - ^ Sa"
louvre_cleaned_2.txt,24 August 2020,DATE,56265,56279,"ardian. 13 August 2019. ISSN 1756-3224. Retrieved 24 August 2020. - ^ Samuel, Henry (7 October 2019). ""Will new Mo"
louvre_cleaned_2.txt,Samuel,PERSON,56285,56291,"19. ISSN 1756-3224. Retrieved 24 August 2020. - ^ Samuel, Henry (7 October 2019). ""Will new Mona Lisa queu"
louvre_cleaned_2.txt,7 October 2019,DATE,56300,56314,"224. Retrieved 24 August 2020. - ^ Samuel, Henry (7 October 2019). ""Will new Mona Lisa queuing system in restored "
louvre_cleaned_2.txt,12 October 2019,DATE,56492,56507,"d from the original on 10 January 2022. Retrieved 12 October 2019. - ^ ""Leonardo da Vinci's Unexamined Life as a Pa"
louvre_cleaned_2.txt,Unexamined Life,ORG,56534,56549,"trieved 12 October 2019. - ^ ""Leonardo da Vinci's Unexamined Life as a Painter"". The Atlantic. 1 December 2019. Ret"
louvre_cleaned_2.txt,1 December 2019,DATE,56579,56594,"ci's Unexamined Life as a Painter"". The Atlantic. 1 December 2019. Retrieved 1 December 2019. - ^ ""Louvre exhibit h"
louvre_cleaned_2.txt,Моне Лизе,WORK_OF_ART,56747,56756,"1 December 2019. Retrieved 1 December 2019. - ^ """"Моне Лизе"" обещают свою комнату. В Лувре считают, что полот"
louvre_cleaned_2.txt,Лувре,GPE,56782,56787,"er 2019. - ^ """"Моне Лизе"" обещают свою комнату. В Лувре считают, что полотно ""плохо расположено"""" (in Rus"
louvre_cleaned_2.txt,Ru.Euronews.Com,ORG,56844,56859,"т, что полотно ""плохо расположено"""" (in Russian). ru.euronews.com. 25 April 2024. Retrieved 7 May 2024. - ^ Veltman"
louvre_cleaned_2.txt,25 April 2024,DATE,56861,56874,"лохо расположено"""" (in Russian). ru.euronews.com. 25 April 2024. Retrieved 7 May 2024. - ^ Veltman, Chloe (28 Apr"
louvre_cleaned_2.txt,7 May 2024,DATE,56886,56896,"ssian). ru.euronews.com. 25 April 2024. Retrieved 7 May 2024. - ^ Veltman, Chloe (28 April 2024). ""The Louvre "
louvre_cleaned_2.txt,"Veltman, Chloe",ORG,56902,56916,"ews.com. 25 April 2024. Retrieved 7 May 2024. - ^ Veltman, Chloe (28 April 2024). ""The Louvre Museum looks to reho"
louvre_cleaned_2.txt,28 April 2024,DATE,56918,56931,"l 2024. Retrieved 7 May 2024. - ^ Veltman, Chloe (28 April 2024). ""The Louvre Museum looks to rehouse the 'Mona L"
louvre_cleaned_2.txt,22 August 2024,DATE,57033,57047,"a' in its own room — underground"". NPR. Retrieved 22 August 2024. - ^ Zollner gives a date of c. 1504, most others"
louvre_cleaned_2.txt,C. 1504,DATE,57077,57084,"ieved 22 August 2024. - ^ Zollner gives a date of c. 1504, most others say c. 1506 - ^ Zöllner, Frank. Leon"
louvre_cleaned_2.txt,1506,DATE,57105,57109,"llner gives a date of c. 1504, most others say c. 1506 - ^ Zöllner, Frank. Leonardo Da Vinci, 1452–1519."
louvre_cleaned_2.txt,Farago,GPE,57211,57217,". 161. - ^ Clark, Kenneth (1999). ""Mona Lisa"". In Farago, Claire J. (ed.). Leonardo Da Vinci, Selected Sch"
louvre_cleaned_2.txt,Claire J. (Ed.,PERSON,57219,57233," ^ Clark, Kenneth (1999). ""Mona Lisa"". In Farago, Claire J. (ed.). Leonardo Da Vinci, Selected Scholarship: Leonar"
louvre_cleaned_2.txt,Selected Scholarship,GPE,57255,57275,""". In Farago, Claire J. (ed.). Leonardo Da Vinci, Selected Scholarship: Leonardo's projects, c. 1500–1519. Taylor & Fran"
louvre_cleaned_2.txt,C. 1500–1519,DATE,57298,57310,"Vinci, Selected Scholarship: Leonardo's projects, c. 1500–1519. Taylor & Francis. p. 214. ISBN 978-0-8153-2935-0"
louvre_cleaned_2.txt,Taylor & Francis,ORG,57312,57328,"d Scholarship: Leonardo's projects, c. 1500–1519. Taylor & Francis. p. 214. ISBN 978-0-8153-2935-0. - ^ a b ""The myt"
louvre_cleaned_2.txt,10 July 2017,DATE,57474,57486,"02. ISSN 1756-3224. Archived from the original on 10 July 2017. Retrieved 5 December 2024. - ^ Samuels, Ernest; "
louvre_cleaned_2.txt,Samuels,GPE,57519,57526,"l on 10 July 2017. Retrieved 5 December 2024. - ^ Samuels, Ernest; Samuels, Jayne (1987). Bernard Berenson,"
louvre_cleaned_2.txt,Ernest,GPE,57528,57534,"uly 2017. Retrieved 5 December 2024. - ^ Samuels, Ernest; Samuels, Jayne (1987). Bernard Berenson, the Mak"
louvre_cleaned_2.txt,Jayne,PERSON,57545,57550,"ed 5 December 2024. - ^ Samuels, Ernest; Samuels, Jayne (1987). Bernard Berenson, the Making of a Legend."
louvre_cleaned_2.txt,1987,DATE,57552,57556,"cember 2024. - ^ Samuels, Ernest; Samuels, Jayne (1987). Bernard Berenson, the Making of a Legend. Harva"
louvre_cleaned_2.txt,Legend,ORG,57593,57599,", Jayne (1987). Bernard Berenson, the Making of a Legend. Harvard University Press. p. 215. ISBN 978-0-674"
louvre_cleaned_2.txt,Gil Blas / Dir,PERSON,57664,57678,"rsity Press. p. 215. ISBN 978-0-674-06779-0. - ^ ""Gil Blas / dir. A. Dumont"". Gallica. 30 September 1911. - ^ Salm"
louvre_cleaned_2.txt,Gallica,PERSON,57692,57699,"8-0-674-06779-0. - ^ ""Gil Blas / dir. A. Dumont"". Gallica. 30 September 1911. - ^ Salmon, André (15 Septemb"
louvre_cleaned_2.txt,30 September 1911,DATE,57701,57718,"6779-0. - ^ ""Gil Blas / dir. A. Dumont"". Gallica. 30 September 1911. - ^ Salmon, André (15 September 1920). ""L'Art vi"
louvre_cleaned_2.txt,Salmon,ORG,57724,57730," dir. A. Dumont"". Gallica. 30 September 1911. - ^ Salmon, André (15 September 1920). ""L'Art vivant"". Paris"
louvre_cleaned_2.txt,André,PERSON,57732,57737," Dumont"". Gallica. 30 September 1911. - ^ Salmon, André (15 September 1920). ""L'Art vivant"". Paris : G. C"
louvre_cleaned_2.txt,15 September 1920,DATE,57739,57756,""". Gallica. 30 September 1911. - ^ Salmon, André (15 September 1920). ""L'Art vivant"". Paris : G. Crès – via Internet "
louvre_cleaned_2.txt,Philadelphia Museum Of Art,ORG,57820,57846,"nt"". Paris : G. Crès – via Internet Archive. - ^ ""Philadelphia Museum of Art – Collections Object : Tea Time (Woman with a Tea"
louvre_cleaned_2.txt,Teaspoon,GPE,57893,57901,"Art – Collections Object : Tea Time (Woman with a Teaspoon)"". www.philamuseum.org. - ^ Jones, Jonathan (26 M"
louvre_cleaned_2.txt,Jones,PERSON,57930,57935,"Woman with a Teaspoon)"". www.philamuseum.org. - ^ Jones, Jonathan (26 May 2001). ""L.H.O.O.Q., Marcel Duch"
louvre_cleaned_2.txt,26 May 2001,DATE,57947,57958,"poon)"". www.philamuseum.org. - ^ Jones, Jonathan (26 May 2001). ""L.H.O.O.Q., Marcel Duchamp (1919)"". The Guardi"
louvre_cleaned_2.txt,"L.H.O.O.Q., Marcel Duchamp",ORG,57962,57988,"lamuseum.org. - ^ Jones, Jonathan (26 May 2001). ""L.H.O.O.Q., Marcel Duchamp (1919)"". The Guardian. ISSN 1756-3224. Archived f"
louvre_cleaned_2.txt,9 May 2014,DATE,58058,58068,"an. ISSN 1756-3224. Archived from the original on 9 May 2014. Retrieved 12 June 2009. - ^ Marting, Marco De (2"
louvre_cleaned_2.txt,12 June 2009,DATE,58080,58092,"chived from the original on 9 May 2014. Retrieved 12 June 2009. - ^ Marting, Marco De (2003). ""Mona Lisa: Who is"
louvre_cleaned_2.txt,Marco De,PERSON,58107,58115," 9 May 2014. Retrieved 12 June 2009. - ^ Marting, Marco De (2003). ""Mona Lisa: Who is Hidden Behind the Woma"
louvre_cleaned_2.txt,Art Science Research Laboratory,ORG,58188,58219,"o is Hidden Behind the Woman with the Mustache?"". Art Science Research Laboratory. Archived from the original on 20 March 2008. Ret"
louvre_cleaned_2.txt,20 March 2008,DATE,58251,58264,"esearch Laboratory. Archived from the original on 20 March 2008. Retrieved 27 April 2008. - ^ Dalí, Salvador. ""Se"
louvre_cleaned_2.txt,"Dalí, Salvador",ORG,58295,58309,"al on 20 March 2008. Retrieved 27 April 2008. - ^ Dalí, Salvador. ""Self Portrait as Mona Lisa"". Mona Lisa Images f"
louvre_cleaned_2.txt,Self Portrait,WORK_OF_ART,58312,58325,"08. Retrieved 27 April 2008. - ^ Dalí, Salvador. ""Self Portrait as Mona Lisa"". Mona Lisa Images for a Modern Worl"
louvre_cleaned_2.txt,Mona Lisa Images,PERSON,58341,58357,"- ^ Dalí, Salvador. ""Self Portrait as Mona Lisa"". Mona Lisa Images for a Modern World by Robert A. Baron (from the c"
louvre_cleaned_2.txt,Robert A. Baron,PERSON,58380,58395,"ona Lisa"". Mona Lisa Images for a Modern World by Robert A. Baron (from the catalog of an exhibition at the Museum "
louvre_cleaned_2.txt,The Museum Of Modern Art,ORG,58434,58458,"rt A. Baron (from the catalog of an exhibition at the Museum of Modern Art and the Philadelphia Museum of Art, 1973, p. 195)"
louvre_cleaned_2.txt,"The Philadelphia Museum Of Art,",ORG,58463,58494," of an exhibition at the Museum of Modern Art and the Philadelphia Museum of Art, 1973, p. 195). Archived from the original on 28 O"
louvre_cleaned_2.txt,1973,DATE,58495,58499,"of Modern Art and the Philadelphia Museum of Art, 1973, p. 195). Archived from the original on 28 Octobe"
louvre_cleaned_2.txt,28 October 2009,DATE,58540,58555,"Art, 1973, p. 195). Archived from the original on 28 October 2009. Retrieved 24 October 2009. - ^ Sassoon, Donald ("
louvre_cleaned_2.txt,Harvest Books,ORG,58632,58645,". - ^ Sassoon, Donald (2003). Becoming Mona Lisa. Harvest Books via Amazon Search Inside. p. 251. ISBN 978-0-15-6"
louvre_cleaned_2.txt,Amazon Search Inside,ORG,58650,58670,"ald (2003). Becoming Mona Lisa. Harvest Books via Amazon Search Inside. p. 251. ISBN 978-0-15-602711-3. - ^ ""The £20,000"
louvre_cleaned_2.txt,Rubik,ORG,58721,58726," p. 251. ISBN 978-0-15-602711-3. - ^ ""The £20,000 Rubik's Cube Mona Lisa"". Metro. 29 January 2009. Archiv"
louvre_cleaned_2.txt,29 January 2009,DATE,58753,58768," - ^ ""The £20,000 Rubik's Cube Mona Lisa"". Metro. 29 January 2009. Archived from the original on 26 July 2014. Retr"
louvre_cleaned_2.txt,26 July 2014,DATE,58800,58812,"o. 29 January 2009. Archived from the original on 26 July 2014. Retrieved 18 July 2014. - ^ Schwartz, Benjamin ("
louvre_cleaned_2.txt,18 July 2014,DATE,58824,58836,"ived from the original on 26 July 2014. Retrieved 18 July 2014. - ^ Schwartz, Benjamin (3 October 2014). ""Daily "
louvre_cleaned_2.txt,Schwartz,PERSON,58842,58850,"inal on 26 July 2014. Retrieved 18 July 2014. - ^ Schwartz, Benjamin (3 October 2014). ""Daily Cartoon: Frida"
louvre_cleaned_2.txt,Benjamin,PERSON,58852,58860," July 2014. Retrieved 18 July 2014. - ^ Schwartz, Benjamin (3 October 2014). ""Daily Cartoon: Friday, October"
louvre_cleaned_2.txt,3 October 2014,DATE,58862,58876,". Retrieved 18 July 2014. - ^ Schwartz, Benjamin (3 October 2014). ""Daily Cartoon: Friday, October 3rd"". The New Y"
louvre_cleaned_2.txt,Daily Cartoon,WORK_OF_ART,58880,58893,"y 2014. - ^ Schwartz, Benjamin (3 October 2014). ""Daily Cartoon: Friday, October 3rd"". The New Yorker. ISSN 0028-"
louvre_cleaned_2.txt,"Friday, October 3Rd",DATE,58895,58914,"wartz, Benjamin (3 October 2014). ""Daily Cartoon: Friday, October 3rd"". The New Yorker. ISSN 0028-792X. Retrieved 5 Dec"
louvre_cleaned_2.txt,Alan,PERSON,58988,58992,"0028-792X. Retrieved 5 December 2024. - ^ Riding, Alan (6 April 2005). ""In Louvre, New Room With View of"
louvre_cleaned_2.txt,"Louvre, New Room With View Of '",ORG,59013,59044,"cember 2024. - ^ Riding, Alan (6 April 2005). ""In Louvre, New Room With View of 'Mona Lisa'"". The New York Times. ISSN 1553-8095. A"
louvre_cleaned_2.txt,25 June 2011,DATE,59123,59135,"es. ISSN 1553-8095. Archived from the original on 25 June 2011. Retrieved 7 October 2007. - ^ Sassoon, Donald. """
louvre_cleaned_2.txt,7 October 2007,DATE,59147,59161,"ived from the original on 25 June 2011. Retrieved 7 October 2007. - ^ Sassoon, Donald. ""Why is the Mona Lisa Famou"
louvre_cleaned_2.txt,La Trobe University Podcast,ORG,59216,59243," Sassoon, Donald. ""Why is the Mona Lisa Famous?"". La Trobe University Podcast. Archived from the original on 4 July 2015. Retri"
louvre_cleaned_2.txt,4 July 2015,DATE,59275,59286,"University Podcast. Archived from the original on 4 July 2015. Retrieved 20 January 2014. - ^ a b c Sassoon, Do"
louvre_cleaned_2.txt,20 January 2014,DATE,59298,59313,"hived from the original on 4 July 2015. Retrieved 20 January 2014. - ^ a b c Sassoon, Donald (2001). ""Mona Lisa: th"
louvre_cleaned_2.txt,History Workshop Journal,ORG,59407,59431,"sa: the Best-Known Girl in the Whole Wide World"". History Workshop Journal. 2001 (51) (vol 2001 ed.): 1. doi:10.1093/hwj/200"
louvre_cleaned_2.txt,1477-4569,DATE,59494,59503,"vol 2001 ed.): 1. doi:10.1093/hwj/2001.51.1. ISSN 1477-4569. - ^ ""The Theft That Made The 'Mona Lisa' A Maste"
louvre_cleaned_2.txt,Wyeth,PERSON,59634,59639," NPR. 30 July 2011. Retrieved 24 August 2020. - ^ Wyeth, N. C. (1888). ""The Ladies' home journal"": v. ISS"
louvre_cleaned_2.txt,N. C.,PERSON,59641,59646,"0 July 2011. Retrieved 24 August 2020. - ^ Wyeth, N. C. (1888). ""The Ladies' home journal"": v. ISSN 0023-"
louvre_cleaned_2.txt,1888,DATE,59648,59652,"2011. Retrieved 24 August 2020. - ^ Wyeth, N. C. (1888). ""The Ladies' home journal"": v. ISSN 0023-7124. "
louvre_cleaned_2.txt,Issn 0023-7124,ORG,59686,59700,"eth, N. C. (1888). ""The Ladies' home journal"": v. ISSN 0023-7124. {{cite journal}} : Cite journal requires|journal"
louvre_cleaned_2.txt,Requires|Journal=,PERSON,59734,59751,". ISSN 0023-7124. {{cite journal}} : Cite journal requires|journal= (help) - ^ Santana, Marco. ""Ladies' Home Journal "
louvre_cleaned_2.txt,Santana,GPE,59763,59770,"nal}} : Cite journal requires|journal= (help) - ^ Santana, Marco. ""Ladies' Home Journal to cease monthly pu"
louvre_cleaned_2.txt,Marco,PERSON,59772,59777,"ite journal requires|journal= (help) - ^ Santana, Marco. ""Ladies' Home Journal to cease monthly publicati"
louvre_cleaned_2.txt,Monthly,DATE,59810,59817," ^ Santana, Marco. ""Ladies' Home Journal to cease monthly publication"". The Des Moines Register. Retrieved "
louvre_cleaned_2.txt,The Des Moines Register,ORG,59832,59855,"dies' Home Journal to cease monthly publication"". The Des Moines Register. Retrieved 12 March 2026. - ^ Gopnik, Blake (7 Ma"
louvre_cleaned_2.txt,12 March 2026,DATE,59867,59880," publication"". The Des Moines Register. Retrieved 12 March 2026. - ^ Gopnik, Blake (7 May 2004). ""A Record Picass"
louvre_cleaned_2.txt,"Gopnik, Blake",ORG,59886,59899,"Des Moines Register. Retrieved 12 March 2026. - ^ Gopnik, Blake (7 May 2004). ""A Record Picasso and the Hype Pric"
louvre_cleaned_2.txt,7 May 2004,DATE,59901,59911,"ster. Retrieved 12 March 2026. - ^ Gopnik, Blake (7 May 2004). ""A Record Picasso and the Hype Price of Status "
louvre_cleaned_2.txt,A Record Picasso,WORK_OF_ART,59915,59931,"d 12 March 2026. - ^ Gopnik, Blake (7 May 2004). ""A Record Picasso and the Hype Price of Status Objects"". The Washin"
louvre_cleaned_2.txt,The Hype Price Of Status,ORG,59936,59960,"Gopnik, Blake (7 May 2004). ""A Record Picasso and the Hype Price of Status Objects"". The Washington Post. Archived from the "
louvre_cleaned_2.txt,The Washington Post,ORG,59971,59990,"rd Picasso and the Hype Price of Status Objects"". The Washington Post. Archived from the original on 29 November 2016. "
louvre_cleaned_2.txt,29 November 2016,DATE,60022,60038,"he Washington Post. Archived from the original on 29 November 2016. Retrieved 28 November 2016. - ^ ""The Mona Lisa"" "
louvre_cleaned_2.txt,19 March 2018,DATE,60159,60172,"useum of Art. Archived from the original (PDF) on 19 March 2018. Retrieved 8 January 2018. - ^ Stolow, Nathan (19"
louvre_cleaned_2.txt,8 January 2018,DATE,60184,60198,"om the original (PDF) on 19 March 2018. Retrieved 8 January 2018. - ^ Stolow, Nathan (1987). Conservation and exhi"
louvre_cleaned_2.txt,5 October 2012,DATE,60395,60409," 978-0-408-01434-2. Archived from the original on 5 October 2012. Retrieved 10 October 2010. - ^ ""Today in Met His"
louvre_cleaned_2.txt,Today In Met History,WORK_OF_ART,60443,60463,"n 5 October 2012. Retrieved 10 October 2010. - ^ ""Today in Met History: February 4"". Metropolitan Museum of Art. 4 Febru"
louvre_cleaned_2.txt,February 4,DATE,60465,60475,"ieved 10 October 2010. - ^ ""Today in Met History: February 4"". Metropolitan Museum of Art. 4 February 2013. Re"
louvre_cleaned_2.txt,February 2013,DATE,60508,60521,"story: February 4"". Metropolitan Museum of Art. 4 February 2013. Retrieved 8 January 2018. - ^ ""Another art anniv"
louvre_cleaned_2.txt,13 January 2013,DATE,60685,60700," a sprinkler malfunction"". boweryboyshistory.com. 13 January 2013. Retrieved 8 January 2018. - ^ Bohm-Duchen, Monic"
louvre_cleaned_2.txt,The French Ministry Of Foreign,ORG,60889,60919,"978-0-520-23378-2. Retrieved 10 October 2010. - ^ The French Ministry of Foreign affairs. ""The Louvre, the most visited museum in "
louvre_cleaned_2.txt,Ministry Of Foreign Affairs,ORG,61010,61037,"useum in the world (01.15)"". France Diplomatie :: Ministry of Foreign Affairs and International Development. Archived from the "
louvre_cleaned_2.txt,International Development,ORG,61042,61067,nce Diplomatie :: Ministry of Foreign Affairs and International Development. Archived from the original on 22 December 2015. 
louvre_cleaned_2.txt,22 December 2015,DATE,61099,61115,"tional Development. Archived from the original on 22 December 2015. - ^ ""On a Mission to Loosen Up the Louvre"". The "
louvre_cleaned_2.txt,11 October 2009,DATE,61181,61196,"ion to Loosen Up the Louvre"". The New York Times. 11 October 2009. ISSN 1553-8095. Archived from the original on 24"
louvre_cleaned_2.txt,24 December 2016,DATE,61244,61260,"09. ISSN 1553-8095. Archived from the original on 24 December 2016. Retrieved 5 December 2024. - ^ Young, Mark, ed. "
louvre_cleaned_2.txt,Mark,PERSON,61300,61304,"ember 2016. Retrieved 5 December 2024. - ^ Young, Mark, ed. (1999). The Guinness Book of World Records 1"
louvre_cleaned_2.txt,24,DATE,61483,61485,"sell the Mona Lisa to pay off its debts?"". France 24. 2 September 2014. Archived from the original on "
louvre_cleaned_2.txt,September 2014,DATE,61489,61503,"he Mona Lisa to pay off its debts?"". France 24. 2 September 2014. Archived from the original on 30 November 2015. "
louvre_cleaned_2.txt,30 November 2015,DATE,61535,61551,". 2 September 2014. Archived from the original on 30 November 2015. - ^ ""Mona Lisa 31213"". Lego.com. Lego Art. Retri"
louvre_cleaned_2.txt,Lego.Com,ORG,61576,61584,"ginal on 30 November 2015. - ^ ""Mona Lisa 31213"". Lego.com. Lego Art. Retrieved 22 August 2024. - ^ ""Olimpía"
louvre_cleaned_2.txt,Lego Art,PERSON,61586,61594,"0 November 2015. - ^ ""Mona Lisa 31213"". Lego.com. Lego Art. Retrieved 22 August 2024. - ^ ""Olimpíadas: Minio"
louvre_cleaned_2.txt,Olimpíadas: Minions,WORK_OF_ART,61627,61646,"ego.com. Lego Art. Retrieved 22 August 2024. - ^ ""Olimpíadas: Minions aparecem em cerimônia de abertura e viralizam nas"
louvre_cleaned_2.txt,Viralizam Nas,PERSON,61683,61696,"adas: Minions aparecem em cerimônia de abertura e viralizam nas redes; assista"". ge (in Brazilian Portuguese). 26"
louvre_cleaned_2.txt,Assista,PERSON,61704,61711,"m em cerimônia de abertura e viralizam nas redes; assista"". ge (in Brazilian Portuguese). 26 July 2024. Ret"
louvre_cleaned_2.txt,Ge,ORG,61714,61716,"ônia de abertura e viralizam nas redes; assista"". ge (in Brazilian Portuguese). 26 July 2024. Retrieve"
louvre_cleaned_2.txt,26 July 2024,DATE,61744,61756,"as redes; assista"". ge (in Brazilian Portuguese). 26 July 2024. Retrieved 17 January 2025. - ^ ""Minions 'roubam'"
louvre_cleaned_2.txt,17 January 2025,DATE,61768,61783,"in Brazilian Portuguese). 26 July 2024. Retrieved 17 January 2025. - ^ ""Minions 'roubam' Mona Lisa - e a cena - em "
louvre_cleaned_2.txt,Mona Lisa - E,PERSON,61807,61820," Retrieved 17 January 2025. - ^ ""Minions 'roubam' Mona Lisa - e a cena - em Cerimônia de Abertura de Paris 2024; "
louvre_cleaned_2.txt,Cerimônia De Abertura De Paris 2024,ORG,61833,61868,". - ^ ""Minions 'roubam' Mona Lisa - e a cena - em Cerimônia de Abertura de Paris 2024; entenda"". ESPN.com (in Portuguese). 26 July 2024"
louvre_cleaned_2.txt,Museo Nacional Del Prado,PERSON,61986,62010,"uary 2025. - ^ ""La Gioconda, Leonardo's atelier"". Museo Nacional del Prado. Archived from the original on 8 December 2015. R"
louvre_cleaned_2.txt,7 December 2015,DATE,62069,62084,"d from the original on 8 December 2015. Retrieved 7 December 2015. - ^ ""The 'Prado Mona Lisa' – The Mona Lisa Found"
louvre_cleaned_2.txt,The Mona Lisa Foundation,ORG,62115,62139,"ved 7 December 2015. - ^ ""The 'Prado Mona Lisa' – The Mona Lisa Foundation"". The Mona Lisa Foundation. 11 September 2012. Ar"
louvre_cleaned_2.txt,September 2012,DATE,62171,62185,"na Lisa Foundation"". The Mona Lisa Foundation. 11 September 2012. Archived from the original on 17 December 2015. "
louvre_cleaned_2.txt,17 December 2015,DATE,62217,62233," 11 September 2012. Archived from the original on 17 December 2015. Retrieved 11 December 2015. - ^ Carbon, C. C.; H"
louvre_cleaned_2.txt,Carbon,PERSON,62267,62273,"17 December 2015. Retrieved 11 December 2015. - ^ Carbon, C. C.; Hesslinger, V. M. (August 2013). ""Da Vinc"
louvre_cleaned_2.txt,Hesslinger,PERSON,62282,62292,"5. Retrieved 11 December 2015. - ^ Carbon, C. C.; Hesslinger, V. M. (August 2013). ""Da Vinci's Mona Lisa Enter"
louvre_cleaned_2.txt,V. M.,PERSON,62294,62299," 11 December 2015. - ^ Carbon, C. C.; Hesslinger, V. M. (August 2013). ""Da Vinci's Mona Lisa Entering the"
louvre_cleaned_2.txt,August 2013,DATE,62301,62312,"ember 2015. - ^ Carbon, C. C.; Hesslinger, V. M. (August 2013). ""Da Vinci's Mona Lisa Entering the Next Dimensi"
louvre_cleaned_2.txt,Da Vinci'S,PERSON,62316,62326," Carbon, C. C.; Hesslinger, V. M. (August 2013). ""Da Vinci's Mona Lisa Entering the Next Dimension"". Perceptio"
louvre_cleaned_2.txt,Mona Lisa Entering,PERSON,62327,62345," C.; Hesslinger, V. M. (August 2013). ""Da Vinci's Mona Lisa Entering the Next Dimension"". Perception. 42 (8): 887–893."
louvre_cleaned_2.txt,42,DATE,62379,62381,"na Lisa Entering the Next Dimension"". Perception. 42 (8): 887–893. doi:10.1068/p7524. PMID 24303752. -"
louvre_cleaned_2.txt,Archived,ORG,62486,62494,eened animated gif of Mona Lisa and Prado version Archived 7 February 2017 at the Wayback Machine by Carbon 
louvre_cleaned_2.txt,February 2017,DATE,62497,62510,ted gif of Mona Lisa and Prado version Archived 7 February 2017 at the Wayback Machine by Carbon and Hesslinger -
louvre_cleaned_2.txt,Brooks,PERSON,62563,62569," the Wayback Machine by Carbon and Hesslinger - ^ Brooks, K. R. (1 January 2017). ""Depth Perception and th"
louvre_cleaned_2.txt,1 January 2017,DATE,62578,62592,"chine by Carbon and Hesslinger - ^ Brooks, K. R. (1 January 2017). ""Depth Perception and the History of Three-Dime"
louvre_cleaned_2.txt,2041669516680114,DATE,62721,62737," First Stereoscopic Images?"". i-Perception. 8 (1) 2041669516680114: 204166951668011. doi:10.1177/2041669516680114. P"
louvre_cleaned_2.txt,204166951668011,DATE,62739,62754,"c Images?"". i-Perception. 8 (1) 2041669516680114: 204166951668011. doi:10.1177/2041669516680114. PMC 5298491. PMID "
louvre_cleaned_2.txt,Pmc,ORG,62786,62789,"4: 204166951668011. doi:10.1177/2041669516680114. PMC 5298491. PMID 28203349. - ^ Dutta, Kunal (15 Dece"
louvre_cleaned_2.txt,5298491,DATE,62790,62797,"04166951668011. doi:10.1177/2041669516680114. PMC 5298491. PMID 28203349. - ^ Dutta, Kunal (15 December 201"
louvre_cleaned_2.txt,"Dutta, Kunal",ORG,62818,62830,"2041669516680114. PMC 5298491. PMID 28203349. - ^ Dutta, Kunal (15 December 2014). ""'Early Mona Lisa': Unveiling"
louvre_cleaned_2.txt,15 December 2014,DATE,62832,62848,"14. PMC 5298491. PMID 28203349. - ^ Dutta, Kunal (15 December 2014). ""'Early Mona Lisa': Unveiling the one-in-a-mill"
louvre_cleaned_2.txt,16 December 2014,DATE,62998,63014," Independent.co.uk. Archived from the original on 16 December 2014. - ^ Rosenbaum, Matthew (27 September 2012). ""Sec"
louvre_cleaned_2.txt,Rosenbaum,ORG,63020,63029,"chived from the original on 16 December 2014. - ^ Rosenbaum, Matthew (27 September 2012). ""Second Mona Lisa U"
louvre_cleaned_2.txt,Matthew,PERSON,63031,63038," the original on 16 December 2014. - ^ Rosenbaum, Matthew (27 September 2012). ""Second Mona Lisa Unveiled f"
louvre_cleaned_2.txt,27 September 2012,DATE,63040,63057,"inal on 16 December 2014. - ^ Rosenbaum, Matthew (27 September 2012). ""Second Mona Lisa Unveiled for First Time in 40"
louvre_cleaned_2.txt,First Time,ORG,63091,63101,"7 September 2012). ""Second Mona Lisa Unveiled for First Time in 40 Years"". ABC News. ABC News Internet Venture"
louvre_cleaned_2.txt,40 Years,DATE,63105,63113,"12). ""Second Mona Lisa Unveiled for First Time in 40 Years"". ABC News. ABC News Internet Ventures. Retrieved"
louvre_cleaned_2.txt,Abc News Internet Ventures,ORG,63126,63152,"a Unveiled for First Time in 40 Years"". ABC News. ABC News Internet Ventures. Retrieved 12 June 2020. - ^ Alastair Sooke (17 F"
louvre_cleaned_2.txt,12 June 2020,DATE,63164,63176,". ABC News. ABC News Internet Ventures. Retrieved 12 June 2020. - ^ Alastair Sooke (17 February 2015). ""The Isle"
louvre_cleaned_2.txt,Alastair Sooke,PERSON,63182,63196,"ws Internet Ventures. Retrieved 12 June 2020. - ^ Alastair Sooke (17 February 2015). ""The Isleworth Mona Lisa: A s"
louvre_cleaned_2.txt,17 February 2015,DATE,63198,63214,"ures. Retrieved 12 June 2020. - ^ Alastair Sooke (17 February 2015). ""The Isleworth Mona Lisa: A second Leonardo mas"
louvre_cleaned_2.txt,Reuters.Com,ORG,63382,63393,"New proof said found for ""original"" Mona Lisa –"". Reuters.com. 13 February 2013. Retrieved 26 July 2017. - ^ Lo"
louvre_cleaned_2.txt,13 February 2013,DATE,63395,63411,"d found for ""original"" Mona Lisa –"". Reuters.com. 13 February 2013. Retrieved 26 July 2017. - ^ Lorusso, Salvatore; "
louvre_cleaned_2.txt,30 December 2015,DATE,63477,63493,"uly 2017. - ^ Lorusso, Salvatore; Natali, Andrea (30 December 2015). ""Mona Lisa: A Comparative Evaluation of the Dif"
louvre_cleaned_2.txt,July 1989,DATE,63682,63691,":10.6092/issn.1973-9494/6168. - ^ Asmus, John F. (July 1989). ""Computer Studies Of The Isleworth And Louvre M"
louvre_cleaned_2.txt,Optical Engineering,ORG,63753,63772," Studies Of The Isleworth And Louvre Mona Lisas"". Optical Engineering. 28 (7): 800. Bibcode:1989OptEn..28..800A. doi:10"
louvre_cleaned_2.txt,Geneva,GPE,63903,63909,": ""Alessandro Vezzosi, who spoke at the launch in Geneva, and Carlo Pedretti, the great Leonardo specialis"
louvre_cleaned_2.txt,Dario,PERSON,64152,64157,"da (copy), hermitagemuseum.org. - ^ Mastromattei, Dario (16 February 2016). ""La Gioconda (o Monna Lisa) d"
louvre_cleaned_2.txt,16 February 2016,DATE,64159,64175,"y), hermitagemuseum.org. - ^ Mastromattei, Dario (16 February 2016). ""La Gioconda (o Monna Lisa) di Leonardo da Vinc"
louvre_cleaned_2.txt,Horstmann G,PERSON,64242,64253,"o Monna Lisa) di Leonardo da Vinci: analisi"". - ^ Horstmann G, Loth S (2019). ""The Mona Lisa Illusion-Scientist"
louvre_cleaned_2.txt,The Mona Lisa Illusion-Scientists See Her Looking At Them Though She,WORK_OF_ART,64271,64339,"Vinci: analisi"". - ^ Horstmann G, Loth S (2019). ""The Mona Lisa Illusion-Scientists See Her Looking at Them Though She Isn't"". Iperception. 10 (1). doi:10.1177/20416695"
louvre_cleaned_2.txt,6327345,DATE,64403,64410,eption. 10 (1). doi:10.1177/2041669518821702. PMC 6327345. PMID 30671222. - ^ Goldener Schnitt – Proportion
louvre_cleaned_2.txt,Goldener Schnitt,PERSON,64431,64447,2041669518821702. PMC 6327345. PMID 30671222. - ^ Goldener Schnitt – Proportionen und Harmonie in der Malerei Mathot
louvre_cleaned_2.txt,Malerei Mathothek,PERSON,64483,64500,"ldener Schnitt – Proportionen und Harmonie in der Malerei Mathothek, August 15, 2018 - ^ Herbert Henning, Christian H"
louvre_cleaned_2.txt,"August 15, 2018 - ^",DATE,64502,64521,"oportionen und Harmonie in der Malerei Mathothek, August 15, 2018 - ^ Herbert Henning, Christian Hartfeldt: Das Lächeln"
louvre_cleaned_2.txt,Herbert Henning,PERSON,64522,64537,"nie in der Malerei Mathothek, August 15, 2018 - ^ Herbert Henning, Christian Hartfeldt: Das Lächeln der Mona Lisa F"
louvre_cleaned_2.txt,Christian Hartfeldt,PERSON,64539,64558,"i Mathothek, August 15, 2018 - ^ Herbert Henning, Christian Hartfeldt: Das Lächeln der Mona Lisa Faculty of Mathematics"
louvre_cleaned_2.txt,Mona Lisa Faculty Of Mathematics,PERSON,64576,64608,"ert Henning, Christian Hartfeldt: Das Lächeln der Mona Lisa Faculty of Mathematics at the Otto von Guericke University Magdeburg, PD"
louvre_cleaned_2.txt,Magdeburg,GPE,64645,64654,"f Mathematics at the Otto von Guericke University Magdeburg, PDF presentation, page 49 (from the article: Vom"
louvre_cleaned_2.txt,Vom Lächeln,ORG,64701,64712,"urg, PDF presentation, page 49 (from the article: Vom Lächeln der Mona Lisa und der Schönheit einer Sonnenblume"
louvre_cleaned_2.txt,Schönheit,ORG,64735,64744,"om the article: Vom Lächeln der Mona Lisa und der Schönheit einer Sonnenblume in: Der Mathematikunterricht, 5"
louvre_cleaned_2.txt,Der Mathematikunterricht,PERSON,64767,64791,"Mona Lisa und der Schönheit einer Sonnenblume in: Der Mathematikunterricht, 53 (2007), No. 1/2, pages 93–102) - ^ The Fibona"
louvre_cleaned_2.txt,53 (2007,DATE,64793,64801,"t einer Sonnenblume in: Der Mathematikunterricht, 53 (2007), No. 1/2, pages 93–102) - ^ The Fibonacci Sequen"
louvre_cleaned_2.txt,Fiona Grießhammer,PERSON,64909,64926," Mona Lisa on thefibonaccisequence.weebly.com - ^ Fiona Grießhammer, Rebekka Maas: Fibonacci-Zahlen und der Goldene S"
louvre_cleaned_2.txt,Fibonacci-Zahlen,ORG,64942,64958,"e.weebly.com - ^ Fiona Grießhammer, Rebekka Maas: Fibonacci-Zahlen und der Goldene Schnitt from the seminar topics o"
louvre_cleaned_2.txt,Goldene Schnitt,PERSON,64967,64982,"ießhammer, Rebekka Maas: Fibonacci-Zahlen und der Goldene Schnitt from the seminar topics of the Faculty of Mathema"
louvre_cleaned_2.txt,The Faculty Of Mathematics And Computer Science,ORG,65010,65057,"nd der Goldene Schnitt from the seminar topics of the Faculty of Mathematics and Computer Science at the Leipzig University (PDF document, page 43)"
louvre_cleaned_2.txt,The Leipzig University,ORG,65061,65083,"he Faculty of Mathematics and Computer Science at the Leipzig University (PDF document, page 43) - ^ Isaacson, Walter (201"
louvre_cleaned_2.txt,"Isaacson, Walter (2017",ORG,65112,65134,"he Leipzig University (PDF document, page 43) - ^ Isaacson, Walter (2017). Leonardo da Vinci. Simon & Schuster. p. 205. IS"
louvre_cleaned_2.txt,Simon & Schuster,ORG,65156,65172,") - ^ Isaacson, Walter (2017). Leonardo da Vinci. Simon & Schuster. p. 205. ISBN 9781501139161. the evidence that Le"
louvre_cleaned_2.txt,9781501139161,DATE,65187,65200,Leonardo da Vinci. Simon & Schuster. p. 205. ISBN 9781501139161. the evidence that Leonardo made use of the preci
louvre_cleaned_2.txt,Sources - Bartz,ORG,65290,65305," the precise mathematical ratio is not convincing Sources - Bartz, Gabriele; König, Eberhard (2001). Art and Archit"
louvre_cleaned_2.txt,Gabriele,PERSON,65307,65315,"ematical ratio is not convincing Sources - Bartz, Gabriele; König, Eberhard (2001). Art and Architecture, Lo"
louvre_cleaned_2.txt,König,GPE,65317,65322,"atio is not convincing Sources - Bartz, Gabriele; König, Eberhard (2001). Art and Architecture, Louvre. N"
louvre_cleaned_2.txt,Eberhard,PERSON,65324,65332," not convincing Sources - Bartz, Gabriele; König, Eberhard (2001). Art and Architecture, Louvre. New York: B"
louvre_cleaned_2.txt,Barnes & Noble Books,ORG,65381,65401,"d (2001). Art and Architecture, Louvre. New York: Barnes & Noble Books. ISBN 978-0-7607-2577-1. - Bohm-Duchen, Monica (2"
louvre_cleaned_2.txt,The Private Life Of A,ORG,65457,65478," 978-0-7607-2577-1. - Bohm-Duchen, Monica (2001). The Private Life of a Masterpiece. Berkeley, California: University of "
louvre_cleaned_2.txt,Masterpiece,GPE,65479,65490,"Bohm-Duchen, Monica (2001). The Private Life of a Masterpiece. Berkeley, California: University of California P"
louvre_cleaned_2.txt,Berkeley,GPE,65492,65500,"Monica (2001). The Private Life of a Masterpiece. Berkeley, California: University of California Press. ISBN"
louvre_cleaned_2.txt,Angela Ottino,PERSON,65580,65593,"lifornia Press. ISBN 978-0-520-23378-2. - Chiesa, Angela Ottino della (1967). The Complete Paintings of Leonardo "
louvre_cleaned_2.txt,1967,DATE,65601,65605,"978-0-520-23378-2. - Chiesa, Angela Ottino della (1967). The Complete Paintings of Leonardo da Vinci. Pe"
louvre_cleaned_2.txt,The Complete Paintings Of,ORG,65608,65633,"20-23378-2. - Chiesa, Angela Ottino della (1967). The Complete Paintings of Leonardo da Vinci. Penguin Classics of World Art."
louvre_cleaned_2.txt,Claire J.,PERSON,65741,65750," Penguin Books. ISBN 978-0-14-008649-2. - Farago, Claire J. (1999). Leonardo's Projects, c. 1500–1519. Oxford"
louvre_cleaned_2.txt,The Marvelous Works Of Nature And Man,ORG,65886,65923,"2935-0. - Kemp, Martin (2006). Leonardo da Vinci: The Marvelous Works of Nature and Man. Oxford: Oxford University Press. ISBN 978-0-19-2"
louvre_cleaned_2.txt,Fifty Years Of Sanity,DATE,66027,66048,"5-0. - Kemp, Martin (2018). Living with Leonardo: Fifty Years of Sanity and Insanity in the Art World and Beyond. London:"
louvre_cleaned_2.txt,Milestones,GPE,66190,66200,"- Kemp, Martin (2019). Leonardo da Vinci: The 100 Milestones. New York: Sterling. ISBN 978-1-4549-304-26. - Ma"
louvre_cleaned_2.txt,- Marani,PERSON,66246,66254,"ones. New York: Sterling. ISBN 978-1-4549-304-26. - Marani, Pietro C. (2003) [2000]. Leonardo da Vinci: The "
louvre_cleaned_2.txt,Pietro C.,PERSON,66256,66265,"York: Sterling. ISBN 978-1-4549-304-26. - Marani, Pietro C. (2003) [2000]. Leonardo da Vinci: The Complete Pa"
louvre_cleaned_2.txt,The Complete Paintings,ORG,66300,66322,"rani, Pietro C. (2003) [2000]. Leonardo da Vinci: The Complete Paintings. New York: Harry N. Abrams. ISBN 978-0-8109-3581-"
louvre_cleaned_2.txt,Daniela,PERSON,66387,66394,"ry N. Abrams. ISBN 978-0-8109-3581-5. - Turudich, Daniela (2003). Plucked, Shaved & Braided: Medieval and R"
louvre_cleaned_2.txt,North Branford,GPE,66496,66510,"aissance Beauty and Grooming Practices 1000–1600. North Branford, Connecticut: Streamline Press. ISBN 978-1-930064"
louvre_cleaned_2.txt,Connecticut,GPE,66512,66523,"and Grooming Practices 1000–1600. North Branford, Connecticut: Streamline Press. ISBN 978-1-930064-08-9. - Vasa"
louvre_cleaned_2.txt,Streamline Press,ORG,66525,66541,"Practices 1000–1600. North Branford, Connecticut: Streamline Press. ISBN 978-1-930064-08-9. - Vasari, Giorgio (1879)"
louvre_cleaned_2.txt,Scultori Ed Architettori,PERSON,66636,66660,"1879) [1550]. Le vite de' più eccellenti pittori, scultori ed architettori (in Italian). Vol. 4. Florence: G.C. Sansoni. - W"
louvre_cleaned_2.txt,G.C. Sansoni,PERSON,66693,66705,"i ed architettori (in Italian). Vol. 4. Florence: G.C. Sansoni. - Wilson, Colin (2000). The Mammoth Encyclopedia"
louvre_cleaned_2.txt,Colin,PERSON,66717,66722,"alian). Vol. 4. Florence: G.C. Sansoni. - Wilson, Colin (2000). The Mammoth Encyclopedia of the Unsolved."
louvre_cleaned_2.txt,Unsolved,GPE,66763,66771,"on, Colin (2000). The Mammoth Encyclopedia of the Unsolved. New York: Carroll & Graf Publishers. ISBN 978-0-"
louvre_cleaned_2.txt,Carroll & Graf Publishers,ORG,66783,66808,"e Mammoth Encyclopedia of the Unsolved. New York: Carroll & Graf Publishers. ISBN 978-0-7867-0793-5. - Woods-Marsden, Joanna "
louvre_cleaned_2.txt,Joanna,PERSON,66851,66857,"lishers. ISBN 978-0-7867-0793-5. - Woods-Marsden, Joanna (2001). ""Portrait of the Lady, 1430–1520"". In Bro"
louvre_cleaned_2.txt,Lady,PERSON,66883,66887," - Woods-Marsden, Joanna (2001). ""Portrait of the Lady, 1430–1520"". In Brown, David Alan (ed.). Virtue &"
louvre_cleaned_2.txt,Brown,PERSON,66904,66909,"nna (2001). ""Portrait of the Lady, 1430–1520"". In Brown, David Alan (ed.). Virtue & Beauty. London: Princ"
louvre_cleaned_2.txt,David Alan,PERSON,66911,66921,"01). ""Portrait of the Lady, 1430–1520"". In Brown, David Alan (ed.). Virtue & Beauty. London: Princeton Univers"
louvre_cleaned_2.txt,Ed,PERSON,66923,66925,"it of the Lady, 1430–1520"". In Brown, David Alan (ed.). Virtue & Beauty. London: Princeton University "
louvre_cleaned_2.txt,Virtue & Beauty,ORG,66929,66944,"the Lady, 1430–1520"". In Brown, David Alan (ed.). Virtue & Beauty. London: Princeton University Press. pp. 64–87. I"
louvre_cleaned_2.txt,Princeton University Press,ORG,66954,66980,"Brown, David Alan (ed.). Virtue & Beauty. London: Princeton University Press. pp. 64–87. ISBN 978-0-691-09057-3. - Zöllner, Fr"
louvre_cleaned_2.txt,64–87,PERSON,66986,66991,"& Beauty. London: Princeton University Press. pp. 64–87. ISBN 978-0-691-09057-3. - Zöllner, Frank (2015)."
louvre_cleaned_2.txt,The Complete Paintings And Drawings,ORG,67148,67183,"15-3. - Zöllner, Frank (2019). Leonardo da Vinci: The Complete Paintings and Drawings (Anniversary ed.). Cologne: Taschen. ISBN 978-3-8"
louvre_cleaned_2.txt,1975,DATE,67278,67282,"8-3-8365-7625-3. Further reading - McMullen, Roy (1975). Mona Lisa: The Picture and the Myth. Boston: Ho"
louvre_cleaned_2.txt,Houghton Mifflin Company,ORG,67330,67354,"75). Mona Lisa: The Picture and the Myth. Boston: Houghton Mifflin Company. - Sassoon, Donald (2001). Becoming Mona Lisa: Th"
louvre_cleaned_2.txt,"Harcourt,",ORG,67441,67450,"Mona Lisa: The Making of a Global Icon. New York: Harcourt, Inc. External links - Sassoon, Donald (21 January"
louvre_cleaned_2.txt,21 January 2014,DATE,67490,67505," Harcourt, Inc. External links - Sassoon, Donald (21 January 2014). #26: Why is the Mona Lisa Famous?. La Trobe Uni"
louvre_cleaned_2.txt,La Trobe University,ORG,67543,67562,January 2014). #26: Why is the Mona Lisa Famous?. La Trobe University podcast blog. Archived from the original on 4 Jul
louvre_cleaned_2.txt,Zürich,GPE,67711,67717,"rdo's Earlier Version"". The Mona Lisa Foundation. Zürich, Switzerland. 14 October 2012. Archived from the "
louvre_cleaned_2.txt,14 October 2012,DATE,67732,67747,""". The Mona Lisa Foundation. Zürich, Switzerland. 14 October 2012. Archived from the original on 26 June 2015. Retr"
louvre_cleaned_2.txt,26 June 2015,DATE,67779,67791,"d. 14 October 2012. Archived from the original on 26 June 2015. Retrieved 5 November 2015. - ""True Colors of the"
louvre_cleaned_2.txt,5 November 2015,DATE,67803,67818,"ived from the original on 26 June 2015. Retrieved 5 November 2015. - ""True Colors of the Mona Lisa Revealed"" (Press"
louvre_cleaned_2.txt,True Colors Of The Mona Lisa Revealed,WORK_OF_ART,67823,67860,"al on 26 June 2015. Retrieved 5 November 2015. - ""True Colors of the Mona Lisa Revealed"" (Press release). Paris: Lumiere Technology. 19 O"
louvre_cleaned_2.txt,Lumiere Technology,ORG,67886,67904,"f the Mona Lisa Revealed"" (Press release). Paris: Lumiere Technology. 19 October 2006. Archived from the original on 2"
louvre_cleaned_2.txt,19 October 2006,DATE,67906,67921,"aled"" (Press release). Paris: Lumiere Technology. 19 October 2006. Archived from the original on 26 June 2015. Retr"
louvre_cleaned_2.txt,The Center For Research And Restoration Of The Museums Of France,ORG,68029,68093,November 2015. - Scientific analyses conducted by the Center for Research and Restoration of the Museums of France (C2RMF) Compare layers of the painting as reveale
louvre_cleaned_2.txt,Stealing Mona Lisa,WORK_OF_ART,68219,68237,"ed reflectography and ultraviolet fluorescence - ""Stealing Mona Lisa"". Dorothy & Thomas Hoobler. May 2009. excerpt of "
louvre_cleaned_2.txt,Dorothy & Thomas Hoobler,PERSON,68240,68264," ultraviolet fluorescence - ""Stealing Mona Lisa"". Dorothy & Thomas Hoobler. May 2009. excerpt of book. Vanity Fair - Discuss"
louvre_cleaned_2.txt,May 2009,DATE,68266,68274,"- ""Stealing Mona Lisa"". Dorothy & Thomas Hoobler. May 2009. excerpt of book. Vanity Fair - Discussion by Jan"
louvre_cleaned_2.txt,Vanity Fair - Discussion,ORG,68293,68317,othy & Thomas Hoobler. May 2009. excerpt of book. Vanity Fair - Discussion by Janina Ramirez and Martin Kemp: Art Detective 
louvre_cleaned_2.txt,Janina Ramirez,PERSON,68321,68335,"009. excerpt of book. Vanity Fair - Discussion by Janina Ramirez and Martin Kemp: Art Detective Podcast, 18 Jan 20"
louvre_cleaned_2.txt,Art Detective Podcast,PERSON,68353,68374,"r - Discussion by Janina Ramirez and Martin Kemp: Art Detective Podcast, 18 Jan 2017 - Leonardo's Mona Lisa Archived 4 No"
louvre_cleaned_2.txt,18 Jan 2017,DATE,68376,68387,"a Ramirez and Martin Kemp: Art Detective Podcast, 18 Jan 2017 - Leonardo's Mona Lisa Archived 4 November 2014 a"
louvre_cleaned_2.txt,Mona Lisa Archived,PERSON,68401,68419,": Art Detective Podcast, 18 Jan 2017 - Leonardo's Mona Lisa Archived 4 November 2014 at the Wayback Machine, Smarthist"
louvre_cleaned_2.txt,November 2014,DATE,68422,68435,"st, 18 Jan 2017 - Leonardo's Mona Lisa Archived 4 November 2014 at the Wayback Machine, Smarthistory (video) - Se"
louvre_cleaned_2.txt,"The Wayback Machine, Smarthistory",ORG,68439,68472," Leonardo's Mona Lisa Archived 4 November 2014 at the Wayback Machine, Smarthistory (video) - Secrets of the Mona Lisa, Discovery Cha"
louvre_cleaned_2.txt,Youtube - The Tricks Of Leonardo Da Vinci & Hieronymus Bosch,ORG,68542,68602,"f the Mona Lisa, Discovery Channel documentary on YouTube - The Tricks of Leonardo da Vinci & Hieronymus Bosch. Xavier d'Hérouville & Aurore Caulier. December 2"
louvre_cleaned_2.txt,Xavier D'Hérouville & Aurore Caulier,ORG,68604,68640,e Tricks of Leonardo da Vinci & Hieronymus Bosch. Xavier d'Hérouville & Aurore Caulier. December 2023. HAL Open Science
louvre_cleaned_2.txt,December 2023,DATE,68642,68655,ymus Bosch. Xavier d'Hérouville & Aurore Caulier. December 2023. HAL Open Science
louvre_cleaned_3.txt,Venus De Milo - Wikipedia,ORG,11,36,--- title: Venus de Milo - Wikipedia author: Authority control databases International
louvre_cleaned_3.txt,International Viaf Gnd National,ORG,73,104,o - Wikipedia author: Authority control databases International VIAF GND National United States France BnF data Israel url: https:/
louvre_cleaned_3.txt,France,GPE,119,125,ses International VIAF GND National United States France BnF data Israel url: https://en.wikipedia.org/wik
louvre_cleaned_3.txt,Bnf,ORG,126,129,ernational VIAF GND National United States France BnF data Israel url: https://en.wikipedia.org/wiki/Ve
louvre_cleaned_3.txt,Israel,GPE,135,141,l VIAF GND National United States France BnF data Israel url: https://en.wikipedia.org/wiki/Venus_de_Milo 
louvre_cleaned_3.txt,"Wikimedia Foundation, Inc.",ORG,225,251,"i/Venus_de_Milo hostname: wikipedia.org sitename: Wikimedia Foundation, Inc. date: 2002-05-25 --- Venus de Milo | Venus de Mil"
louvre_cleaned_3.txt,2002-05-25,DATE,258,268,"ia.org sitename: Wikimedia Foundation, Inc. date: 2002-05-25 --- Venus de Milo | Venus de Milo | | |---|---| |"
louvre_cleaned_3.txt,Venus De Milo,ORG,273,286,": Wikimedia Foundation, Inc. date: 2002-05-25 --- Venus de Milo | Venus de Milo | | |---|---| | Ἀφροδίτη τῆς Μήλο"
louvre_cleaned_3.txt,Ἀφροδίτη,PERSON,319,327,--- Venus de Milo | Venus de Milo | | |---|---| | Ἀφροδίτη τῆς Μήλου | | | Year | 2nd century BC | | Medium 
louvre_cleaned_3.txt,Μήλου,ORG,332,337,Milo | Venus de Milo | | |---|---| | Ἀφροδίτη τῆς Μήλου | | | Year | 2nd century BC | | Medium | Parian m
louvre_cleaned_3.txt,2Nd Century,DATE,351,362,o | | |---|---| | Ἀφροδίτη τῆς Μήλου | | | Year | 2nd century BC | | Medium | Parian marble | | Subject | Aphro
louvre_cleaned_3.txt,Bc,ORG,363,365,--| | Ἀφροδίτη τῆς Μήλου | | | Year | 2nd century BC | | Medium | Parian marble | | Subject | Aphrodit
louvre_cleaned_3.txt,Subject,PERSON,397,404,r | 2nd century BC | | Medium | Parian marble | | Subject | Aphrodite (Venus) | | Dimensions | 204 cm (6 ft
louvre_cleaned_3.txt,Dimensions,ORG,429,439,Parian marble | | Subject | Aphrodite (Venus) | | Dimensions | 204 cm (6 ft 8 in)[a] | | Condition | Arms brok
louvre_cleaned_3.txt,Location,ORG,518,526,"Condition | Arms broken off; otherwise intact | | Location | Louvre, Paris | The Venus de Milo or Aphrodite "
louvre_cleaned_3.txt,Paris,GPE,537,542,"oken off; otherwise intact | | Location | Louvre, Paris | The Venus de Milo or Aphrodite of Melos[b] is a"
louvre_cleaned_3.txt,The Venus De Milo,ORG,545,562,"; otherwise intact | | Location | Louvre, Paris | The Venus de Milo or Aphrodite of Melos[b] is an ancient Greek marb"
louvre_cleaned_3.txt,The 2Nd Century,DATE,742,757," uncertain, but the modern consensus places it in the 2nd century BC, perhaps between 160 and 110 BC. It was discov"
louvre_cleaned_3.txt,1820,DATE,815,819,"haps between 160 and 110 BC. It was discovered in 1820 on the island of Milos, Greece, and has been disp"
louvre_cleaned_3.txt,Milos,GPE,837,842,"10 BC. It was discovered in 1820 on the island of Milos, Greece, and has been displayed at the Louvre Mus"
louvre_cleaned_3.txt,Greece,GPE,844,850,"It was discovered in 1820 on the island of Milos, Greece, and has been displayed at the Louvre Museum sinc"
louvre_cleaned_3.txt,The Louvre Museum,ORG,878,895,"sland of Milos, Greece, and has been displayed at the Louvre Museum since 1821. Since the statue's discovery, it has "
louvre_cleaned_3.txt,1821,DATE,902,906,"and has been displayed at the Louvre Museum since 1821. Since the statue's discovery, it has become one "
louvre_cleaned_3.txt,Venus,PERSON,1128,1133,"reek goddess of love, whose Roman counterpart was Venus. Made of Parian marble, the statue is larger than"
louvre_cleaned_3.txt,Alexandros,PERSON,1662,1672,"und near the sculpture, it has been attributed to Alexandros from Antioch on the Maeander, though the name on "
louvre_cleaned_3.txt,Antioch,ORG,1678,1685,"lpture, it has been attributed to Alexandros from Antioch on the Maeander, though the name on the inscripti"
louvre_cleaned_3.txt,Maeander,ORG,1693,1701,"been attributed to Alexandros from Antioch on the Maeander, though the name on the inscription is uncertain "
louvre_cleaned_3.txt,Louvre,PERSON,1850,1856,Venus de Milo rapidly became a cornerstone of the Louvre's antiquities collection in the aftermath of the 
louvre_cleaned_3.txt,19Th-Century,DATE,2055,2067,"es. The statue inspired over 70 poems, influenced 19th-century art and the Surrealist movement in the early 20th"
louvre_cleaned_3.txt,The Early 20Th Century,DATE,2103,2125,"d 19th-century art and the Surrealist movement in the early 20th century, and has been featured in various modern artistic"
louvre_cleaned_3.txt,Aphrodite,PERSON,2765,2774," marble statue[3] of a Greek goddess, most likely Aphrodite, depicted with a bare torso and drapery over the "
louvre_cleaned_3.txt,Kenneth Clark,PERSON,4148,4161,"nd the deeply carved drapery are Hellenistic.[16] Kenneth Clark describes the figure as ""the last great work of a"
louvre_cleaned_3.txt,5Th-Century,DATE,4375,4386,"has consciously attempted to give the effect of a 5th-century work"", while also using ""the inventions of his ow"
louvre_cleaned_3.txt,8 April 1820,DATE,4700,4712,"scovery [edit]The Venus de Milo was discovered on 8 April 1820 by a Greek farmer on the island of Milos, then st"
louvre_cleaned_3.txt,The Ottoman Empire,GPE,4774,4792,"farmer on the island of Milos, then still part of the Ottoman Empire. Olivier Voutier, a French sailor interested in a"
louvre_cleaned_3.txt,Olivier Voutier,PERSON,4794,4809," of Milos, then still part of the Ottoman Empire. Olivier Voutier, a French sailor interested in archaeology, witne"
louvre_cleaned_3.txt,Voutier,ORG,4929,4936,nd encouraged the farmer to continue digging.[18] Voutier and the farmer uncovered two large pieces of the 
louvre_cleaned_3.txt,Dumont D'Urville,PERSON,5207,5223,"arently found with the Venus. One, transcribed by Dumont D'Urville, a French naval officer who arrived on Milos shor"
louvre_cleaned_3.txt,"Satios,[D",ORG,5351,5360," commemorates a dedication by one Bakchios son of Satios,[d] the assistant gymnasiarch. The other, recorded o"
louvre_cleaned_3.txt,Auguste Debay,PERSON,5430,5443,"asiarch. The other, recorded on a drawing made by Auguste Debay, preserves part of a sculptor's signature.[22][23"
louvre_cleaned_3.txt,Salomon Reinach,PERSON,6000,6015,m of Melos.[24] An alternative theory proposed by Salomon Reinach is that the findspot was instead the remains of a
louvre_cleaned_3.txt,Christofilis Maggidis,PERSON,6170,6191,"ion to the Venus;[25] this theory is dismissed by Christofilis Maggidis as having ""no factual basis"".[26] After stopping "
louvre_cleaned_3.txt,Melos,GPE,6244,6249," having ""no factual basis"".[26] After stopping in Melos, D'Urville's ship sailed to Constantinople, where"
louvre_cleaned_3.txt,D'Urville,ORG,6251,6260," ""no factual basis"".[26] After stopping in Melos, D'Urville's ship sailed to Constantinople, where he reporte"
louvre_cleaned_3.txt,Constantinople,ORG,6278,6292,"ter stopping in Melos, D'Urville's ship sailed to Constantinople, where he reported the find to the Comte de Marce"
louvre_cleaned_3.txt,The Comte De Marcellus,ORG,6324,6346," to Constantinople, where he reported the find to the Comte de Marcellus , assistant to Charles François de Riffardeau, ma"
louvre_cleaned_3.txt,Charles François De Riffardeau,PERSON,6362,6392,"the find to the Comte de Marcellus , assistant to Charles François de Riffardeau, marquis de Rivière, the French ambassador. Riviè"
louvre_cleaned_3.txt,Marquis De Rivière,PERSON,6394,6412,"us , assistant to Charles François de Riffardeau, marquis de Rivière, the French ambassador. Rivière agreed that Marce"
louvre_cleaned_3.txt,Louis Xviii,PERSON,6767,6778,"uy the Venus.[28] It was brought to France, where Louis XVIII had it installed in the Louvre.[e][28] Contrary t"
louvre_cleaned_3.txt,The Louvre.[E][28],ORG,6799,6817," to France, where Louis XVIII had it installed in the Louvre.[e][28] Contrary to the usual practice at the time, on th"
louvre_cleaned_3.txt,"Quatremère De Quincy,[31",ORG,6887,6911,"al practice at the time, on the recommendation of Quatremère de Quincy,[31] the Venus was not significantly restored but was"
louvre_cleaned_3.txt,1870,DATE,7505,7509,t remained until being removed from the museum in 1870 for protection during the Paris Commune.[35] When
louvre_cleaned_3.txt,The 1880S,DATE,7597,7606,"ne.[35] When the Salle de l'Isis was renovated in the 1880s, the Venus was given a new pedestal which allowed"
louvre_cleaned_3.txt,Venus Statues.[36],ORG,7770,7788,ch to the sculpture was filled with other ancient Venus statues.[36] A proposal in 1919 to display the Venus alongside
louvre_cleaned_3.txt,1919,DATE,7803,7807,th other ancient Venus statues.[36] A proposal in 1919 to display the Venus alongside the Leonardo's Mon
louvre_cleaned_3.txt,Leonardo,PERSON,7843,7851,oposal in 1919 to display the Venus alongside the Leonardo's Mona Lisa and Michelangelo's Dying Slave and Re
louvre_cleaned_3.txt,Mona Lisa,PERSON,7854,7863,919 to display the Venus alongside the Leonardo's Mona Lisa and Michelangelo's Dying Slave and Rebellious Sla
louvre_cleaned_3.txt,Michelangelo,PERSON,7868,7880, the Venus alongside the Leonardo's Mona Lisa and Michelangelo's Dying Slave and Rebellious Slave was never carr
louvre_cleaned_3.txt,Dying Slave And Rebellious Slave,ORG,7883,7915,"gside the Leonardo's Mona Lisa and Michelangelo's Dying Slave and Rebellious Slave was never carried out,[37] but in 1936, the sculp"
louvre_cleaned_3.txt,1936,DATE,7950,7954,"ebellious Slave was never carried out,[37] but in 1936, the sculpture was once again moved to the Salle "
louvre_cleaned_3.txt,The Salle De La Vénus De Milo,ORG,7994,8023,"ut in 1936, the sculpture was once again moved to the Salle de la Vénus de Milo to accommodate the volume of visitors to the Louv"
louvre_cleaned_3.txt,The Venus De Milo.[36,ORG,8135,8156,r Venus statues were removed to focus visitors on the Venus de Milo.[36] At this time the route for visitors through the 
louvre_cleaned_3.txt,The Château De Valençay.[39],ORG,8575,8603,"rom the Louvre for safekeeping,[36] and stored in the Château de Valençay.[39] In 1964 it was exhibited in Tokyo and Kyoto; this"
louvre_cleaned_3.txt,1964,DATE,8607,8611,36] and stored in the Château de Valençay.[39] In 1964 it was exhibited in Tokyo and Kyoto; this is the 
louvre_cleaned_3.txt,Tokyo,GPE,8632,8637,teau de Valençay.[39] In 1964 it was exhibited in Tokyo and Kyoto; this is the only time the sculpture ha
louvre_cleaned_3.txt,Kyoto,GPE,8642,8647,lençay.[39] In 1964 it was exhibited in Tokyo and Kyoto; this is the only time the sculpture has left Fra
louvre_cleaned_3.txt,1972,DATE,8745,8749,rance since it was acquired by the Louvre.[40] In 1972 an experiment was made with a new site for the sc
louvre_cleaned_3.txt,The 1980S And,DATE,8865,8878, it was temporarily moved to allow renovations in the 1980s and 1990s; by 1999 the volume of visitors to the Venu
louvre_cleaned_3.txt,1990S,DATE,8879,8884,arily moved to allow renovations in the 1980s and 1990s; by 1999 the volume of visitors to the Venus was 
louvre_cleaned_3.txt,1999,DATE,8889,8893,d to allow renovations in the 1980s and 1990s; by 1999 the volume of visitors to the Venus was causing p
louvre_cleaned_3.txt,2010,DATE,9051,9055,"ing the sculpture to its previous setting.[42] In 2010 the sculpture was installed in its new setting, w"
louvre_cleaned_3.txt,Reinach,PERSON,9673,9680,re.[45] An alternative identification proposed by Reinach is that she represents the sea-goddess Amphitrite
louvre_cleaned_3.txt,Poseidon,GPE,9779,9787,"e, and was originally grouped with a sculpture of Poseidon from Melos, discovered in 1878.[46] Other propose"
louvre_cleaned_3.txt,Muse,GPE,9865,9869,"878.[46] Other proposed identifications include a Muse, Nemesis, or Sappho.[47] The authorship and date "
louvre_cleaned_3.txt,A Month,DATE,9986,9993,"ilo were both disputed from its discovery. Within a month of its acquisition by the Louvre, three French sc"
louvre_cleaned_3.txt,Toussaint-Bernard Éméric-David,ORG,10136,10166,"disagreeing on all aspects of its interpretation: Toussaint-Bernard Éméric-David thought it dated to c. 420 BC – c. 380 BC, betwee"
louvre_cleaned_3.txt,Phidias,PERSON,10228,10235,"dated to c. 420 BC – c. 380 BC, between sculptors Phidias and Praxiteles; Quatremère de Quincy attributed i"
louvre_cleaned_3.txt,Quatremère De Quincy,PERSON,10252,10272,"380 BC, between sculptors Phidias and Praxiteles; Quatremère de Quincy attributed it to the mid-fourth century and the c"
louvre_cleaned_3.txt,Mid-Fourth Century,DATE,10294,10312,iteles; Quatremère de Quincy attributed it to the mid-fourth century and the circle of Praxiteles; and the Comte de Cl
louvre_cleaned_3.txt,Praxiteles,ORG,10331,10341,ed it to the mid-fourth century and the circle of Praxiteles; and the Comte de Clarac thought it a later copy 
louvre_cleaned_3.txt,The 19Th Century,DATE,10447,10463,ork by Praxiteles.[48] The scholarly consensus in the 19th century was that the Venus dated to the fourth century BC
louvre_cleaned_3.txt,The Fourth Century,DATE,10492,10510,"s in the 19th century was that the Venus dated to the fourth century BC. In 1893,[49] Adolf Furtwängler was the first "
louvre_cleaned_3.txt,Debay,ORG,10767,10772,"ns discovered with the statue, which was drawn by Debay as fitting into the missing section of the statue"
louvre_cleaned_3.txt,150–50,DATE,11062,11068,e lettering of the inscription suggests a date of 150–50 BC.[55] Maggidis argues based on this inscription
louvre_cleaned_3.txt,Rachel Kousser,PERSON,11381,11395,t it probably dates to c. 150 BC – c. 110 BC.[56] Rachel Kousser agrees with Furtwängler's dates for the sculpture
louvre_cleaned_3.txt,Furtwängler,ORG,11408,11419,50 BC – c. 110 BC.[56] Rachel Kousser agrees with Furtwängler's dates for the sculpture.[57] Marianne Hamiaux s
louvre_cleaned_3.txt,The Sculpture.[57] Marianne Hamiaux,ORG,11432,11467,achel Kousser agrees with Furtwängler's dates for the sculpture.[57] Marianne Hamiaux suggests c. 160 BC – c. 140 BC.[58] The associati
louvre_cleaned_3.txt,Jean-Luc Martinez,ORG,11693,11710,"och, is not universally accepted. Kousser[59] and Jean-Luc Martinez both question this connection.[60] Kousser notes "
louvre_cleaned_3.txt,Kousser,ORG,11746,11753,n-Luc Martinez both question this connection.[60] Kousser notes that though the plaque is shown fitting int
louvre_cleaned_3.txt,Magiddis,ORG,12172,12180,e Venus cannot be either proven or disproven.[24] Magiddis suggested that the Venus de Milo was carved by th
louvre_cleaned_3.txt,Isméni Trianti,ORG,12287,12301,sculptor who also made the Poseidon of Melos.[61] Isméni Trianti has suggested that three further sculptures found
louvre_cleaned_3.txt,Quatremere,PERSON,12698,12708,"nus was a single figure holding an apple, whereas Quatremere held that she was part of a group, with her arms "
louvre_cleaned_3.txt,Wilhelm Fröhner,PERSON,12877,12892,"the Venus holding wreaths, a dove, or spears.[64] Wilhelm Fröhner suggested in 1876 that the Venus de Milo's right "
louvre_cleaned_3.txt,1876,DATE,12906,12910,"dove, or spears.[64] Wilhelm Fröhner suggested in 1876 that the Venus de Milo's right hand held the drap"
louvre_cleaned_3.txt,The Venus De Milo'S,ORG,12916,12935,pears.[64] Wilhelm Fröhner suggested in 1876 that the Venus de Milo's right hand held the drapery slipping down from he
louvre_cleaned_3.txt,Scientific,ORG,13135,13145,"ers this the ""most plausible"" reconstruction.[66] Scientific analyses conducted during restoration of the Venu"
louvre_cleaned_3.txt,Martinez,PERSON,13340,13348, the sculpture were originally part of the Venus; Martinez argues that the identification of the sculpture a
louvre_cleaned_3.txt,Hamiaux,PERSON,13456,13463,holding an apple is thus definitively proved.[67] Hamiaux suggests that the Venus de Milo is of the same sc
louvre_cleaned_3.txt,The Capuan Venus,ORG,13530,13546,e Venus de Milo is of the same sculptural type as the Capuan Venus and another sculpture of Aphrodite from Perge. Sh
louvre_cleaned_3.txt,Perge,PERSON,13587,13592,uan Venus and another sculpture of Aphrodite from Perge. She argues that all derive from the cult statue 
louvre_cleaned_3.txt,Greeks,PERSON,14121,14127,"nt statues, nor enough evidence about how ancient Greeks judged artistic quality, to judge how the sculptu"
louvre_cleaned_3.txt,1949,DATE,14267,14271,"nt world.[70] But, according to Kenneth Clark (in 1949), ""within a few years of her discovery in 1820, t"
louvre_cleaned_3.txt,A Few Years,DATE,14282,14293,"ut, according to Kenneth Clark (in 1949), ""within a few years of her discovery in 1820, the Venus de Milo had t"
louvre_cleaned_3.txt,The Venus De',ORG,14403,14416,"entral, impregnable position formerly occupied by the Venus de' Medici, and even now that she has lost favour wit"
louvre_cleaned_3.txt,Napoleon,ORG,14950,14958,"owing the Napoleonic Wars, as objects acquired by Napoleon were returned to their countries of origin.[72] T"
louvre_cleaned_3.txt,The Berlin Academy,ORG,15188,15206,"hs, and bronze copies. A plaster cast was sent to the Berlin Academy in 1822, only a year after the Louvre acquired th"
louvre_cleaned_3.txt,1822,DATE,15210,15214," A plaster cast was sent to the Berlin Academy in 1822, only a year after the Louvre acquired the Venus,"
louvre_cleaned_3.txt,Only A Year,DATE,15216,15227,"ster cast was sent to the Berlin Academy in 1822, only a year after the Louvre acquired the Venus, and a cast w"
louvre_cleaned_3.txt,The Early Twentieth Century,DATE,15669,15696,"t piece in the art-historical canon,[74] while in the early twentieth century poetry about the Venus focused more on the statue"
louvre_cleaned_3.txt,Honoré Daumier'S,PERSON,15868,15884,"epicted statuettes of the figure, for instance in Honoré Daumier's The Connoisseur. 19th-century artists also used t"
louvre_cleaned_3.txt,Connoisseur,ORG,15889,15900," the figure, for instance in Honoré Daumier's The Connoisseur. 19th-century artists also used the Venus as a mo"
louvre_cleaned_3.txt,Max Klinger,PERSON,15955,15966,h-century artists also used the Venus as a model: Max Klinger based the Minerva in his Judgement of Paris on th
louvre_cleaned_3.txt,Minerva,PERSON,15977,15984, used the Venus as a model: Max Klinger based the Minerva in his Judgement of Paris on the Venus de Milo; E
louvre_cleaned_3.txt,Judgement Of Paris,ORG,15992,16010, as a model: Max Klinger based the Minerva in his Judgement of Paris on the Venus de Milo; Eugène Delacroix may have u
louvre_cleaned_3.txt,Delacroix,PERSON,16040,16049,s Judgement of Paris on the Venus de Milo; Eugène Delacroix may have used it for Liberty Leading the People.[
louvre_cleaned_3.txt,Liberty Leading,ORG,16071,16086,"us de Milo; Eugène Delacroix may have used it for Liberty Leading the People.[2] In the early 20th century, the Ven"
louvre_cleaned_3.txt,Erwin Blumenfeld,PERSON,16196,16212, caught the attention of the surrealist movement. Erwin Blumenfeld and Clarence Sinclair Bull both made photomontage
louvre_cleaned_3.txt,Clarence Sinclair Bull,ORG,16217,16239, of the surrealist movement. Erwin Blumenfeld and Clarence Sinclair Bull both made photomontages based on the Venus. Max E
louvre_cleaned_3.txt,Max Ernst,PERSON,16284,16293," Bull both made photomontages based on the Venus. Max Ernst used the Venus in his ""instruction manuals""; René"
louvre_cleaned_3.txt,René Magritte,PERSON,16339,16352,"rnst used the Venus in his ""instruction manuals""; René Magritte painted a plaster copy of the Venus, making her b"
louvre_cleaned_3.txt,The Hallucinogenic Toreador,WORK_OF_ART,16536,16563," paintings and sculptures, including his painting The Hallucinogenic Toreador, on her.[2] In contemporary art, Niki de Saint-Ph"
louvre_cleaned_3.txt,Niki De Saint-Phalle,ORG,16597,16617,"nogenic Toreador, on her.[2] In contemporary art, Niki de Saint-Phalle has used a reproduction of the Venus in a perform"
louvre_cleaned_3.txt,Yves Klein,PERSON,16673,16683,"sed a reproduction of the Venus in a performance, Yves Klein produced a copy in International Klein Blue,[76] "
louvre_cleaned_3.txt,Clive Barker,PERSON,16762,16774,"onal Klein Blue,[76] and artists including Arman, Clive Barker, and Jim Dine have all made sculptures inspired b"
louvre_cleaned_3.txt,Jim Dine,PERSON,16780,16788,"6] and artists including Arman, Clive Barker, and Jim Dine have all made sculptures inspired by the Venus.[2"
louvre_cleaned_3.txt,The 20Th Century,DATE,16897,16913,nic status of the Venus de Milo has meant that in the 20th century it has been used in film and advertising: a poste
louvre_cleaned_3.txt,1932,DATE,16973,16977,en used in film and advertising: a poster for the 1932 film Blonde Venus shows Marlene Dietrich as the V
louvre_cleaned_3.txt,Blonde Venus,ORG,16983,16995," film and advertising: a poster for the 1932 film Blonde Venus shows Marlene Dietrich as the Venus de Milo,[2] w"
louvre_cleaned_3.txt,Marlene Dietrich,PERSON,17002,17018,"ng: a poster for the 1932 film Blonde Venus shows Marlene Dietrich as the Venus de Milo,[2] while in 2003 Eva Green,"
louvre_cleaned_3.txt,2003,DATE,17053,17057,"arlene Dietrich as the Venus de Milo,[2] while in 2003 Eva Green, wearing only a white sheet and black a"
louvre_cleaned_3.txt,The Dreamers.[77],ORG,17152,17169,"ack arm-length gloves, recreated the sculpture in The Dreamers.[77] Actresses have frequently been compared to the Ve"
louvre_cleaned_3.txt,Photoplay,GPE,17238,17247,quently been compared to the Venus: an article in Photoplay in 1928 concluded the Joan Crawford was the Holly
louvre_cleaned_3.txt,1928,DATE,17251,17255,compared to the Venus: an article in Photoplay in 1928 concluded the Joan Crawford was the Hollywood act
louvre_cleaned_3.txt,Hollywood,GPE,17292,17301,oplay in 1928 concluded the Joan Crawford was the Hollywood actress whose measurements most resembled the Ven
louvre_cleaned_3.txt,Clara Bow,PERSON,17367,17376,"easurements most resembled the Venus de Milo,[78] Clara Bow and Jean Harlow were both photographed as the Ven"
louvre_cleaned_3.txt,Jean Harlow,PERSON,17381,17392,"st resembled the Venus de Milo,[78] Clara Bow and Jean Harlow were both photographed as the Venus for magazines"
louvre_cleaned_3.txt,Kellogg,ORG,17467,17474,"s the Venus for magazines.[79] Advertisements for Kellogg's cornflakes, an early speakerphone made by Gener"
louvre_cleaned_3.txt,"General Telephone & Electronics,[80",ORG,17519,17554,"llogg's cornflakes, an early speakerphone made by General Telephone & Electronics,[80] Levi's jeans and Mercedes-Benz cars have all use"
louvre_cleaned_3.txt,Levi,PERSON,17556,17560,"hone made by General Telephone & Electronics,[80] Levi's jeans and Mercedes-Benz cars have all used the "
louvre_cleaned_3.txt,Mercedes-Benz,ORG,17573,17586,"ral Telephone & Electronics,[80] Levi's jeans and Mercedes-Benz cars have all used the Venus.[2] In contrast with"
louvre_cleaned_3.txt,Fürtwangler,ORG,17695,17706,"lar and artistic appreciation of the Venus, since Fürtwangler re-dated the sculpture to the Hellenistic period "
louvre_cleaned_3.txt,Martin Robertson,PERSON,17824,17840," been more critical. In his History of Greek Art, Martin Robertson argues that the sculpture's reputation is due mor"
louvre_cleaned_3.txt,The Aphrodite Of Knidos,ORG,18049,18072,"l sculpture mentioned in ancient sources, such as the Aphrodite of Knidos, than the Venus de Milo, even when those copies a"
louvre_cleaned_3.txt,Elizabeth Prettejohn,PERSON,18187,18207,nsidered to be technically inferior to the Venus; Elizabeth Prettejohn argues that this is due to classicists' bias towa
louvre_cleaned_3.txt,Gregory Curtis,PERSON,18366,18380, b Sources vary on the exact height of the Venus. Gregory Curtis reports that it is 201 cm (6 ft 7 in).[1] Brill's
louvre_cleaned_3.txt,Brill,ORG,18423,18428, Curtis reports that it is 201 cm (6 ft 7 in).[1] Brill's New Pauly says 203 cm (6 ft 8 in).[2] The Louvr
louvre_cleaned_3.txt,New Pauly,ORG,18431,18440,reports that it is 201 cm (6 ft 7 in).[1] Brill's New Pauly says 203 cm (6 ft 8 in).[2] The Louvre's online c
louvre_cleaned_3.txt,Alain Pasquier,ORG,18580,18594,"hristofilis Maggidis says 211 cm (6 ft 11 in).[4] Alain Pasquier says 204 cm (6 ft 8 in) excluding the plinth, or "
louvre_cleaned_3.txt,Mee,ORG,18724,18727,"it.[5] - ^ /də ˈmaɪloʊ, də ˈmiːloʊ/ də MY-loh, də MEE-loh; Ancient Greek: Ἀφροδίτη τῆς Μήλου, romanized"
louvre_cleaned_3.txt,Ancient Greek,ORG,18733,18746,"^ /də ˈmaɪloʊ, də ˈmiːloʊ/ də MY-loh, də MEE-loh; Ancient Greek: Ἀφροδίτη τῆς Μήλου, romanized: Aphrodítē tēs Mḗl"
louvre_cleaned_3.txt,Sattos,PERSON,19005,19011,ed that the inscription should be emended to read Sattos or S. Atios.[21] - ^ Sources differ on the exact 
louvre_cleaned_3.txt,Louis,GPE,19168,19173,"de Rivière gave the sculpture to the king,[29] or Louis bought it;[28] according to Gregory Curtis, de Ri"
louvre_cleaned_3.txt,It;[28,GPE,19181,19187,"ve the sculpture to the king,[29] or Louis bought it;[28] according to Gregory Curtis, de Rivière ""offered"
louvre_cleaned_3.txt,De Forbin,PERSON,19290,19299,"he Venus to the king for the Louvre and the comte de Forbin, the curator of the Louvre, reimbursed de Rivière"
louvre_cleaned_3.txt,1901,DATE,19459,19463,"stored as either Hagesandros or Alexandros.[4] In 1901, Friedrich Hiller von Gaertringen argued for the "
louvre_cleaned_3.txt,Friedrich Hiller Von Gaertringen,PERSON,19465,19497," as either Hagesandros or Alexandros.[4] In 1901, Friedrich Hiller von Gaertringen argued for the restoration of the name as Alexand"
louvre_cleaned_3.txt,Edit]- ^,WORK_OF_ART,19728,19736,"ley of the Muses at Thespiae.[52][53] References [edit]- ^ Curtis 2003, p. xvii. - ^ a b c d e f g h i Hinz "
louvre_cleaned_3.txt,2006,DATE,19786,19790," Curtis 2003, p. xvii. - ^ a b c d e f g h i Hinz 2006. - ^ a b ""statue; Vénus de Milo"". Musée du Louvre"
louvre_cleaned_3.txt,Vénus De Milo,WORK_OF_ART,19809,19822,"- ^ a b c d e f g h i Hinz 2006. - ^ a b ""statue; Vénus de Milo"". Musée du Louvre. Retrieved 27 April 2021. - ^ a"
louvre_cleaned_3.txt,Musée Du Louvre,PERSON,19825,19840,"g h i Hinz 2006. - ^ a b ""statue; Vénus de Milo"". Musée du Louvre. Retrieved 27 April 2021. - ^ a b c Maggidis 1998"
louvre_cleaned_3.txt,27 April 2021,DATE,19852,19865,"tatue; Vénus de Milo"". Musée du Louvre. Retrieved 27 April 2021. - ^ a b c Maggidis 1998, p. 177. - ^ Pasquier 19"
louvre_cleaned_3.txt,1998,DATE,19886,19890,"uvre. Retrieved 27 April 2021. - ^ a b c Maggidis 1998, p. 177. - ^ Pasquier 1985, p. 23. - ^ Havelock 1"
louvre_cleaned_3.txt,1985,DATE,19913,19917,"21. - ^ a b c Maggidis 1998, p. 177. - ^ Pasquier 1985, p. 23. - ^ Havelock 1995, p. 94. - ^ a b Kousser"
louvre_cleaned_3.txt,1995,DATE,19939,19943,"8, p. 177. - ^ Pasquier 1985, p. 23. - ^ Havelock 1995, p. 94. - ^ a b Kousser 2005, p. 238. - ^ Curtis "
louvre_cleaned_3.txt,Kousser 2005,ORG,20036,20048,"Curtis 2003, p. xii. - ^ Curtis 2003, p. 189. - ^ Kousser 2005, p. 234. - ^ Kousser 2005, p. 239, n. 68. - ^ Mag"
louvre_cleaned_3.txt,Maggidis,PERSON,20095,20103,"005, p. 234. - ^ Kousser 2005, p. 239, n. 68. - ^ Maggidis 1998, p. 183. - ^ Maggidis 1998, p. 184. - ^ Curt"
louvre_cleaned_3.txt,Clark,PERSON,20226,20231,"squier 1985, p. 35. - ^ Kousser 2005, p. 239. - ^ Clark 1960, pp. 83–84. - ^ a b Kousser 2005, p. 230. - "
louvre_cleaned_3.txt,1960,DATE,20232,20236," 1985, p. 35. - ^ Kousser 2005, p. 239. - ^ Clark 1960, pp. 83–84. - ^ a b Kousser 2005, p. 230. - ^ Cur"
louvre_cleaned_3.txt,Pp,GPE,20238,20240," p. 35. - ^ Kousser 2005, p. 239. - ^ Clark 1960, pp. 83–84. - ^ a b Kousser 2005, p. 230. - ^ Curtis "
louvre_cleaned_3.txt,Ig Xii.3 1241 - ^,ORG,20365,20382," 2003, p. 16. - ^ a b c Kousser 2005, p. 231. - ^ IG XII.3 1241 - ^ a b Kousser 2005, p. 231, with fig. 5. - ^ a b c "
louvre_cleaned_3.txt,Fig,ORG,20414,20417," IG XII.3 1241 - ^ a b Kousser 2005, p. 231, with fig. 5. - ^ a b c Kousser 2005, p. 236. - ^ Kousser 2"
louvre_cleaned_3.txt,Bonazzoli & Robecchi 2014,ORG,20571,20596,"3, pp. 23–25. - ^ a b c Kousser 2005, p. 232. - ^ Bonazzoli & Robecchi 2014, p. 30. - ^ Curtis 2003, p. 70. - ^ Lathers 2002,"
louvre_cleaned_3.txt,2002,DATE,20641,20645," 2014, p. 30. - ^ Curtis 2003, p. 70. - ^ Lathers 2002, p. 180. - ^ Pasquier 1985, p. 33. - ^ Curtis 200"
louvre_cleaned_3.txt,Martinez 2022,PERSON,20832,20845,"s 2002, p. 186. - ^ Pasquier 1999, pp. 41–42. - ^ Martinez 2022, p. 71. - ^ Pasquier 1999, p. 39. - ^ Martinez 20"
louvre_cleaned_3.txt,Prettejohn 2006,ORG,21104,21119,"03, pp. 154–156. - ^ Prettejohn 2006, p. 230. - ^ Prettejohn 2006, pp. 232–234. - ^ a b Clark 1960, p. 83. - ^ Magg"
louvre_cleaned_3.txt,Hiller Von Gaertringen,PERSON,21226,21248,"98, pp. 194–195. - ^ Prettejohn 2006, p. 240. - ^ Hiller von Gaertringen 1901. - ^ IG VII 1761 - ^ IG XII.3 1241 - ^ Maggi"
louvre_cleaned_3.txt,1761,DATE,21266,21270," 240. - ^ Hiller von Gaertringen 1901. - ^ IG VII 1761 - ^ IG XII.3 1241 - ^ Maggidis 1998, p. 192. - ^ "
louvre_cleaned_3.txt,Suhr,PERSON,21535,21539,"tinez 2022, p. 106. - ^ Martinez 2022, p. 46. - ^ Suhr 1960, p. 259. - ^ Maggidis 1998, p. 182. - ^ Kous"
louvre_cleaned_3.txt,2017,DATE,21649,21653,"p. 235. - ^ Martinez 2022, pp. 85–87. - ^ Hamiaux 2017, p. 65. - ^ Havelock 1995, p. 98. - ^ Prettejohn "
louvre_cleaned_3.txt,2024,DATE,21816,21820,", p. 232. - ^ Prettejohn 2006, p. 235. - ^ Milián 2024, pp. 142–143. - ^ Milián 2024, pp. 143–146. - ^ P"
louvre_cleaned_3.txt,2018,DATE,21906,21910,"143–146. - ^ Prettejohn 2006, p. 241. - ^ Winkler 2018, p. 249. - ^ Winkler 2018, pp. 244–245. - ^ Winkl"
louvre_cleaned_3.txt,Edit]- Bonazzoli,PERSON,22088,22104," pp. 95–96. - ^ Prettejohn 2006, p. 231. Sources [edit]- Bonazzoli, Francesca; Robecchi, Michele (2014). Mona Lisa t"
louvre_cleaned_3.txt,Francesca,ORG,22106,22115,"ettejohn 2006, p. 231. Sources [edit]- Bonazzoli, Francesca; Robecchi, Michele (2014). Mona Lisa to Marge: Ho"
louvre_cleaned_3.txt,Robecchi,ORG,22117,22125,"06, p. 231. Sources [edit]- Bonazzoli, Francesca; Robecchi, Michele (2014). Mona Lisa to Marge: How the Worl"
louvre_cleaned_3.txt,Michele,PERSON,22127,22134,". Sources [edit]- Bonazzoli, Francesca; Robecchi, Michele (2014). Mona Lisa to Marge: How the World's Great"
louvre_cleaned_3.txt,2014,DATE,22136,22140," [edit]- Bonazzoli, Francesca; Robecchi, Michele (2014). Mona Lisa to Marge: How the World's Greatest Ar"
louvre_cleaned_3.txt,World,ORG,22171,22176,"cchi, Michele (2014). Mona Lisa to Marge: How the World's Greatest Artworks Entered Popular Culture. New "
louvre_cleaned_3.txt,Greatest Artworks Entered Popular Culture,ORG,22179,22220,"chele (2014). Mona Lisa to Marge: How the World's Greatest Artworks Entered Popular Culture. New York: Prestel. ISBN 978-3791348773. - Clark,"
louvre_cleaned_3.txt,New York,GPE,22222,22230,"orld's Greatest Artworks Entered Popular Culture. New York: Prestel. ISBN 978-3791348773. - Clark, Kenneth ("
louvre_cleaned_3.txt,978-3791348773,DATE,22246,22260," Entered Popular Culture. New York: Prestel. ISBN 978-3791348773. - Clark, Kenneth (1960) [1949]. The Nude: A Stud"
louvre_cleaned_3.txt,Kenneth,PERSON,22271,22278," New York: Prestel. ISBN 978-3791348773. - Clark, Kenneth (1960) [1949]. The Nude: A Study in Ideal Form. P"
louvre_cleaned_3.txt,Alfred A. Knopf,PERSON,22414,22429,"sarmed: The Story of the Venus de Milo. New York: Alfred A. Knopf. ISBN 978-0375415234. OCLC 51937203. - Hamiaux, M"
louvre_cleaned_3.txt,978-0375415234,DATE,22436,22450,"he Venus de Milo. New York: Alfred A. Knopf. ISBN 978-0375415234. OCLC 51937203. - Hamiaux, Marianne (2017). ""Le t"
louvre_cleaned_3.txt,Oclc 51937203,DATE,22452,22465,". New York: Alfred A. Knopf. ISBN 978-0375415234. OCLC 51937203. - Hamiaux, Marianne (2017). ""Le type statuaire d"
louvre_cleaned_3.txt,Marianne,PERSON,22478,22486,"f. ISBN 978-0375415234. OCLC 51937203. - Hamiaux, Marianne (2017). ""Le type statuaire de la Venus de Milo"". "
louvre_cleaned_3.txt,63,DATE,22560,22562,"ire de la Venus de Milo"". Revue archéologique. 1 (63): 65–83. doi:10.3917/arch.171.0065. JSTOR 4471035"
louvre_cleaned_3.txt,44710356,DATE,22605,22613,". 1 (63): 65–83. doi:10.3917/arch.171.0065. JSTOR 44710356. - Havelock, Christine Mitchell (1995). The Aphro"
louvre_cleaned_3.txt,Christine Mitchell,PERSON,22627,22645,"0.3917/arch.171.0065. JSTOR 44710356. - Havelock, Christine Mitchell (1995). The Aphrodite of Knidos and her Successor"
louvre_cleaned_3.txt,Ann Arbor,PERSON,22751,22760,istorical Review of the Female Nude in Greek Art. Ann Arbor: University of Michigan Press. ISBN 0-472-10585-X
louvre_cleaned_3.txt,University Of Michigan Press,ORG,22762,22790,"eview of the Female Nude in Greek Art. Ann Arbor: University of Michigan Press. ISBN 0-472-10585-X. - Hiller von Gaertringen, Fr"
louvre_cleaned_3.txt,Friedrich,PERSON,22838,22847,"ss. ISBN 0-472-10585-X. - Hiller von Gaertringen, Friedrich (1901). ""Ein Beitrag zur Geschichte der Venus von"
louvre_cleaned_3.txt,Ein Beitrag,PERSON,22857,22868,"5-X. - Hiller von Gaertringen, Friedrich (1901). ""Ein Beitrag zur Geschichte der Venus von Milo"". Hermes. 36 (2"
louvre_cleaned_3.txt,Geschichte,PERSON,22873,22883,"n Gaertringen, Friedrich (1901). ""Ein Beitrag zur Geschichte der Venus von Milo"". Hermes. 36 (2): 305–308. JST"
louvre_cleaned_3.txt,Jstor 4472781.,PERSON,22930,22944,"hte der Venus von Milo"". Hermes. 36 (2): 305–308. JSTOR 4472781. - Hinz, Berthold (2006). ""Venus de Milo"". Brill's"
louvre_cleaned_3.txt,The Hellenistic Reception Of Classical Greece,ORG,23132,23177,"(2005). ""Creating the Past: The Vénus de Milo and the Hellenistic Reception of Classical Greece"". American Journal of Archaeology. 109 (2): 227–2"
louvre_cleaned_3.txt,American Journal Of Archaeology,ORG,23180,23211,"d the Hellenistic Reception of Classical Greece"". American Journal of Archaeology. 109 (2): 227–250. doi:10.3764/aja.109.2.227. ISS"
louvre_cleaned_3.txt,Doi:10.3764/Aja.109.2.227,PERSON,23231,23256,merican Journal of Archaeology. 109 (2): 227–250. doi:10.3764/aja.109.2.227. ISSN 0002-9114. JSTOR 40024510. S2CID 36871977. 
louvre_cleaned_3.txt,Issn,ORG,23258,23262,ogy. 109 (2): 227–250. doi:10.3764/aja.109.2.227. ISSN 0002-9114. JSTOR 40024510. S2CID 36871977. - Lath
louvre_cleaned_3.txt,0002-9114,DATE,23263,23272,"109 (2): 227–250. doi:10.3764/aja.109.2.227. ISSN 0002-9114. JSTOR 40024510. S2CID 36871977. - Lathers, Marie"
louvre_cleaned_3.txt,40024510,DATE,23280,23288," doi:10.3764/aja.109.2.227. ISSN 0002-9114. JSTOR 40024510. S2CID 36871977. - Lathers, Marie (2002). ""A Mast"
louvre_cleaned_3.txt,Marie,PERSON,23317,23322,"-9114. JSTOR 40024510. S2CID 36871977. - Lathers, Marie (2002). ""A Masterpiece for a Modern Museum: The V"
louvre_cleaned_3.txt,Masterpiece,ORG,23334,23345,"4510. S2CID 36871977. - Lathers, Marie (2002). ""A Masterpiece for a Modern Museum: The Venus de Milo"". Contempo"
louvre_cleaned_3.txt,Contemporary French Civilisation,ORG,23387,23419,"terpiece for a Modern Museum: The Venus de Milo"". Contemporary French Civilisation. 26 (2). - Maggidis, Christofilis (1998). ""The Ap"
louvre_cleaned_3.txt,Christofilis,PERSON,23441,23453,"emporary French Civilisation. 26 (2). - Maggidis, Christofilis (1998). ""The Aphrodite and the Poseidon of Melos:"
louvre_cleaned_3.txt,The Aphrodite And The Poseidon Of Melos: A Synthesis,WORK_OF_ART,23463,23515,"sation. 26 (2). - Maggidis, Christofilis (1998). ""The Aphrodite and the Poseidon of Melos: A Synthesis"". Acta Archaeologica. 69. - Martinez, Jean-Luc (2"
louvre_cleaned_3.txt,Acta Archaeologica,PERSON,23518,23536,"phrodite and the Poseidon of Melos: A Synthesis"". Acta Archaeologica. 69. - Martinez, Jean-Luc (2022). La Vénus de Mil"
louvre_cleaned_3.txt,Jean-Luc,PERSON,23554,23562,"A Synthesis"". Acta Archaeologica. 69. - Martinez, Jean-Luc (2022). La Vénus de Milo. Paris: Louvre éditions."
louvre_cleaned_3.txt,2022,DATE,23564,23568,"s"". Acta Archaeologica. 69. - Martinez, Jean-Luc (2022). La Vénus de Milo. Paris: Louvre éditions. ISBN "
louvre_cleaned_3.txt,La Vénus De Milo,ORG,23571,23587,"a Archaeologica. 69. - Martinez, Jean-Luc (2022). La Vénus de Milo. Paris: Louvre éditions. ISBN 9-788412-154832. - "
louvre_cleaned_3.txt,9-788412-154832,DATE,23618,23633,"). La Vénus de Milo. Paris: Louvre éditions. ISBN 9-788412-154832. - Milián, Orsolya (2024). ""Ecphrastic Poetry on "
louvre_cleaned_3.txt,Orsolya,GPE,23645,23652," Louvre éditions. ISBN 9-788412-154832. - Milián, Orsolya (2024). ""Ecphrastic Poetry on the Venus de Milo""."
louvre_cleaned_3.txt,Ecphrastic Poetry,ORG,23662,23679," ISBN 9-788412-154832. - Milián, Orsolya (2024). ""Ecphrastic Poetry on the Venus de Milo"". Encounters In/Among Langua"
louvre_cleaned_3.txt,Arts,ORG,23749,23753,"o"". Encounters In/Among Language, Literature, and Arts. Sapientia Hungarian University of Transylvania. "
louvre_cleaned_3.txt,Sapientia Hungarian University Of Transylvania,ORG,23755,23801,"counters In/Among Language, Literature, and Arts. Sapientia Hungarian University of Transylvania. doi:10.47745/ausp-2024-0009. - Pasquier, Alain ("
louvre_cleaned_3.txt,Alain,ORG,23844,23849,"ylvania. doi:10.47745/ausp-2024-0009. - Pasquier, Alain (1985). La Vénus de Milo: Les Aphrodites du Louvr"
louvre_cleaned_3.txt,Éditions De La Réunion Des Musées National,ORG,23909,23951,"a Vénus de Milo: Les Aphrodites du Louvre. Paris: Éditions de la Réunion des Musées National. ISBN 2711802566. - Pasquier, Alain (September 19"
louvre_cleaned_3.txt,2711802566,DATE,23958,23968," Éditions de la Réunion des Musées National. ISBN 2711802566. - Pasquier, Alain (September 1999). ""Les Voyages"
louvre_cleaned_3.txt,September 1999,DATE,23989,24003,"ées National. ISBN 2711802566. - Pasquier, Alain (September 1999). ""Les Voyages de la Vénus de Milo"". Revue des De"
louvre_cleaned_3.txt,Les Voyages De La Vénus De Milo,PERSON,24007,24038," 2711802566. - Pasquier, Alain (September 1999). ""Les Voyages de la Vénus de Milo"". Revue des Deux Mondes: 35–44. JSTOR 44187862. -"
louvre_cleaned_3.txt,Revue,PERSON,24041,24046,"ptember 1999). ""Les Voyages de la Vénus de Milo"". Revue des Deux Mondes: 35–44. JSTOR 44187862. - Prettej"
louvre_cleaned_3.txt,Deux Mondes,PERSON,24051,24062,"99). ""Les Voyages de la Vénus de Milo"". Revue des Deux Mondes: 35–44. JSTOR 44187862. - Prettejohn, Elizabeth ("
louvre_cleaned_3.txt,44187862,DATE,24077,24085,"nus de Milo"". Revue des Deux Mondes: 35–44. JSTOR 44187862. - Prettejohn, Elizabeth (2006). ""Reception and A"
louvre_cleaned_3.txt,Elizabeth,PERSON,24101,24110,"Deux Mondes: 35–44. JSTOR 44187862. - Prettejohn, Elizabeth (2006). ""Reception and Ancient Art: The Case of t"
louvre_cleaned_3.txt,Martindale,GPE,24182,24192,"d Ancient Art: The Case of the Venus de Milo"". In Martindale, Charles; Thomas, Richard (eds.). Classics and th"
louvre_cleaned_3.txt,Charles; Thomas,PERSON,24194,24209,"t: The Case of the Venus de Milo"". In Martindale, Charles; Thomas, Richard (eds.). Classics and the Uses of Recepti"
louvre_cleaned_3.txt,Richard,PERSON,24211,24218,"e Venus de Milo"". In Martindale, Charles; Thomas, Richard (eds.). Classics and the Uses of Reception. Malde"
louvre_cleaned_3.txt,The Uses Of Reception,ORG,24240,24261,"le, Charles; Thomas, Richard (eds.). Classics and the Uses of Reception. Malden, MA: Blackwell. ISBN 9780470774007. - Suh"
louvre_cleaned_3.txt,Malden,PERSON,24263,24269,"chard (eds.). Classics and the Uses of Reception. Malden, MA: Blackwell. ISBN 9780470774007. - Suhr, Elmer"
louvre_cleaned_3.txt,Ma,PERSON,24271,24273,"ds.). Classics and the Uses of Reception. Malden, MA: Blackwell. ISBN 9780470774007. - Suhr, Elmer G. "
louvre_cleaned_3.txt,Blackwell,PERSON,24275,24284,". Classics and the Uses of Reception. Malden, MA: Blackwell. ISBN 9780470774007. - Suhr, Elmer G. (1960). ""Th"
louvre_cleaned_3.txt,9780470774007,DATE,24291,24304,"he Uses of Reception. Malden, MA: Blackwell. ISBN 9780470774007. - Suhr, Elmer G. (1960). ""The Spinning Aphrodite"
louvre_cleaned_3.txt,Elmer G.,PERSON,24314,24322,"alden, MA: Blackwell. ISBN 9780470774007. - Suhr, Elmer G. (1960). ""The Spinning Aphrodite in Sculpture"". Am"
louvre_cleaned_3.txt,The Spinning Aphrodite,WORK_OF_ART,24332,24354,"ll. ISBN 9780470774007. - Suhr, Elmer G. (1960). ""The Spinning Aphrodite in Sculpture"". American Journal of Archaeology. 6"
louvre_cleaned_3.txt,Sculpture,WORK_OF_ART,24358,24367,"Suhr, Elmer G. (1960). ""The Spinning Aphrodite in Sculpture"". American Journal of Archaeology. 64 (3): 253–26"
louvre_cleaned_3.txt,253–264,DATE,24411,24418,"lpture"". American Journal of Archaeology. 64 (3): 253–264. doi:10.2307/502465. JSTOR 502465. S2CID 19140472"
louvre_cleaned_3.txt,S2Cid 191404726,DATE,24454,24469,"4 (3): 253–264. doi:10.2307/502465. JSTOR 502465. S2CID 191404726. - Winkler, Martin (2018). ""Aphroditê kinêmatogra"
louvre_cleaned_3.txt,Martin,PERSON,24482,24488,"502465. JSTOR 502465. S2CID 191404726. - Winkler, Martin (2018). ""Aphroditê kinêmatographikê: Venus' varie"
louvre_cleaned_3.txt,Harloe,GPE,24565,24571,"ographikê: Venus' varieties and vicissitudes"". In Harloe, Katherine; Momigliano, Nicoletta; Farnoux, Alexa"
louvre_cleaned_3.txt,Katherine,PERSON,24573,24582,"ê: Venus' varieties and vicissitudes"". In Harloe, Katherine; Momigliano, Nicoletta; Farnoux, Alexandre (eds.)"
louvre_cleaned_3.txt,Momigliano,PERSON,24584,24594,"arieties and vicissitudes"". In Harloe, Katherine; Momigliano, Nicoletta; Farnoux, Alexandre (eds.). Hellenoman"
louvre_cleaned_3.txt,Nicoletta,GPE,24596,24605," vicissitudes"". In Harloe, Katherine; Momigliano, Nicoletta; Farnoux, Alexandre (eds.). Hellenomania. London:"
louvre_cleaned_3.txt,Farnoux,GPE,24607,24614,"es"". In Harloe, Katherine; Momigliano, Nicoletta; Farnoux, Alexandre (eds.). Hellenomania. London: Routledg"
louvre_cleaned_3.txt,Alexandre,PERSON,24616,24625,"arloe, Katherine; Momigliano, Nicoletta; Farnoux, Alexandre (eds.). Hellenomania. London: Routledge. ISBN 978"
louvre_cleaned_3.txt,Hellenomania,PERSON,24634,24646,"Momigliano, Nicoletta; Farnoux, Alexandre (eds.). Hellenomania. London: Routledge. ISBN 9781315277370. Further r"
louvre_cleaned_3.txt,9781315277370,DATE,24672,24685,"dre (eds.). Hellenomania. London: Routledge. ISBN 9781315277370. Further reading [edit]- Edwards, Phil (26 Februa"
louvre_cleaned_3.txt,Edit]- Edwards,PERSON,24704,24718,": Routledge. ISBN 9781315277370. Further reading [edit]- Edwards, Phil (26 February 2020). ""How the Venus de Milo "
louvre_cleaned_3.txt,Phil,PERSON,24720,24724,"N 9781315277370. Further reading [edit]- Edwards, Phil (26 February 2020). ""How the Venus de Milo got so"
louvre_cleaned_3.txt,26 February 2020,DATE,24726,24742,"315277370. Further reading [edit]- Edwards, Phil (26 February 2020). ""How the Venus de Milo got so famous"". Vox. - H"
louvre_cleaned_3.txt,Vox,ORG,24784,24787,"ary 2020). ""How the Venus de Milo got so famous"". Vox. - Haskell, Francis; Penny, Nicholas (1981). Tast"
louvre_cleaned_3.txt,Francis,PERSON,24800,24807,"the Venus de Milo got so famous"". Vox. - Haskell, Francis; Penny, Nicholas (1981). Taste and the Antique: T"
louvre_cleaned_3.txt,Penny,PERSON,24809,24814," de Milo got so famous"". Vox. - Haskell, Francis; Penny, Nicholas (1981). Taste and the Antique: The Lure"
louvre_cleaned_3.txt,Nicholas,PERSON,24816,24824,"o got so famous"". Vox. - Haskell, Francis; Penny, Nicholas (1981). Taste and the Antique: The Lure of Classi"
louvre_cleaned_3.txt,1981,DATE,24826,24830,"amous"". Vox. - Haskell, Francis; Penny, Nicholas (1981). Taste and the Antique: The Lure of Classical Sc"
louvre_cleaned_3.txt,Yale University Press,ORG,24900,24921,"ique: The Lure of Classical Sculpture, 1500-1900. Yale University Press. ISBN 0300026412. - Jockey, Philippe (2011). ""The"
louvre_cleaned_3.txt,0300026412,DATE,24928,24938,"Sculpture, 1500-1900. Yale University Press. ISBN 0300026412. - Jockey, Philippe (2011). ""The Venus de Milo: G"
louvre_cleaned_3.txt,Philippe,PERSON,24950,24958,"Yale University Press. ISBN 0300026412. - Jockey, Philippe (2011). ""The Venus de Milo: Genesis of a Modern M"
louvre_cleaned_3.txt,2011,DATE,24960,24964,"rsity Press. ISBN 0300026412. - Jockey, Philippe (2011). ""The Venus de Milo: Genesis of a Modern Myth"". "
louvre_cleaned_3.txt,The Venus De Milo: Genesis Of A Modern Myth,WORK_OF_ART,24968,25011,"ess. ISBN 0300026412. - Jockey, Philippe (2011). ""The Venus de Milo: Genesis of a Modern Myth"". In Bahrani, Zainab; Çelik, Zeynep; Eldem, Edhem"
louvre_cleaned_3.txt,Bahrani,PERSON,25017,25024,"""The Venus de Milo: Genesis of a Modern Myth"". In Bahrani, Zainab; Çelik, Zeynep; Eldem, Edhem (eds.). Scra"
louvre_cleaned_3.txt,Zainab,GPE,25026,25032,"s de Milo: Genesis of a Modern Myth"". In Bahrani, Zainab; Çelik, Zeynep; Eldem, Edhem (eds.). Scramble for"
louvre_cleaned_3.txt,Çelik,GPE,25034,25039,"o: Genesis of a Modern Myth"". In Bahrani, Zainab; Çelik, Zeynep; Eldem, Edhem (eds.). Scramble for the Pa"
louvre_cleaned_3.txt,Zeynep,GPE,25041,25047,"sis of a Modern Myth"". In Bahrani, Zainab; Çelik, Zeynep; Eldem, Edhem (eds.). Scramble for the Past: A St"
louvre_cleaned_3.txt,Eldem,GPE,25049,25054," Modern Myth"". In Bahrani, Zainab; Çelik, Zeynep; Eldem, Edhem (eds.). Scramble for the Past: A Story of "
louvre_cleaned_3.txt,Edhem,ORG,25056,25061," Myth"". In Bahrani, Zainab; Çelik, Zeynep; Eldem, Edhem (eds.). Scramble for the Past: A Story of Archaeo"
louvre_cleaned_3.txt,1753–1914,DATE,25139,25148,"st: A Story of Archaeology in the Ottoman Empire, 1753–1914. Istanbul: SALT. ISBN 978-9944731270. External li"
louvre_cleaned_3.txt,Istanbul,GPE,25150,25158," of Archaeology in the Ottoman Empire, 1753–1914. Istanbul: SALT. ISBN 978-9944731270. External links [edit]"
louvre_cleaned_3.txt,Salt,ORG,25160,25164,"ology in the Ottoman Empire, 1753–1914. Istanbul: SALT. ISBN 978-9944731270. External links [edit]- ""Ide"
louvre_cleaned_3.txt,978-9944731270,DATE,25171,25185,"e Ottoman Empire, 1753–1914. Istanbul: SALT. ISBN 978-9944731270. External links [edit]- ""Ideal Greek Beauty: Venu"
louvre_cleaned_3.txt,"Edit]- ""Ideal Greek Beauty:",WORK_OF_ART,25203,25230,"anbul: SALT. ISBN 978-9944731270. External links [edit]- ""Ideal Greek Beauty: Venus de Milo and the Galerie des Antiques"", Louv"
louvre_cleaned_3.txt,The Galerie Des Antiques,ORG,25249,25273,"ks [edit]- ""Ideal Greek Beauty: Venus de Milo and the Galerie des Antiques"", Louvre Museum - 3D model of Venus de Milo, prod"
louvre_cleaned_3.txt,Louvre Museum - 3D,ORG,25276,25294,"uty: Venus de Milo and the Galerie des Antiques"", Louvre Museum - 3D model of Venus de Milo, produced from the plaster"
louvre_cleaned_3.txt,Ancient Milos - 2Nd-Century,PERSON,25449,25476,haeological discoveries - Hellenistic sculpture - Ancient Milos - 2nd-century BC Greek sculptures - Ancient Greek and Roman scu
louvre_cleaned_3.txt,Bc Greek,ORG,25477,25485,llenistic sculpture - Ancient Milos - 2nd-century BC Greek sculptures - Ancient Greek and Roman sculptures i
louvre_cleaned_1.txt,Louvre - Wikipedia,ORG,11,29,--- title: Louvre - Wikipedia author: Authority control databases url: https://
louvre_cleaned_1.txt,"Wikimedia Foundation, Inc.",ORG,142,168,"org/wiki/Louvre hostname: wikipedia.org sitename: Wikimedia Foundation, Inc. date: 2001-10-02 --- Louvre | Established | 10 Au"
louvre_cleaned_1.txt,2001-10-02,DATE,175,185,"ia.org sitename: Wikimedia Foundation, Inc. date: 2001-10-02 --- Louvre | Established | 10 August 1793 | |---|"
louvre_cleaned_1.txt,Established,PERSON,199,210,"ia Foundation, Inc. date: 2001-10-02 --- Louvre | Established | 10 August 1793 | |---|---| | Location | Musée d"
louvre_cleaned_1.txt,August 1793,DATE,216,227,"c. date: 2001-10-02 --- Louvre | Established | 10 August 1793 | |---|---| | Location | Musée du Louvre, 75001, "
louvre_cleaned_1.txt,Location,ORG,242,250,"uvre | Established | 10 August 1793 | |---|---| | Location | Musée du Louvre, 75001, Paris, France | | Type "
louvre_cleaned_1.txt,Paris,GPE,277,282," | |---|---| | Location | Musée du Louvre, 75001, Paris, France | | Type | Art museum and historic site |"
louvre_cleaned_1.txt,France,GPE,284,290,"|---| | Location | Musée du Louvre, 75001, Paris, France | | Type | Art museum and historic site | | Colle"
louvre_cleaned_1.txt,Collection,ORG,335,345,"rance | | Type | Art museum and historic site | | Collection size | 615,797 in 2019[1] (35,000 on display)[2] "
louvre_cleaned_1.txt,Fiscal Year 2025)[3,DATE,423,442,"35,000 on display)[2] | | Visitors | 9.0 million (Fiscal Year 2025)[3] | | Director | Christophe Leribault | | Curator "
louvre_cleaned_1.txt,Christophe Leribault,PERSON,459,479, 9.0 million (Fiscal Year 2025)[3] | | Director | Christophe Leribault | | Curator | Marie-Laure de Rochebrune | | Publi
louvre_cleaned_1.txt,Marie-Laure De Rochebrune,ORG,494,519,| | Director | Christophe Leribault | | Curator | Marie-Laure de Rochebrune | | Public transit access | | | Website | Officia
louvre_cleaned_1.txt,The Louvre Museum,ORG,599,616," | Website | Official website | The Louvre,[a] or the Louvre Museum (French: Musée du Louvre [myze dy luvʁ] ⓘ), is a "
louvre_cleaned_1.txt,Myze,PERSON,643,647,"a] or the Louvre Museum (French: Musée du Louvre [myze dy luvʁ] ⓘ), is a national art museum in Paris, F"
louvre_cleaned_1.txt,Louvre,PERSON,708,714,"), is a national art museum in Paris, France. The Louvre, a former royal palace, is known for its collecti"
louvre_cleaned_1.txt,The Mona Lisa Of,WORK_OF_ART,832,848,"aintings collected by the French kings, including The Mona Lisa of Leonardo Da Vinci. The museum received 9 million "
louvre_cleaned_1.txt,Leonardo Da Vinci,PERSON,849,866,"d by the French kings, including The Mona Lisa of Leonardo Da Vinci. The museum received 9 million visitors in FY-202"
louvre_cleaned_1.txt,2012,DATE,1051,1055,"he world. Twenty-seven percent of the visitors in 2012 were French, while 73 percent were from other cou"
louvre_cleaned_1.txt,The Right Bank Of The Seine,ORG,1133,1160,nt were from other countries.[6] It is located on the Right Bank of the Seine in the city's 1st arrondissement (district) and h
louvre_cleaned_1.txt,The Mona Lisa,WORK_OF_ART,1276,1289,"he most canonical works of Western art, including the Mona Lisa, Venus de Milo, and Winged Victory. The museum is"
louvre_cleaned_1.txt,Venus De Milo,ORG,1291,1304,"al works of Western art, including the Mona Lisa, Venus de Milo, and Winged Victory. The museum is housed in the "
louvre_cleaned_1.txt,The Late 12Th To 13Th Century,DATE,1389,1418," housed in the Louvre Palace, originally built in the late 12th to 13th century under Philip II. Remnants of the Medieval Louvre "
louvre_cleaned_1.txt,Philip Ii,ORG,1425,1434,ally built in the late 12th to 13th century under Philip II. Remnants of the Medieval Louvre fortress are vis
louvre_cleaned_1.txt,1546,DATE,1604,1608,"ss eventually lost its defensive function, and in 1546 Francis I converted it into the primary residence"
louvre_cleaned_1.txt,Francis,PERSON,1609,1616,"entually lost its defensive function, and in 1546 Francis I converted it into the primary residence of the "
louvre_cleaned_1.txt,1682,DATE,1773,1777," many times to form the present Louvre Palace. In 1682, Louis XIV chose the Palace of Versailles for his"
louvre_cleaned_1.txt,Louis Xiv,PERSON,1779,1788,"times to form the present Louvre Palace. In 1682, Louis XIV chose the Palace of Versailles for his household,"
louvre_cleaned_1.txt,1692,DATE,1928,1932," to display the royal collection, including, from 1692, a collection of ancient Greek and Roman sculptur"
louvre_cleaned_1.txt,The Académie Des Inscriptions Et,ORG,2026,2058,"ulpture.[8] In 1692, the building was occupied by the Académie des Inscriptions et Belles-Lettres and the Académie Royale de Peintur"
louvre_cleaned_1.txt,Belles-Lettres,ORG,2059,2073, was occupied by the Académie des Inscriptions et Belles-Lettres and the Académie Royale de Peinture et de Sculptu
louvre_cleaned_1.txt,The Académie Royale De Peinture Et De Sculpture,ORG,2078,2125,"e Académie des Inscriptions et Belles-Lettres and the Académie Royale de Peinture et de Sculpture, which in 1699 held the first of a series of salo"
louvre_cleaned_1.txt,1699,DATE,2136,2140,"émie Royale de Peinture et de Sculpture, which in 1699 held the first of a series of salons. The Académi"
louvre_cleaned_1.txt,Académie,PERSON,2183,2191,in 1699 held the first of a series of salons. The Académie remained at the Louvre for 100 years.[9] During t
louvre_cleaned_1.txt,The National Assembly,ORG,2263,2284,"e for 100 years.[9] During the French Revolution, the National Assembly decreed that the Louvre should be used as a museu"
louvre_cleaned_1.txt,The 19Th Century,DATE,2422,2438,. The palace and exhibition space was expanded in the 19th century and again in the 20th. The museum opened on 10 Au
louvre_cleaned_1.txt,The 20Th,DATE,2452,2460,ace was expanded in the 19th century and again in the 20th. The museum opened on 10 August 1793 with an exhi
louvre_cleaned_1.txt,10 August 1793,DATE,2483,2497,"ntury and again in the 20th. The museum opened on 10 August 1793 with an exhibition of 537 paintings, the majority"
louvre_cleaned_1.txt,1796,DATE,2683,2687,"ems with the building, the museum was closed from 1796 until 1801. The collection was increased under Na"
louvre_cleaned_1.txt,1801,DATE,2694,2698,"e building, the museum was closed from 1796 until 1801. The collection was increased under Napoleon, aft"
louvre_cleaned_1.txt,Napoleon,ORG,2735,2743,"96 until 1801. The collection was increased under Napoleon, after the Napoleonic looting of art in Europe, E"
louvre_cleaned_1.txt,Napoleonic,ORG,2755,2765,"ollection was increased under Napoleon, after the Napoleonic looting of art in Europe, Egypt, and Syria, and t"
louvre_cleaned_1.txt,Egypt,GPE,2792,2797,"n, after the Napoleonic looting of art in Europe, Egypt, and Syria, and the museum was renamed Musée Napo"
louvre_cleaned_1.txt,Syria,GPE,2803,2808,"e Napoleonic looting of art in Europe, Egypt, and Syria, and the museum was renamed Musée Napoléon, but a"
louvre_cleaned_1.txt,Musée Napoléon,PERSON,2837,2851,"ope, Egypt, and Syria, and the museum was renamed Musée Napoléon, but after Napoleon's abdication, many works seiz"
louvre_cleaned_1.txt,Louis Xviii,PERSON,3033,3044,"ection was further increased during the reigns of Louis XVIII and Charles X, and during the Second French Empir"
louvre_cleaned_1.txt,Charles X,PERSON,3049,3058,"er increased during the reigns of Louis XVIII and Charles X, and during the Second French Empire the museum g"
louvre_cleaned_1.txt,The Third Republic,GPE,3195,3213,own steadily through donations and bequests since the Third Republic. The collection is divided into eight departments
louvre_cleaned_1.txt,Egyptian Antiquities,ORG,3265,3285,"The collection is divided into eight departments: Egyptian Antiquities; Near Eastern Antiquities; Greek, Etruscan, and R"
louvre_cleaned_1.txt,Roman Antiquities,ORG,3334,3351,"s; Near Eastern Antiquities; Greek, Etruscan, and Roman Antiquities; Islamic Art; Sculpture; Decorative Arts; Paintin"
louvre_cleaned_1.txt,Islamic Art,PERSON,3353,3364,"iquities; Greek, Etruscan, and Roman Antiquities; Islamic Art; Sculpture; Decorative Arts; Paintings; Prints an"
louvre_cleaned_1.txt,Drawings,ORG,3416,3424,"Sculpture; Decorative Arts; Paintings; Prints and Drawings. The Musée du Louvre contains approximately 500,0"
louvre_cleaned_1.txt,The Musée Du Louvre,PERSON,3426,3445," Decorative Arts; Paintings; Prints and Drawings. The Musée du Louvre contains approximately 500,000 objects[10] and di"
louvre_cleaned_1.txt,D'Art,PERSON,3676,3681,"ection.[2] The Louvre exhibits sculptures, objets d'art, paintings, drawings, and archaeological finds. A"
louvre_cleaned_1.txt,The 21St Century,DATE,3806,3822,", approximately 38,000 objects from prehistory to the 21st century are being exhibited over an area of 72,735 m2 (78"
louvre_cleaned_1.txt,Louvre Museum,ORG,4093,4106," of any category. Location and visiting [edit]The Louvre Museum is located inside the Louvre Palace, in the centr"
louvre_cleaned_1.txt,The Tuileries Gardens,ORG,4180,4201,"ouvre Palace, in the centre of Paris, adjacent to the Tuileries Gardens. The two nearest Métro stations are Louvre–Rivoli"
louvre_cleaned_1.txt,The Late 1980S,DATE,4416,4430,"ial mall.[12] Before the Grand Louvre overhaul of the late 1980s and 1990s, the Louvre had several street-level en"
louvre_cleaned_1.txt,1990S,DATE,4435,4440,"e the Grand Louvre overhaul of the late 1980s and 1990s, the Louvre had several street-level entrances, m"
louvre_cleaned_1.txt,1993,DATE,4537,4541,", most of which are now permanently closed. Since 1993, the museum's main entrance has been the undergro"
louvre_cleaned_1.txt,Hall Napoléon,PERSON,4630,4643,"he underground space under the Louvre Pyramid, or Hall Napoléon, which can be accessed from the Pyramid itself, f"
louvre_cleaned_1.txt,Pyramid,PERSON,4676,4683," or Hall Napoléon, which can be accessed from the Pyramid itself, from the underground Carrousel du Louvre,"
louvre_cleaned_1.txt,Richelieu,PERSON,4780,4789,"re, or (for authorised visitors) from the passage Richelieu connecting to the nearby rue de Rivoli. A seconda"
louvre_cleaned_1.txt,The Porte Des Lions,ORG,4854,4873,"the nearby rue de Rivoli. A secondary entrance at the Porte des Lions, near the western end of the Denon Wing, was crea"
louvre_cleaned_1.txt,1999,DATE,4930,4934,"the western end of the Denon Wing, was created in 1999 but is not permanently open.[13] The museum's ent"
louvre_cleaned_1.txt,The 1850S,DATE,5033,5042,"trance conditions have varied over time. Prior to the 1850s, artists and foreign visitors had privileged acce"
louvre_cleaned_1.txt,1793,DATE,5130,5134,"vileged access. At the time of initial opening in 1793, the French Republican calendar had imposed ten-d"
louvre_cleaned_1.txt,Ten-Day,DATE,5179,5186," 1793, the French Republican calendar had imposed ten-day ""weeks"" (French: décades), the first six days of "
louvre_cleaned_1.txt,Weeks,DATE,5188,5193,"e French Republican calendar had imposed ten-day ""weeks"" (French: décades), the first six days of which w"
louvre_cleaned_1.txt,The First Six Days,DATE,5214,5232,"ar had imposed ten-day ""weeks"" (French: décades), the first six days of which were reserved for visits by artists and "
louvre_cleaned_1.txt,The Early 1800S,DATE,5357,5372,"hree for visits by the general public.[14]: 37 In the early 1800s, after the seven-day week had been reinstated, th"
louvre_cleaned_1.txt,Seven-Day Week,DATE,5384,5398,"ral public.[14]: 37 In the early 1800s, after the seven-day week had been reinstated, the general public had only "
louvre_cleaned_1.txt,Museum Access Per Week,ORG,5462,5484,"stated, the general public had only four hours of museum access per week, between 2pm and 4pm on Saturdays and Sundays.[15"
louvre_cleaned_1.txt,Saturdays,DATE,5509,5518,"of museum access per week, between 2pm and 4pm on Saturdays and Sundays.[15]: 8 In 1824, a new regulation all"
louvre_cleaned_1.txt,1824,DATE,5542,5546,"n 2pm and 4pm on Saturdays and Sundays.[15]: 8 In 1824, a new regulation allowed public access only on S"
louvre_cleaned_1.txt,Sundays,DATE,5595,5602,"4, a new regulation allowed public access only on Sundays and holidays; the other days the museum was open "
louvre_cleaned_1.txt,The Other Days,DATE,5617,5631,lowed public access only on Sundays and holidays; the other days the museum was open only to artists and foreigner
louvre_cleaned_1.txt,1855,DATE,5739,5743,t for closure on Mondays.[14]: 39 That changed in 1855 when the museum became open to the public all day
louvre_cleaned_1.txt,All Days,DATE,5786,5794,"in 1855 when the museum became open to the public all days except Mondays.[14]: 40 It was free until 1922, w"
louvre_cleaned_1.txt,1922,DATE,5837,5841,"ll days except Mondays.[14]: 40 It was free until 1922, when an entrance fee was introduced except on Su"
louvre_cleaned_1.txt,Tuesdays,DATE,5991,5999,"ng in 1946,[14]: 43 the Louvre has been closed on Tuesdays, and habitually open to the public the rest of th"
louvre_cleaned_1.txt,The Week,DATE,6047,6055,"ys, and habitually open to the public the rest of the week except for some holidays. The use of cameras and "
louvre_cleaned_1.txt,Some Holidays,DATE,6067,6080,pen to the public the rest of the week except for some holidays. The use of cameras and video recorders is permit
louvre_cleaned_1.txt,Nintendo,ORG,6201,6209," photography is forbidden.[16] Beginning in 2012, Nintendo 3DS portable video game systems were used as the "
louvre_cleaned_1.txt,The Following Year,DATE,6289,6307,"ms were used as the official museum audio guides. The following year, the museum contracted Nintendo to create a 3DS-b"
louvre_cleaned_1.txt,Nintendo Direct,ORG,6715,6730,2013 Louvre guide was also announced in a special Nintendo Direct featuring Satoru Iwata and Shigeru Miyamoto demon
louvre_cleaned_1.txt,Satoru Iwata,PERSON,6741,6753, announced in a special Nintendo Direct featuring Satoru Iwata and Shigeru Miyamoto demonstrating it at the muse
louvre_cleaned_1.txt,Shigeru Miyamoto,PERSON,6758,6774,"pecial Nintendo Direct featuring Satoru Iwata and Shigeru Miyamoto demonstrating it at the museum,[20] and 3DS XLs p"
louvre_cleaned_1.txt,Museum.[21,GPE,6878,6888,oaded with the guide are available to rent at the museum.[21] The 3DS Louvre guide was scheduled to be retired
louvre_cleaned_1.txt,September 2025,DATE,6942,6956,e 3DS Louvre guide was scheduled to be retired in September 2025 and will be replaced by a different guide system.
louvre_cleaned_1.txt,King Philip Ii,ORG,7106,7120,"vre Palace, which houses the museum, was begun by King Philip II in the late 12th century to protect the city from"
louvre_cleaned_1.txt,The Late 12Th Century,DATE,7124,7145,"houses the museum, was begun by King Philip II in the late 12th century to protect the city from the attack from the west"
louvre_cleaned_1.txt,The Kingdom Of England,GPE,7200,7222,"rotect the city from the attack from the west, as the Kingdom of England still held Normandy at the time. Remnants of the "
louvre_cleaned_1.txt,Normandy,PERSON,7234,7242,"om the west, as the Kingdom of England still held Normandy at the time. Remnants of the Medieval Louvre are "
louvre_cleaned_1.txt,The Medieval Louvre,ORG,7268,7287,land still held Normandy at the time. Remnants of the Medieval Louvre are still visible in the crypt.[23]: 32 Whether t
louvre_cleaned_1.txt,Philip,PERSON,7415,7421,"n that spot is not known, and it is possible that Philip modified an existing tower.[24] The origins of th"
louvre_cleaned_1.txt,Grand Larousse,ORG,7541,7555,"somewhat disputed. According to the authoritative Grand Larousse encyclopédique, the name derives from an associat"
louvre_cleaned_1.txt,Empire,PERSON,7658,7664," with a wolf hunting den (via Latin: lupus, lower Empire: lupara).[24][25] In the 7th century, Burgundofar"
louvre_cleaned_1.txt,The 7Th Century,DATE,7686,7701,"a Latin: lupus, lower Empire: lupara).[24][25] In the 7th century, Burgundofara (also known as Saint Fare), abbess "
louvre_cleaned_1.txt,Burgundofara,PERSON,7703,7715,"ower Empire: lupara).[24][25] In the 7th century, Burgundofara (also known as Saint Fare), abbess in Meaux, is s"
louvre_cleaned_1.txt,Saint Fare,GPE,7731,7741,"] In the 7th century, Burgundofara (also known as Saint Fare), abbess in Meaux, is said to have given part of "
louvre_cleaned_1.txt,Villa Called Luvra,WORK_OF_ART,7796,7814,"bess in Meaux, is said to have given part of her ""Villa called Luvra situated in the region of Paris"" to a monastery,["
louvre_cleaned_1.txt,Suffix,GPE,8106,8112,"(to let, rent), with the Old French noun-building suffix -re appended (like in oeuvre, genre, ogre, bougre"
louvre_cleaned_1.txt,Ducange,ORG,8228,8235,"ng something which is let or rented. According to DuCange's medieval Latin glossary, louvagium in medieval "
louvre_cleaned_1.txt,The Louvre Palace,ORG,8349,8366,ind of fee or rent paid for the use of something. The Louvre Palace has been subject to numerous renovations since it
louvre_cleaned_1.txt,The 14Th Century,DATE,8435,8451,"o numerous renovations since its construction. In the 14th century, Charles V converted the building from its milita"
louvre_cleaned_1.txt,Charles V,PERSON,8453,8462,"ions since its construction. In the 14th century, Charles V converted the building from its military role int"
louvre_cleaned_1.txt,Versailles,PERSON,8624,8634,"ench Renaissance style.[27] After Louis XIV chose Versailles as his residence in 1682, construction works slow"
louvre_cleaned_1.txt,Royal,ORG,8797,8802,"uvre being used as a residence for artists, under Royal patronage.[27][23]: 42 [28] For example, four gen"
louvre_cleaned_1.txt,Boulle,PERSON,8891,8897,"e, four generations of craftsmen-artists from the Boulle family were granted Royal patronage and resided i"
louvre_cleaned_1.txt,The Louvre.[29][30][31],WORK_OF_ART,8949,8972,"amily were granted Royal patronage and resided in the Louvre.[29][30][31] Meanwhile, the collections of the Louvre originat"
louvre_cleaned_1.txt,The House Of France,ORG,9096,9115,"f paintings and other artworks by the monarchs of the House of France. At the Palace of Fontainebleau, Francis collecte"
louvre_cleaned_1.txt,Fontainebleau,ORG,9134,9147,"monarchs of the House of France. At the Palace of Fontainebleau, Francis collected art that would later be part o"
louvre_cleaned_1.txt,Leonardo Da Vinci'S,PERSON,9239,9258,"e part of the Louvre's art collections, including Leonardo da Vinci's Mona Lisa.[32] The Cabinet du Roi consisted of se"
louvre_cleaned_1.txt,Mona Lisa.[32,PERSON,9259,9272,"'s art collections, including Leonardo da Vinci's Mona Lisa.[32] The Cabinet du Roi consisted of seven rooms west"
louvre_cleaned_1.txt,The Galerie D'Apollon,ORG,9326,9347,e Cabinet du Roi consisted of seven rooms west of the Galerie d'Apollon on the upper floor of the remodelled Petite Galer
louvre_cleaned_1.txt,Petite Galerie,ORG,9385,9399,ie d'Apollon on the upper floor of the remodelled Petite Galerie. Many of the king's paintings were placed in thes
louvre_cleaned_1.txt,1673,DATE,9460,9464,"he king's paintings were placed in these rooms in 1673, when it became an art gallery, accessible to cer"
louvre_cleaned_1.txt,1681,DATE,9554,9558,"ble to certain art lovers as a kind of museum. In 1681, after the court moved to Versailles, 26 of the p"
louvre_cleaned_1.txt,1684,DATE,9724,9728,"on, but it is mentioned in Paris guide books from 1684 on, and was shown to ambassadors from Siam in 168"
louvre_cleaned_1.txt,Siam,PERSON,9767,9771,"s from 1684 on, and was shown to ambassadors from Siam in 1686.[33] By the mid-18th century there were p"
louvre_cleaned_1.txt,The Mid-18Th Century,DATE,9788,9808,as shown to ambassadors from Siam in 1686.[33] By the mid-18th century there were proposals to create a public gallery i
louvre_cleaned_1.txt,Étienne La Font De Saint-Yenne,PERSON,9883,9913,create a public gallery in the Louvre. Art critic Étienne La Font de Saint-Yenne in 1747 published a call for a display of the roy
louvre_cleaned_1.txt,1747,DATE,9917,9921,vre. Art critic Étienne La Font de Saint-Yenne in 1747 published a call for a display of the royal colle
louvre_cleaned_1.txt,14 October 1750,DATE,9981,9996," a call for a display of the royal collection. On 14 October 1750, Louis XV decided on a display of 96 pieces from "
louvre_cleaned_1.txt,Louis Xv,PERSON,9998,10006,"play of the royal collection. On 14 October 1750, Louis XV decided on a display of 96 pieces from the royal "
louvre_cleaned_1.txt,Galerie,ORG,10083,10090," pieces from the royal collection, mounted in the Galerie royale de peinture of the Luxembourg Palace. A ha"
louvre_cleaned_1.txt,Le Normant De Tournehem,ORG,10157,10180,re of the Luxembourg Palace. A hall was opened by Le Normant de Tournehem and the Marquis de Marigny for public viewing of 
louvre_cleaned_1.txt,The Marquis De Marigny,ORG,10185,10207," A hall was opened by Le Normant de Tournehem and the Marquis de Marigny for public viewing of the ""king's paintings"" (Tab"
louvre_cleaned_1.txt,Tableaux Du Roy,PERSON,10254,10269,"gny for public viewing of the ""king's paintings"" (Tableaux du Roy) on Wednesdays and Saturdays. The Luxembourg gall"
louvre_cleaned_1.txt,Wednesdays And Saturdays,DATE,10274,10298,"ng of the ""king's paintings"" (Tableaux du Roy) on Wednesdays and Saturdays. The Luxembourg gallery included Andrea del Sarto"
louvre_cleaned_1.txt,Luxembourg,GPE,10304,10314,Tableaux du Roy) on Wednesdays and Saturdays. The Luxembourg gallery included Andrea del Sarto's Charity and w
louvre_cleaned_1.txt,Andrea Del Sarto'S Charity,PERSON,10332,10358,ys and Saturdays. The Luxembourg gallery included Andrea del Sarto's Charity and works by Raphael; Titian; Veronese; Rembrandt
louvre_cleaned_1.txt,Raphael,PERSON,10372,10379, included Andrea del Sarto's Charity and works by Raphael; Titian; Veronese; Rembrandt; Poussin or Van Dyck
louvre_cleaned_1.txt,Rembrandt,ORG,10399,10408,s Charity and works by Raphael; Titian; Veronese; Rembrandt; Poussin or Van Dyck. It closed in 1780 as a resu
louvre_cleaned_1.txt,Poussin,ORG,10410,10417,nd works by Raphael; Titian; Veronese; Rembrandt; Poussin or Van Dyck. It closed in 1780 as a result of the
louvre_cleaned_1.txt,Van Dyck,PERSON,10421,10429, Raphael; Titian; Veronese; Rembrandt; Poussin or Van Dyck. It closed in 1780 as a result of the royal gift 
louvre_cleaned_1.txt,1780,DATE,10444,10448,ese; Rembrandt; Poussin or Van Dyck. It closed in 1780 as a result of the royal gift of the Luxembourg p
louvre_cleaned_1.txt,The Count Of Provence,ORG,10507,10528,"ult of the royal gift of the Luxembourg palace to the Count of Provence (the future king, Louis XVIII) by the king in 177"
louvre_cleaned_1.txt,Louis Xvi,PERSON,10591,10600,"king, Louis XVIII) by the king in 1778.[34] Under Louis XVI, the idea of a royal museum in the Louvre came cl"
louvre_cleaned_1.txt,D'Angiviller,ORG,10682,10694,the Louvre came closer to fruition.[35] The comte d'Angiviller broadened the collection and in 1776 proposed to 
louvre_cleaned_1.txt,1776,DATE,10727,10731,omte d'Angiviller broadened the collection and in 1776 proposed to convert the Grande Galerie of the Lou
louvre_cleaned_1.txt,The Grande Galerie Of The Louvre,ORG,10752,10784,ed the collection and in 1776 proposed to convert the Grande Galerie of the Louvre – which at that time contained the plans-reliefs 
louvre_cleaned_1.txt,3D,ORG,10837,10839,which at that time contained the plans-reliefs or 3D models of key fortified sites in and around Franc
louvre_cleaned_1.txt,"The ""French Museum",ORG,10898,10916,"f key fortified sites in and around France – into the ""French Museum"". Many design proposals were offered for the Louv"
louvre_cleaned_1.txt,May 1791,DATE,11215,11223," a public museum during the French Revolution. In May 1791, the National Constituent Assembly declared that "
louvre_cleaned_1.txt,The National Constituent Assembly,ORG,11225,11258,"museum during the French Revolution. In May 1791, the National Constituent Assembly declared that the Louvre would be ""a place for br"
louvre_cleaned_1.txt,10 August 1792,DATE,11372,11386,"r monuments of all the sciences and arts"".[34] On 10 August 1792, Louis XVI was imprisoned and the royal collectio"
louvre_cleaned_1.txt,19 August,DATE,11520,11529,"operty. Because of fear of vandalism or theft, on 19 August, the National Assembly pronounced the museum's pr"
louvre_cleaned_1.txt,October,DATE,11600,11607,"ly pronounced the museum's preparation urgent. In October, a committee to ""preserve the national memory"" be"
louvre_cleaned_1.txt,Muséum,GPE,11792,11798,"he first anniversary of the monarchy's demise, as Muséum central des Arts de la République. The public was"
louvre_cleaned_1.txt,Three Days,DATE,11870,11880,"a République. The public was given free access on three days per week, which was ""perceived as a major accompl"
louvre_cleaned_1.txt,Church,ORG,12136,12142,"tions, the remainder from confiscated émigrés and Church property (biens nationaux).[39][23]: 68-69 To exp"
louvre_cleaned_1.txt,1794,DATE,12280,12284,"epublic dedicated 100,000 livres per year.[34] In 1794, France's revolutionary armies began bringing pie"
louvre_cleaned_1.txt,Laocoön,ORG,12446,12453,"ino (1797) by works from the Vatican, such as the Laocoön and Apollo Belvedere, to establish the Louvre as "
louvre_cleaned_1.txt,Apollo Belvedere,PERSON,12458,12474,"y works from the Vatican, such as the Laocoön and Apollo Belvedere, to establish the Louvre as a museum and as a ""si"
louvre_cleaned_1.txt,Bertrand Clauzel,ORG,12560,12576,"m and as a ""sign of popular sovereignty"".[39][40] Bertrand Clauzel then chief of staff to Emmanuel de Grouchy, servi"
louvre_cleaned_1.txt,Emmanuel De Grouchy,PERSON,12600,12619,".[39][40] Bertrand Clauzel then chief of staff to Emmanuel de Grouchy, serving in the Army of Italy, negotiated the abd"
louvre_cleaned_1.txt,The Army Of Italy,ORG,12632,12649,"chief of staff to Emmanuel de Grouchy, serving in the Army of Italy, negotiated the abdication of the King of Sardini"
louvre_cleaned_1.txt,The King Of Sardinia,ORG,12680,12700,"n the Army of Italy, negotiated the abdication of the King of Sardinia in December 1798 from his mainland territories. T"
louvre_cleaned_1.txt,December 1798,DATE,12704,12717,otiated the abdication of the King of Sardinia in December 1798 from his mainland territories. To secure the agre
louvre_cleaned_1.txt,Clauzel,ORG,12773,12780,"his mainland territories. To secure the agreement Clauzel returned with the Woman with Dropsy, a painting b"
louvre_cleaned_1.txt,Dropsy,ORG,12810,12816,"he agreement Clauzel returned with the Woman with Dropsy, a painting by the Dutch master Gerard Dou. Clauz"
louvre_cleaned_1.txt,Gerard Dou,PERSON,12849,12859,"Woman with Dropsy, a painting by the Dutch master Gerard Dou. Clauzel would donate it to the Louvre, making it"
louvre_cleaned_1.txt,Early Days,DATE,12970,12980,donation in the museum's history.[41][42][43] The early days were hectic. Privileged artists continued to live
louvre_cleaned_1.txt,May 1796,DATE,13144,13152," from floor to ceiling"".[39] The museum closed in May 1796 due to structural deficiencies. It reopened on 14"
louvre_cleaned_1.txt,14 July 1801,DATE,13200,13212,"96 due to structural deficiencies. It reopened on 14 July 1801, arranged chronologically and with new lighting a"
louvre_cleaned_1.txt,15 August 1797,DATE,13281,13295,"gically and with new lighting and columns.[39] On 15 August 1797, the Galerie d'Apollon was opened with an exhibit"
louvre_cleaned_1.txt,The Louvre'S Gallery Of Antiquity,ORG,13373,13406,"opened with an exhibition of drawings. Meanwhile, the Louvre's Gallery of Antiquity sculpture (musée des Antiques), with artefacts br"
louvre_cleaned_1.txt,Antiques,ORG,13428,13436,"ouvre's Gallery of Antiquity sculpture (musée des Antiques), with artefacts brought from Florence and the Va"
louvre_cleaned_1.txt,Florence,ORG,13467,13475,"(musée des Antiques), with artefacts brought from Florence and the Vatican, had opened in November 1800 in A"
louvre_cleaned_1.txt,November 1800,DATE,13507,13520,"ught from Florence and the Vatican, had opened in November 1800 in Anne of Austria's former summer apartment, loc"
louvre_cleaned_1.txt,Summer,DATE,13549,13555,"ened in November 1800 in Anne of Austria's former summer apartment, located on the ground floor just below"
louvre_cleaned_1.txt,November 1802,DATE,13656,13669,"the Galerie d'Apollon. Napoleonic era [edit]On 19 November 1802, Napoleon appointed Vivant Denon, a scholar and p"
louvre_cleaned_1.txt,Vivant Denon,PERSON,13690,13702,"era [edit]On 19 November 1802, Napoleon appointed Vivant Denon, a scholar and polymath who had participated in t"
louvre_cleaned_1.txt,1798–1801,DATE,13776,13785," who had participated in the Egyptian campaign of 1798–1801, as the museum's first director, in preference to"
louvre_cleaned_1.txt,Antiquarian Ennio Quirino,ORG,13867,13892,", in preference to alternative contenders such as antiquarian Ennio Quirino Visconti, painter Jacques-Louis David, sculptor A"
louvre_cleaned_1.txt,Visconti,PERSON,13893,13901,"tive contenders such as antiquarian Ennio Quirino Visconti, painter Jacques-Louis David, sculptor Antonio Ca"
louvre_cleaned_1.txt,Jacques-Louis David,PERSON,13911,13930,"ch as antiquarian Ennio Quirino Visconti, painter Jacques-Louis David, sculptor Antonio Canova and architects Léon Dufo"
louvre_cleaned_1.txt,Antonio Canova,PERSON,13941,13955,"o Visconti, painter Jacques-Louis David, sculptor Antonio Canova and architects Léon Dufourny or Pierre Fontaine.["
louvre_cleaned_1.txt,Léon Dufourny,ORG,13971,13984,"uis David, sculptor Antonio Canova and architects Léon Dufourny or Pierre Fontaine.[44] On Denon's suggestion in "
louvre_cleaned_1.txt,Pierre,PERSON,13988,13994,"or Antonio Canova and architects Léon Dufourny or Pierre Fontaine.[44] On Denon's suggestion in July 1803,"
louvre_cleaned_1.txt,Denon,PERSON,14012,14017,"chitects Léon Dufourny or Pierre Fontaine.[44] On Denon's suggestion in July 1803, the museum itself was "
louvre_cleaned_1.txt,July 1803,DATE,14034,14043," or Pierre Fontaine.[44] On Denon's suggestion in July 1803, the museum itself was renamed Musée Napoléon.[45"
louvre_cleaned_1.txt,Musée Napoléon.[45,PERSON,14075,14093,"stion in July 1803, the museum itself was renamed Musée Napoléon.[45]: 79 The collection grew through successful milit"
louvre_cleaned_1.txt,Treaty,ORG,14311,14317,war looting or formalised by treaties such as the Treaty of Tolentino.[46] At the end of Napoleon's First 
louvre_cleaned_1.txt,First Italian Campaign,ORG,14361,14383,"Treaty of Tolentino.[46] At the end of Napoleon's First Italian Campaign in 1797, the Treaty of Campo Formio was signed wi"
louvre_cleaned_1.txt,1797,DATE,14387,14391,"t the end of Napoleon's First Italian Campaign in 1797, the Treaty of Campo Formio was signed with Count"
louvre_cleaned_1.txt,Count Philipp Von Cobenzl,PERSON,14436,14461," 1797, the Treaty of Campo Formio was signed with Count Philipp von Cobenzl of the Austrian Monarchy. This treaty marked the "
louvre_cleaned_1.txt,The Austrian Monarchy,ORG,14465,14486,rmio was signed with Count Philipp von Cobenzl of the Austrian Monarchy. This treaty marked the completion of Napoleon's 
louvre_cleaned_1.txt,Italy,GPE,14548,14553,y marked the completion of Napoleon's conquest of Italy and the end of the first phase of the French Revo
louvre_cleaned_1.txt,The End Of The First,DATE,14558,14578,he completion of Napoleon's conquest of Italy and the end of the first phase of the French Revolutionary Wars. It compel
louvre_cleaned_1.txt,The French Revolutionary Wars,ORG,14588,14617,nquest of Italy and the end of the first phase of the French Revolutionary Wars. It compelled Italian cities to contribute pieces
louvre_cleaned_1.txt,The Horses Of Saint Mark,WORK_OF_ART,14781,14805,"aris before being put into the Louvre Museum.[47] The Horses of Saint Mark, which had adorned the basilica of San Marco in V"
louvre_cleaned_1.txt,San Marco,GPE,14841,14850," of Saint Mark, which had adorned the basilica of San Marco in Venice after the sack of Constantinople in 120"
louvre_cleaned_1.txt,Venice,GPE,14854,14860,"k, which had adorned the basilica of San Marco in Venice after the sack of Constantinople in 1204, were br"
louvre_cleaned_1.txt,Constantinople,ORG,14879,14893,"basilica of San Marco in Venice after the sack of Constantinople in 1204, were brought to Paris where they were pl"
louvre_cleaned_1.txt,1204,DATE,14897,14901,"rco in Venice after the sack of Constantinople in 1204, were brought to Paris where they were placed ato"
louvre_cleaned_1.txt,Arc De Triomphe Du Carrousel,ORG,14964,14992,"t to Paris where they were placed atop Napoleon's Arc de Triomphe du Carrousel in 1797.[47] Under the Treaty of Tolentino, the t"
louvre_cleaned_1.txt,1815,DATE,15160,15164,"n in 1797, and were both kept in the Louvre until 1815. (The Nile was later returned to Rome,[48] wherea"
louvre_cleaned_1.txt,This Day,DATE,15256,15264,] whereas the Tiber has remained in the Louvre to this day.) The despoilment of Italian churches and palaces
louvre_cleaned_1.txt,Waterloo,PERSON,15415,15423,"ral sensibilities.[49] After the French defeat at Waterloo, the looted works' former owners sought their ret"
louvre_cleaned_1.txt,London,GPE,15619,15625,"n. In response, foreign states sent emissaries to London to seek help, and many pieces were returned, thou"
louvre_cleaned_1.txt,Veronese,PERSON,15828,15836,vernment[51][52] for the keeping of works such as Veronese's Wedding at Cana which was exchanged for a large
louvre_cleaned_1.txt,Cana,PERSON,15850,15854,he keeping of works such as Veronese's Wedding at Cana which was exchanged for a large Le Brun or the re
louvre_cleaned_1.txt,Le Brun,ORG,15887,15894,s Wedding at Cana which was exchanged for a large Le Brun or the repurchase of the Albani collection. From 
louvre_cleaned_1.txt,1815 To 1852,DATE,15944,15956," or the repurchase of the Albani collection. From 1815 to 1852 [edit]For most of the 19th century, from Napoleon"
louvre_cleaned_1.txt,The Second Empire,GPE,16017,16034,"most of the 19th century, from Napoleon's time to the Second Empire, the Louvre and other national museums were manag"
louvre_cleaned_1.txt,The Grande Galerie,ORG,16243,16261,"t iconic collection remained that of paintings in the Grande Galerie, a number of other initiatives mushroomed in the "
louvre_cleaned_1.txt,The Cour Carrée,ORG,16750,16765,y on the ground floor of the southwestern side of the Cour Carrée was completed on designs by Percier and Fontaine.
louvre_cleaned_1.txt,Percier,ORG,16794,16801,de of the Cour Carrée was completed on designs by Percier and Fontaine. In 1819 an exhibition of manufactur
louvre_cleaned_1.txt,Fontaine,ORG,16806,16814,ur Carrée was completed on designs by Percier and Fontaine. In 1819 an exhibition of manufactured products w
louvre_cleaned_1.txt,The Cour Carrée'S,ORG,16896,16913,actured products was opened in the first floor of the Cour Carrée's southern wing and would stay there until the mid-
louvre_cleaned_1.txt,1826,DATE,16991,16995,y there until the mid-1820s.[45]: 87 Charles X in 1826 created the Musée Égyptien and in 1827 included i
louvre_cleaned_1.txt,1827,DATE,17030,17034,"arles X in 1826 created the Musée Égyptien and in 1827 included it in his broader Musée Charles X, a new"
louvre_cleaned_1.txt,Musée Charles X,PERSON,17062,17077,"e Égyptien and in 1827 included it in his broader Musée Charles X, a new section of the museum complex located in a"
louvre_cleaned_1.txt,Jean-François Champollion,ORG,17265,17290,"ée. The Egyptian collection, initially curated by Jean-François Champollion, formed the basis for what is now the Louvre's De"
louvre_cleaned_1.txt,The Louvre'S Department Of Egyptian Antiquities,ORG,17325,17372,"ois Champollion, formed the basis for what is now the Louvre's Department of Egyptian Antiquities. It was formed from the purchased collections of "
louvre_cleaned_1.txt,Edmé-Antoine Durand,ORG,17422,17441,". It was formed from the purchased collections of Edmé-Antoine Durand, Henry Salt and the second collection of Bernardi"
louvre_cleaned_1.txt,Henry Salt,PERSON,17443,17453,"the purchased collections of Edmé-Antoine Durand, Henry Salt and the second collection of Bernardino Drovetti "
louvre_cleaned_1.txt,Bernardino Drovetti,GPE,17483,17502,"e Durand, Henry Salt and the second collection of Bernardino Drovetti (the first one having been purchased by Victor Em"
louvre_cleaned_1.txt,Victor Emmanuel,PERSON,17543,17558, Drovetti (the first one having been purchased by Victor Emmanuel I of Sardinia to form the core of the present Mus
louvre_cleaned_1.txt,Sardinia,GPE,17564,17572,one having been purchased by Victor Emmanuel I of Sardinia to form the core of the present Museo Egizio in T
louvre_cleaned_1.txt,Museo Egizio,PERSON,17605,17617,uel I of Sardinia to form the core of the present Museo Egizio in Turin). The Restoration period also saw the op
louvre_cleaned_1.txt,Turin,GPE,17621,17626,a to form the core of the present Museo Egizio in Turin). The Restoration period also saw the opening in 
louvre_cleaned_1.txt,Alexandre Lenoir'S,PERSON,17881,17899,facts came from the Palace of Versailles and from Alexandre Lenoir's Musée des Monuments Français following its closur
louvre_cleaned_1.txt,Musée Des Monuments Français,ORG,17900,17928," Palace of Versailles and from Alexandre Lenoir's Musée des Monuments Français following its closure in 1816. Meanwhile, the Fre"
louvre_cleaned_1.txt,1816,DATE,17954,17958,"e des Monuments Français following its closure in 1816. Meanwhile, the French Navy created an exhibition"
louvre_cleaned_1.txt,The French Navy,ORG,17971,17986,"rançais following its closure in 1816. Meanwhile, the French Navy created an exhibition of ship models in the Louvr"
louvre_cleaned_1.txt,December 1827,DATE,18041,18054,"ted an exhibition of ship models in the Louvre in December 1827, initially named musée dauphin in honour of Dauph"
louvre_cleaned_1.txt,"Dauphin Louis Antoine,[54",GPE,18099,18124," 1827, initially named musée dauphin in honour of Dauphin Louis Antoine,[54] building on an 18th-century initiative of Henri-"
louvre_cleaned_1.txt,18Th-Century,DATE,18141,18153,"nour of Dauphin Louis Antoine,[54] building on an 18th-century initiative of Henri-Louis Duhamel du Monceau. Thi"
louvre_cleaned_1.txt,Henri-Louis Duhamel,PERSON,18168,18187,"ne,[54] building on an 18th-century initiative of Henri-Louis Duhamel du Monceau. This collection, renamed musée naval "
louvre_cleaned_1.txt,Monceau,ORG,18191,18198,"18th-century initiative of Henri-Louis Duhamel du Monceau. This collection, renamed musée naval in 1833 and"
louvre_cleaned_1.txt,1833,DATE,18240,18244," Monceau. This collection, renamed musée naval in 1833 and later to develop into the Musée national de l"
louvre_cleaned_1.txt,Musée,PERSON,18275,18280,"musée naval in 1833 and later to develop into the Musée national de la Marine, was initially located on t"
louvre_cleaned_1.txt,North Wing,GPE,18366,18376,"y located on the first floor of the Cour Carrée's North Wing, and in 1838 moved up one level to the 2nd-floor "
louvre_cleaned_1.txt,1838,DATE,18385,18389,"rst floor of the Cour Carrée's North Wing, and in 1838 moved up one level to the 2nd-floor attic, where "
louvre_cleaned_1.txt,Louis Philippe,PERSON,18600,18614," 36 - Room 38 Following the July Revolution, King Louis Philippe focused his interest on the repurposing of the Pa"
louvre_cleaned_1.txt,Louis-Philippe,ORG,18814,18828,", and the Louvre was kept in comparative neglect. Louis-Philippe did, however, sponsor the creation of the musée a"
louvre_cleaned_1.txt,Paul-Émile Botta,ORG,18954,18970,"ntal Assyrian sculpture works brought to Paris by Paul-Émile Botta, in the ground-floor gallery north of the eastern"
louvre_cleaned_1.txt,The Assyrian Museum,ORG,19050,19069,"north of the eastern entrance of the Cour Carrée. The Assyrian Museum opened on 1 May 1847.[56] Separately, Louis-Phili"
louvre_cleaned_1.txt,1 May 1847.[56,DATE,19080,19094,"of the Cour Carrée. The Assyrian Museum opened on 1 May 1847.[56] Separately, Louis-Philippe had his Spanish galle"
louvre_cleaned_1.txt,7 January 1838,DATE,19176,19190," his Spanish gallery displayed in the Louvre from 7 January 1838, in five rooms on the first floor of the Cour Car"
louvre_cleaned_1.txt,1848,DATE,19401,19405," were removed after Louis-Philippe was deposed in 1848, and were eventually auctioned away in 1853. The "
louvre_cleaned_1.txt,1853,DATE,19445,19449,"ed in 1848, and were eventually auctioned away in 1853. The short-lived Second Republic had more ambitio"
louvre_cleaned_1.txt,Second Republic,GPE,19467,19482,ventually auctioned away in 1853. The short-lived Second Republic had more ambitions for the Louvre. It initiated r
louvre_cleaned_1.txt,The Naval Museum,ORG,19742,19758,"alon) and of the Grande Galerie.[23]: 52 In 1848, the Naval Museum in the Cour Carrée's attic was brought under the "
louvre_cleaned_1.txt,1920,DATE,19882,19886,"agement,[55] a change which was again reversed in 1920. In 1850 under the leadership of curator Adrien d"
louvre_cleaned_1.txt,1850,DATE,19891,19895,55] a change which was again reversed in 1920. In 1850 under the leadership of curator Adrien de Longpér
louvre_cleaned_1.txt,Adrien De Longpérier,PERSON,19928,19948," in 1920. In 1850 under the leadership of curator Adrien de Longpérier, the musée mexicain opened within the Louvre as t"
louvre_cleaned_1.txt,Napoleon Iii,PERSON,20091,20103,"olumbian art.[58] Second Empire [edit]The rule of Napoleon III was transformational for the Louvre, both the bui"
louvre_cleaned_1.txt,1852,DATE,20178,20182," the Louvre, both the building and the museum. In 1852, he created the Musée des Souverains in the Colon"
louvre_cleaned_1.txt,1861,DATE,20315,20319," aimed at buttressing his personal legitimacy. In 1861, he bought 11,835 artworks including 641 painting"
louvre_cleaned_1.txt,Campana,ORG,20412,20419,"aintings, Greek gold and other antiquities of the Campana collection. For its display, he created another n"
louvre_cleaned_1.txt,Musée Napoléon Iii,PERSON,20504,20522,"eated another new section within the Louvre named Musée Napoléon III, occupying a number of rooms in various parts of "
louvre_cleaned_1.txt,Between 1852 And 1870,DATE,20586,20607,"number of rooms in various parts of the building. Between 1852 and 1870, the museum added 20,000 new artefacts to its col"
louvre_cleaned_1.txt,Louis Visconti,PERSON,20754,20768,s to the building itself. In the 1850s architects Louis Visconti and Hector Lefuel created massive new spaces arou
louvre_cleaned_1.txt,Hector Lefuel,PERSON,20773,20786,tself. In the 1850s architects Louis Visconti and Hector Lefuel created massive new spaces around what is now cal
louvre_cleaned_1.txt,Aile Denon,PERSON,20897,20907,"r Napoléon, some of which (in the South Wing, now Aile Denon) went to the museum.[23]: 52-54 In the 1860s, Lef"
louvre_cleaned_1.txt,The 1860S,DATE,20943,20952,"now Aile Denon) went to the museum.[23]: 52-54 In the 1860s, Lefuel also led the creation of the pavillon des"
louvre_cleaned_1.txt,Lefuel,PERSON,20954,20960,"non) went to the museum.[23]: 52-54 In the 1860s, Lefuel also led the creation of the pavillon des Session"
louvre_cleaned_1.txt,Napoleon Iii'S,PERSON,21049,21063,"des Sessions with a new Salle des Etats closer to Napoleon III's residence in the Tuileries Palace, with the effec"
louvre_cleaned_1.txt,The Tuileries Palace,ORG,21077,21097,"e des Etats closer to Napoleon III's residence in the Tuileries Palace, with the effect of shortening the Grande Galerie"
louvre_cleaned_1.txt,Second Empire,GPE,21215,21228,of its previous length. A smaller but significant Second Empire project was the decoration of the salle des Emper
louvre_cleaned_1.txt,Salon,ORG,21293,21298,e decoration of the salle des Empereurs below the Salon carré.[citation needed] - Entrance to a section o
louvre_cleaned_1.txt,The Musée Napoléon Iii,ORG,21350,21372,"arré.[citation needed] - Entrance to a section of the Musée Napoléon III from the salle des séances, then a double-height "
louvre_cleaned_1.txt,Galerie Daru,PERSON,21430,21442,"e salle des séances, then a double-height space - Galerie Daru, part of the New Louvre building program under Na"
louvre_cleaned_1.txt,New Louvre,ORG,21456,21466,"a double-height space - Galerie Daru, part of the New Louvre building program under Napoleon III - Salle Daru "
louvre_cleaned_1.txt,The New Louvre - Salle Des Empereurs,ORG,21594,21630, created under Napoleon III - Escalier Mollien in the New Louvre - Salle des Empereurs From 1870 to 1981 [edit]The Louvre narrowly escap
louvre_cleaned_1.txt,1870 To 1981,DATE,21636,21648,lien in the New Louvre - Salle des Empereurs From 1870 to 1981 [edit]The Louvre narrowly escaped serious damage 
louvre_cleaned_1.txt,23 May 1871,DATE,21746,21757,"e during the suppression of the Paris Commune. On 23 May 1871, as the French Army advanced into Paris, a force "
louvre_cleaned_1.txt,The French Army,ORG,21762,21777,"pression of the Paris Commune. On 23 May 1871, as the French Army advanced into Paris, a force of Communards led by"
louvre_cleaned_1.txt,Communards,ORG,21810,21820,"s the French Army advanced into Paris, a force of Communards led by Jules Bergeret set fire to the adjoining T"
louvre_cleaned_1.txt,Jules Bergeret,PERSON,21828,21842,"advanced into Paris, a force of Communards led by Jules Bergeret set fire to the adjoining Tuileries Palace. The f"
louvre_cleaned_1.txt,Tuileries,ORG,21966,21975,"ht hours, entirely destroying the interior of the Tuileries and spreading to the north west wing of the museu"
louvre_cleaned_1.txt,Bibliothèque Du Louvre,ORG,22069,22091," museum next to it. The emperor's Louvre library (Bibliothèque du Louvre) and some of the adjoining halls, in what is now "
louvre_cleaned_1.txt,Henry Barbet De Jouy.[60] Following,PERSON,22281,22316,"Paris firemen and museum employees led by curator Henry Barbet de Jouy.[60] Following the end of the monarchy, several spaces in the Lo"
louvre_cleaned_1.txt,The Salle Du Manège,ORG,22404,22423,"es in the Louvre's South Wing went to the museum. The Salle du Manège was transferred to the museum in 1879, and in 192"
louvre_cleaned_1.txt,1879,DATE,22457,22461," Salle du Manège was transferred to the museum in 1879, and in 1928 became its main entrance lobby.[61] "
louvre_cleaned_1.txt,1928,DATE,22470,22474,"ège was transferred to the museum in 1879, and in 1928 became its main entrance lobby.[61] The large Sal"
louvre_cleaned_1.txt,Pavillon Denon,ORG,22600,22614," created by Lefuel between the Grande Galerie and Pavillon Denon was redecorated in 1886 by Edmond Guillaume , Lef"
louvre_cleaned_1.txt,1886,DATE,22634,22638,"nde Galerie and Pavillon Denon was redecorated in 1886 by Edmond Guillaume , Lefuel's successor as archi"
louvre_cleaned_1.txt,Edmond Guillaume,PERSON,22642,22658,"rie and Pavillon Denon was redecorated in 1886 by Edmond Guillaume , Lefuel's successor as architect of the Louvre, "
louvre_cleaned_1.txt,1890,DATE,22893,22897,"Cour Carrée, on the ceiling of which he placed in 1890 a monumental painting by Carolus-Duran, The Trium"
louvre_cleaned_1.txt,The Triumph Of Marie De',ORG,22938,22962,"d in 1890 a monumental painting by Carolus-Duran, The Triumph of Marie de' Medici originally created in 1879 for the Luxembo"
louvre_cleaned_1.txt,Collection La Caze,ORG,23201,23219," arrangements on excavations abroad. The 583-item Collection La Caze, donated in 1869 by Louis La Caze, included works"
louvre_cleaned_1.txt,1869,DATE,23232,23236,"road. The 583-item Collection La Caze, donated in 1869 by Louis La Caze, included works by Chardin; Frag"
louvre_cleaned_1.txt,Louis La Caze,ORG,23240,23253,"e 583-item Collection La Caze, donated in 1869 by Louis La Caze, included works by Chardin; Fragonard, Rembrandt "
louvre_cleaned_1.txt,Chardin,PERSON,23273,23280,"nated in 1869 by Louis La Caze, included works by Chardin; Fragonard, Rembrandt and Watteau.[23]: 70-71 In "
louvre_cleaned_1.txt,Fragonard,GPE,23282,23291,"1869 by Louis La Caze, included works by Chardin; Fragonard, Rembrandt and Watteau.[23]: 70-71 In 1883, the W"
louvre_cleaned_1.txt,1883,DATE,23330,23334,"; Fragonard, Rembrandt and Watteau.[23]: 70-71 In 1883, the Winged Victory of Samothrace, which had been"
louvre_cleaned_1.txt,1863,DATE,23412,23416,"thrace, which had been found in the Aegean Sea in 1863, was prominently displayed as the focal point of "
louvre_cleaned_1.txt,Susa,PERSON,23525,23529,"ier Daru.[23]: 70-71 Major artefacts excavated at Susa in Iran, including the massive Apadana capital an"
louvre_cleaned_1.txt,Iran,GPE,23533,23537,".[23]: 70-71 Major artefacts excavated at Susa in Iran, including the massive Apadana capital and glazed"
louvre_cleaned_1.txt,Apadana,ORG,23561,23568," excavated at Susa in Iran, including the massive Apadana capital and glazed brick decoration from the Pala"
louvre_cleaned_1.txt,Palace,PERSON,23614,23620,"dana capital and glazed brick decoration from the Palace of Darius there, accrued to the Oriental (Near Ea"
louvre_cleaned_1.txt,The 1880S,DATE,23703,23712,Oriental (Near Eastern) Antiquities Department in the 1880s. The Société des amis du Louvre was established i
louvre_cleaned_1.txt,1897,DATE,23764,23768,"The Société des amis du Louvre was established in 1897 and donated prominent works, such as the Pietà of"
louvre_cleaned_1.txt,Georges De La Tour'S,PERSON,23970,23990,"ever, despite some prominent acquisitions such as Georges de La Tour's Saint Thomas and Baron Edmond de Rothschild's 193"
louvre_cleaned_1.txt,Saint Thomas,PERSON,23991,24003,ominent acquisitions such as Georges de La Tour's Saint Thomas and Baron Edmond de Rothschild's 1935 donation of
louvre_cleaned_1.txt,Baron Edmond De Rothschild'S,PERSON,24008,24036,"ons such as Georges de La Tour's Saint Thomas and Baron Edmond de Rothschild's 1935 donation of 4,000 prints, 3,000 drawings, an"
louvre_cleaned_1.txt,1935,DATE,24037,24041,"r's Saint Thomas and Baron Edmond de Rothschild's 1935 donation of 4,000 prints, 3,000 drawings, and 500"
louvre_cleaned_1.txt,The Late 19Th Century,DATE,24116,24137,", 3,000 drawings, and 500 illustrated books. From the late 19th century, the Louvre gradually veered away from its mid-ce"
louvre_cleaned_1.txt,Mid-Century,DATE,24181,24192,"entury, the Louvre gradually veered away from its mid-century ambition of universality to become a more focused"
louvre_cleaned_1.txt,The Musée D'Ethnographie Du Trocadéro,PERSON,24410,24447,f the Louvre's musée mexicain were transferred to the Musée d'Ethnographie du Trocadéro in 1887. As the Musée de Marine was increasingly 
louvre_cleaned_1.txt,1887,DATE,24451,24455,erred to the Musée d'Ethnographie du Trocadéro in 1887. As the Musée de Marine was increasingly constrai
louvre_cleaned_1.txt,The Musée De Marine,ORG,24460,24479,the Musée d'Ethnographie du Trocadéro in 1887. As the Musée de Marine was increasingly constrained to display its core 
louvre_cleaned_1.txt,1905,DATE,24727,24731,"ings of non-Western artefacts were transferred in 1905 to the Trocadéro ethnography museum, the National"
louvre_cleaned_1.txt,Trocadéro,ORG,24739,24748,"Western artefacts were transferred in 1905 to the Trocadéro ethnography museum, the National Antiquities Muse"
louvre_cleaned_1.txt,The National Antiquities Museum,ORG,24769,24800,"rred in 1905 to the Trocadéro ethnography museum, the National Antiquities Museum in Saint-Germain-en-Laye, and the Chinese Museum "
louvre_cleaned_1.txt,Saint-Germain-En-Laye,GPE,24804,24825,"graphy museum, the National Antiquities Museum in Saint-Germain-en-Laye, and the Chinese Museum in the Palace of Fontaine"
louvre_cleaned_1.txt,The Chinese Museum,ORG,24831,24849," Antiquities Museum in Saint-Germain-en-Laye, and the Chinese Museum in the Palace of Fontainebleau.[64] The Musée de "
louvre_cleaned_1.txt,The Palais De Chaillot,ORG,24930,24952,.[64] The Musée de Marine itself was relocated to the Palais de Chaillot in 1943. The Louvre's extensive collections of As
louvre_cleaned_1.txt,1943,DATE,24956,24960,itself was relocated to the Palais de Chaillot in 1943. The Louvre's extensive collections of Asian art 
louvre_cleaned_1.txt,The Guimet Museum,ORG,25024,25041," extensive collections of Asian art were moved to the Guimet Museum in 1945. Nevertheless, the Louvre's first gallery"
louvre_cleaned_1.txt,1945,DATE,25045,25049,"s of Asian art were moved to the Guimet Museum in 1945. Nevertheless, the Louvre's first gallery of Isla"
louvre_cleaned_1.txt,The Late 1920S,DATE,25130,25144,"rst gallery of Islamic art opened in 1893.[65] In the late 1920s, Louvre Director Henri Verne devised a master pla"
louvre_cleaned_1.txt,Henri Verne,PERSON,25162,25173,"d in 1893.[65] In the late 1920s, Louvre Director Henri Verne devised a master plan for the rationalisation of "
louvre_cleaned_1.txt,The Following Decade,DATE,25281,25301,"um's exhibitions, which was partly implemented in the following decade. In 1932–1934, Louvre architects Camille Lefèvre "
louvre_cleaned_1.txt,Camille Lefèvre,PERSON,25335,25350,"following decade. In 1932–1934, Louvre architects Camille Lefèvre and Albert Ferran redesigned the Escalier Daru to"
louvre_cleaned_1.txt,Albert Ferran,PERSON,25355,25368," 1932–1934, Louvre architects Camille Lefèvre and Albert Ferran redesigned the Escalier Daru to its current appea"
louvre_cleaned_1.txt,1934,DATE,25493,25497, in the South Wing was covered by a glass roof in 1934. Decorative arts exhibits were expanded in the fi
louvre_cleaned_1.txt,The Late 1930S,DATE,25653,25667,"g some of France's first period room displays. In the late 1930s, The La Caze donation was moved to a remodelled S"
louvre_cleaned_1.txt,Albert Ferran.[Citation,PERSON,25854,25877,"n the second floor and a sober interior design by Albert Ferran.[citation needed] During World War II, the Louvre conducted"
louvre_cleaned_1.txt,Germany,GPE,25988,25995,"te plan of evacuation of its art collection. When Germany occupied the Sudetenland, many important artworks"
louvre_cleaned_1.txt,Sudetenland,ORG,26009,26020," of its art collection. When Germany occupied the Sudetenland, many important artworks such as the Mona Lisa we"
louvre_cleaned_1.txt,The Château De Chambord,ORG,26094,26117,"s such as the Mona Lisa were temporarily moved to the Château de Chambord. When war was formally declared a year later, mos"
louvre_cleaned_1.txt,A Year Later,DATE,26150,26162,"âteau de Chambord. When war was formally declared a year later, most of the museum's paintings were sent there a"
louvre_cleaned_1.txt,The Venus De Milo,ORG,26279,26296,ulptures such as Winged Victory of Samothrace and the Venus de Milo were sent to the Château de Valençay.[67] On 27 A
louvre_cleaned_1.txt,The Château De Valençay.[67,ORG,26310,26337," of Samothrace and the Venus de Milo were sent to the Château de Valençay.[67] On 27 August 1939, after two days of packing, tr"
louvre_cleaned_1.txt,27 August 1939,DATE,26342,26356,"Milo were sent to the Château de Valençay.[67] On 27 August 1939, after two days of packing, truck convoys began t"
louvre_cleaned_1.txt,Two Days,DATE,26364,26372,"Château de Valençay.[67] On 27 August 1939, after two days of packing, truck convoys began to leave Paris. B"
louvre_cleaned_1.txt,28 December,DATE,26424,26435,"f packing, truck convoys began to leave Paris. By 28 December, the museum was cleared of most works, except tho"
louvre_cleaned_1.txt,Early 1945,DATE,26577,26587,"intings [that] were left in the basement"".[68] In early 1945, after the liberation of France, art began return"
louvre_cleaned_1.txt,1947,DATE,26802,26806,"decorative practices of the late 19th century. In 1947, Edmond Guillaume's ceiling ornaments were remove"
louvre_cleaned_1.txt,Edmond Guillaume'S,PERSON,26808,26826,"tive practices of the late 19th century. In 1947, Edmond Guillaume's ceiling ornaments were removed from the Salle des"
louvre_cleaned_1.txt,Around 1950,DATE,26941,26952,"re the Mona Lisa was first displayed in 1966.[70] Around 1950, Louvre architect Jean-Jacques Haffner streamline"
louvre_cleaned_1.txt,Jean-Jacques Haffner,PERSON,26971,26991,"played in 1966.[70] Around 1950, Louvre architect Jean-Jacques Haffner streamlined the interior decoration of the Grande"
louvre_cleaned_1.txt,Grande,ORG,27035,27041,"affner streamlined the interior decoration of the Grande Galerie.[63] In 1953, a new ceiling by Georges Br"
louvre_cleaned_1.txt,1953,DATE,27058,27062,"interior decoration of the Grande Galerie.[63] In 1953, a new ceiling by Georges Braque was inaugurated "
louvre_cleaned_1.txt,Georges Braque,PERSON,27081,27095,"the Grande Galerie.[63] In 1953, a new ceiling by Georges Braque was inaugurated in the Salle Henri II, next to th"
louvre_cleaned_1.txt,The Late 1960S,DATE,27169,27183,"Salle Henri II, next to the Salle La Caze.[71] In the late 1960s, seats designed by Pierre Paulin were installed i"
louvre_cleaned_1.txt,Pierre Paulin,PERSON,27203,27216,"La Caze.[71] In the late 1960s, seats designed by Pierre Paulin were installed in the Grande Galerie.[72] In 1972"
louvre_cleaned_1.txt,1972,DATE,27262,27266,"ulin were installed in the Grande Galerie.[72] In 1972, the Salon Carré's museography was remade with li"
louvre_cleaned_1.txt,The Salon Carré'S,ORG,27268,27285,"ere installed in the Grande Galerie.[72] In 1972, the Salon Carré's museography was remade with lighting from a hung "
louvre_cleaned_1.txt,Marc Saltet,PERSON,27378,27389,"a hung tubular case, designed by Louvre architect Marc Saltet with assistance from designers André Monpoix , Jo"
louvre_cleaned_1.txt,André Monpoix,PERSON,27421,27434,"hitect Marc Saltet with assistance from designers André Monpoix , Joseph-André Motte and Paulin.[73] In 1961, the"
louvre_cleaned_1.txt,Joseph-André Motte,PERSON,27437,27455,"et with assistance from designers André Monpoix , Joseph-André Motte and Paulin.[73] In 1961, the Finance Ministry acc"
louvre_cleaned_1.txt,1961,DATE,27475,27479,"é Monpoix , Joseph-André Motte and Paulin.[73] In 1961, the Finance Ministry accepted to leave the Pavil"
louvre_cleaned_1.txt,The Finance Ministry,ORG,27481,27501,"oix , Joseph-André Motte and Paulin.[73] In 1961, the Finance Ministry accepted to leave the Pavillon de Flore at the so"
louvre_cleaned_1.txt,The Pavillon De Flore,ORG,27520,27541,"] In 1961, the Finance Ministry accepted to leave the Pavillon de Flore at the southwestern end of the Louvre building, a"
louvre_cleaned_1.txt,Verne,PERSON,27593,27598,"t the southwestern end of the Louvre building, as Verne had recommended in his 1920s plan. New exhibition"
louvre_cleaned_1.txt,1920S,DATE,27622,27627," Louvre building, as Verne had recommended in his 1920s plan. New exhibition spaces of sculptures (ground"
louvre_cleaned_1.txt,The 1960S,DATE,27735,27744,"and paintings (first floor) opened there later in the 1960s, on a design by government architect Olivier Laha"
louvre_cleaned_1.txt,1981,DATE,27825,27829,"hitect Olivier Lahalle.[74] Grand Louvre [edit]In 1981, French President François Mitterrand proposed, a"
louvre_cleaned_1.txt,François Mitterrand,PERSON,27848,27867,"[74] Grand Louvre [edit]In 1981, French President François Mitterrand proposed, as one of his Grands Projets, the Grand"
louvre_cleaned_1.txt,Grands Projets,ORG,27892,27906,"ident François Mitterrand proposed, as one of his Grands Projets, the Grand Louvre plan to relocate the Finance Mi"
louvre_cleaned_1.txt,Grand Louvre,ORG,27912,27924,"rrand proposed, as one of his Grands Projets, the Grand Louvre plan to relocate the Finance Ministry, until then"
louvre_cleaned_1.txt,Musée Des Arts Décoratifs,ORG,28121,28146,"t its northwestern tip, which houses the separate Musée des Arts Décoratifs) to the museum which would be correspondingly res"
louvre_cleaned_1.txt,1984,DATE,28210,28214,"m which would be correspondingly restructured. In 1984 I. M. Pei, the architect personally selected by M"
louvre_cleaned_1.txt,I. M. Pei,PERSON,28215,28224,"ch would be correspondingly restructured. In 1984 I. M. Pei, the architect personally selected by Mitterrand,"
louvre_cleaned_1.txt,Mitterrand,ORG,28263,28273,"4 I. M. Pei, the architect personally selected by Mitterrand, proposed a master plan including an underground "
louvre_cleaned_1.txt,15 October 1988,DATE,28478,28493,"paces surrounding the pyramid were inaugurated on 15 October 1988, and its underground lobby was opened on 30 March"
louvre_cleaned_1.txt,30 March 1989,DATE,28535,28548,"ber 1988, and its underground lobby was opened on 30 March 1989. New galleries of early modern French paintings o"
louvre_cleaned_1.txt,1989,DATE,28709,28713,"d started before the Grand Louvre, also opened in 1989. Further rooms in the same sequence, designed by "
louvre_cleaned_1.txt,Italo Rota,GPE,28763,28773,". Further rooms in the same sequence, designed by Italo Rota, opened on 15 December 1992.[citation needed] On "
louvre_cleaned_1.txt,15 December 1992.[Citation,DATE,28785,28811," same sequence, designed by Italo Rota, opened on 15 December 1992.[citation needed] On 18 November 1993, Mitterrand inaugurat"
louvre_cleaned_1.txt,18 November 1993,DATE,28823,28839,", opened on 15 December 1992.[citation needed] On 18 November 1993, Mitterrand inaugurated the next major phase of t"
louvre_cleaned_1.txt,North (Richelieu,ORG,28925,28941,"jor phase of the Grand Louvre plan: the renovated North (Richelieu) Wing in the former Finance Ministry site, the mu"
louvre_cleaned_1.txt,Finance Ministry,ORG,28962,28978,"he renovated North (Richelieu) Wing in the former Finance Ministry site, the museum's largest single expansion in it"
louvre_cleaned_1.txt,Pei,PERSON,29058,29061,"ngle expansion in its entire history, designed by Pei, his French associate Michel Macary, and Jean-Mic"
louvre_cleaned_1.txt,Michel Macary,PERSON,29084,29097,"re history, designed by Pei, his French associate Michel Macary, and Jean-Michel Wilmotte. Further underground sp"
louvre_cleaned_1.txt,Jean-Michel Wilmotte,PERSON,29103,29123,"d by Pei, his French associate Michel Macary, and Jean-Michel Wilmotte. Further underground spaces known as the Carrouse"
louvre_cleaned_1.txt,The Carrousel Du Louvre,ORG,29161,29184,"hel Wilmotte. Further underground spaces known as the Carrousel du Louvre, centred on the Inverted Pyramid and designed by "
louvre_cleaned_1.txt,The Inverted Pyramid,ORG,29197,29217,"aces known as the Carrousel du Louvre, centred on the Inverted Pyramid and designed by Pei and Macary, had opened in Oct"
louvre_cleaned_1.txt,Macary,PERSON,29242,29248,"d on the Inverted Pyramid and designed by Pei and Macary, had opened in October 1993. Other refurbished ga"
louvre_cleaned_1.txt,October 1993,DATE,29264,29276,"mid and designed by Pei and Macary, had opened in October 1993. Other refurbished galleries, of Italian sculptur"
louvre_cleaned_1.txt,1994,DATE,29365,29369,"an sculptures and Egyptian antiquities, opened in 1994. The third and last main phase of the plan unfold"
louvre_cleaned_1.txt,1997,DATE,29432,29436,"nd last main phase of the plan unfolded mainly in 1997, with new renovated rooms in the Sully and Denon "
louvre_cleaned_1.txt,Sully,PERSON,29470,29475,"d mainly in 1997, with new renovated rooms in the Sully and Denon wings. A new entrance at the porte des "
louvre_cleaned_1.txt,1998,DATE,29541,29545,". A new entrance at the porte des Lions opened in 1998, leading on the first floor to new rooms of Spani"
louvre_cleaned_1.txt,2002,DATE,29632,29636,"ooms of Spanish paintings.[citation needed] As of 2002, the Louvre's visitor count had doubled from its "
louvre_cleaned_1.txt,Ieoh Ming Pei'S,PERSON,29744,29759,"d-Louvre levels.[75] - The Napoleon Courtyard and Ieoh Ming Pei's pyramid in its centre, at dusk - The Louvre Palac"
louvre_cleaned_1.txt,21St Century,DATE,29836,29848,"dusk - The Louvre Palace and the pyramid (by day) 21st century [edit]President Jacques Chirac, who had succeeded"
louvre_cleaned_1.txt,Jacques Chirac,PERSON,29865,29879,"the pyramid (by day) 21st century [edit]President Jacques Chirac, who had succeeded Mitterrand in 1995, insisted o"
louvre_cleaned_1.txt,1995,DATE,29913,29917,"t Jacques Chirac, who had succeeded Mitterrand in 1995, insisted on the return of non-Western art to the"
louvre_cleaned_1.txt,Jacques Kerchache,PERSON,30043,30060,"tion from his friend the art collector and dealer Jacques Kerchache . On his initiative, a selection of highlights fr"
louvre_cleaned_1.txt,The Musée Du Quai Branly,ORG,30150,30174,hlights from the collections of what would become the Musée du Quai Branly – Jacques Chirac was installed on the ground floo
louvre_cleaned_1.txt,The Pavillon Des Sessions,ORG,30229,30254,"cques Chirac was installed on the ground floor of the Pavillon des Sessions and opened in 2000, six years ahead of the Musée "
louvre_cleaned_1.txt,2000,DATE,30269,30273," floor of the Pavillon des Sessions and opened in 2000, six years ahead of the Musée du Quai Branly itse"
louvre_cleaned_1.txt,Six Years Ahead,DATE,30275,30290," of the Pavillon des Sessions and opened in 2000, six years ahead of the Musée du Quai Branly itself. The main othe"
louvre_cleaned_1.txt,Chirac,PERSON,30402,30408, in the aftermath of the Grand Louvre project was Chirac's decision to create a new department of Islamic 
louvre_cleaned_1.txt,1 August 2003,DATE,30485,30498," department of Islamic Art, by executive order of 1 August 2003, and to move the corresponding collections from t"
louvre_cleaned_1.txt,22 September 2012,DATE,30673,30690,"ite in the Denon Wing. That new section opened on 22 September 2012, together with collections from the Roman-era Eas"
louvre_cleaned_1.txt,Al Waleed Bin Talal,PERSON,30792,30811,"rn Mediterranean, with financial support from the Al Waleed bin Talal Foundation and on a design by Mario Bellini and R"
louvre_cleaned_1.txt,Mario Bellini,PERSON,30842,30855,"Al Waleed bin Talal Foundation and on a design by Mario Bellini and Rudy Ricciotti.[76][77][78] In 2007, German p"
louvre_cleaned_1.txt,Rudy,PERSON,30860,30864,"l Foundation and on a design by Mario Bellini and Rudy Ricciotti.[76][77][78] In 2007, German painter An"
louvre_cleaned_1.txt,2007,DATE,30891,30895," Mario Bellini and Rudy Ricciotti.[76][77][78] In 2007, German painter Anselm Kiefer was invited to crea"
louvre_cleaned_1.txt,Anselm Kiefer,PERSON,30912,30925,"dy Ricciotti.[76][77][78] In 2007, German painter Anselm Kiefer was invited to create a work for the North stairs"
louvre_cleaned_1.txt,Perrault,ORG,30983,30991,"ited to create a work for the North stairs of the Perrault Colonnade, Athanor. This decision announces the m"
louvre_cleaned_1.txt,Athanor,PERSON,31003,31010,"k for the North stairs of the Perrault Colonnade, Athanor. This decision announces the museum's reengagemen"
louvre_cleaned_1.txt,Henri Loyrette,PERSON,31107,31121,"ment with contemporary art under the direction of Henri Loyrette, fifty years after the institution's last order t"
louvre_cleaned_1.txt,Fifty Years,DATE,31123,31134,"porary art under the direction of Henri Loyrette, fifty years after the institution's last order to a contempor"
louvre_cleaned_1.txt,George Braque.[79],PERSON,31197,31215,"stitution's last order to a contemporary artists, George Braque.[79] In 2010, American painter Cy Twombly completed a "
louvre_cleaned_1.txt,2010,DATE,31219,31223," to a contemporary artists, George Braque.[79] In 2010, American painter Cy Twombly completed a new ceil"
louvre_cleaned_1.txt,Cy Twombly,ORG,31242,31252,"sts, George Braque.[79] In 2010, American painter Cy Twombly completed a new ceiling for the Salle des Bronzes"
louvre_cleaned_1.txt,The Salle Des Bronzes,ORG,31281,31302,"an painter Cy Twombly completed a new ceiling for the Salle des Bronzes (the former Salle La Caze), a counterpoint to tha"
louvre_cleaned_1.txt,Salle Henri Ii,PERSON,31398,31412, that of Braque installed in 1953 in the adjacent Salle Henri II. The room's floor and walls were redesigned in 20
louvre_cleaned_1.txt,2021,DATE,31460,31464,II. The room's floor and walls were redesigned in 2021 by Louvre architect Michel Goutal to revert the c
louvre_cleaned_1.txt,Michel Goutal,PERSON,31485,31498,walls were redesigned in 2021 by Louvre architect Michel Goutal to revert the changes made by his predecessor Alb
louvre_cleaned_1.txt,The Cy Twombly Foundation,ORG,31603,31628,"erran in the late 1930s, triggering protests from the Cy Twombly Foundation on grounds that the then-deceased painter's work "
louvre_cleaned_1.txt,François Morellet,PERSON,31794,31811," same year, the Louvre commissioned French artist François Morellet to create a work for the Lefuel stairs, on the fi"
louvre_cleaned_1.txt,Morellet,PERSON,31896,31904,"airs, on the first floor. For L'esprit d'escalier Morellet redesigned the stairscase's windows, echoing thei"
louvre_cleaned_1.txt,6 June 2014,DATE,32042,32053,"hem to create a disturbing optical effect.[81] On 6 June 2014, the Decorative Arts section on the first floor o"
louvre_cleaned_1.txt,January 2020,DATE,32186,32198," opened after comprehensive refurbishment.[82] In January 2020, under the direction of Jean-Luc Martinez, the mu"
louvre_cleaned_1.txt,Jean-Luc Martinez,ORG,32223,32240,"ment.[82] In January 2020, under the direction of Jean-Luc Martinez, the museum inaugurated a new contemporary art co"
louvre_cleaned_1.txt,L'Onde Du Midi,ORG,32300,32314,"um inaugurated a new contemporary art commission, L'Onde du Midi by Venezuelan kinetic artist Elias Crespin. The s"
louvre_cleaned_1.txt,Elias Crespin,PERSON,32344,32357,"sion, L'Onde du Midi by Venezuelan kinetic artist Elias Crespin. The sculpture hovers under the Escalier du Midi,"
louvre_cleaned_1.txt,Covid-19,ORG,32540,32548,"her museums and galleries, felt the impact of the COVID-19 pandemic on the arts and cultural heritage. The m"
louvre_cleaned_1.txt,The End Of The Day,DATE,32617,32635,"ts and cultural heritage. The museum closed after the end of the day on 29 February 2020,[84] and it did not reopen un"
louvre_cleaned_1.txt,29 February,DATE,32639,32650,"ge. The museum closed after the end of the day on 29 February 2020,[84] and it did not reopen until 6 July.[85]"
louvre_cleaned_1.txt,29 October,DATE,32749,32759,"] The museum operated with limited capacity until 29 October, when it was ordered closed again due to an incre"
louvre_cleaned_1.txt,Covid,ORG,32816,32821,"it was ordered closed again due to an increase in COVID cases in France,[86] and reopened on 19 May 2021."
louvre_cleaned_1.txt,May 2021.[87,DATE,32862,32874," in COVID cases in France,[86] and reopened on 19 May 2021.[87] As a result, the museum recorded only 2.7 millio"
louvre_cleaned_1.txt,2020,DATE,32938,32942," the museum recorded only 2.7 million visitors in 2020, down from 9.6 million in 2019 and a record 10.2 "
louvre_cleaned_1.txt,2019,DATE,32969,32973,"illion visitors in 2020, down from 9.6 million in 2019 and a record 10.2 million in 2018.[88] In prepara"
louvre_cleaned_1.txt,Attendance,PERSON,33164,33174,"s their ancient beginnings to the modern era.[89] Attendance rose to 8.9 million in 2023, 14 percent above 202"
louvre_cleaned_1.txt,2023,DATE,33198,33202,"modern era.[89] Attendance rose to 8.9 million in 2023, 14 percent above 2022, but still short of the re"
louvre_cleaned_1.txt,2022,DATE,33221,33225,"nce rose to 8.9 million in 2023, 14 percent above 2022, but still short of the record of 10.2 million in"
louvre_cleaned_1.txt,January 2025,DATE,33289,33301,"ort of the record of 10.2 million in 2018.[90] In January 2025, French President Emmanuel Macron announced plans"
louvre_cleaned_1.txt,Emmanuel Macron,PERSON,33320,33335,"on in 2018.[90] In January 2025, French President Emmanuel Macron announced plans for a renovation and expansion of"
louvre_cleaned_1.txt,Each Year,DATE,33528,33537,was a result of the increasing number of visitors each year to the Louvre.[91] The renovation is set to begin
louvre_cleaned_1.txt,September 2026.[92,DATE,33591,33609,"the Louvre.[91] The renovation is set to begin in September 2026.[92] On 16 June 2025, the museum's employees went on "
louvre_cleaned_1.txt,16 June 2025,DATE,33614,33626,"ovation is set to begin in September 2026.[92] On 16 June 2025, the museum's employees went on strike in protest"
louvre_cleaned_1.txt,19 October 2025,DATE,33783,33798,"ng and ""untenable"" working conditions.[93][94] On 19 October 2025, the Louvre was subjected to a robbery through a "
louvre_cleaned_1.txt,Jewellery,ORG,33913,33922,"n the Galerie d'Apollon. The museum reported that jewellery had been stolen, and the perpetrators fled by mot"
louvre_cleaned_1.txt,Laurent Nuñez,PERSON,34153,34166, closed for the day.[97] French interior minister Laurent Nuñez said the robbery involved intruders entering the 
louvre_cleaned_1.txt,Empress Marie-Louise,ORG,34515,34535,"n, including an emerald necklace that belonged to Empress Marie-Louise and three jewels that belonged to queens Marie-Am"
louvre_cleaned_1.txt,Marie-Amelie,PERSON,34577,34589,"e-Louise and three jewels that belonged to queens Marie-Amelie and Hortense.[100] The ninth item, the Crown of E"
louvre_cleaned_1.txt,Crown,ORG,34629,34634,"rie-Amelie and Hortense.[100] The ninth item, the Crown of Empress Eugénie, was recovered the same day in"
louvre_cleaned_1.txt,The Same Day,DATE,34669,34681,"item, the Crown of Empress Eugénie, was recovered the same day in a street close to the Louvre but in a damaged "
louvre_cleaned_1.txt,25 October,DATE,34750,34760,"to the Louvre but in a damaged condition.[101] On 25 October, two of the suspected thieves were arrested, one "
louvre_cleaned_1.txt,Algeria,GPE,34831,34838,"d thieves were arrested, one was trying to fly to Algeria from Charles de Gaulle Airport.[102]On 29 October"
louvre_cleaned_1.txt,Charles De Gaulle Airport.[102]On,ORG,34844,34877,"e arrested, one was trying to fly to Algeria from Charles de Gaulle Airport.[102]On 29 October, the prosecutor in charge said that th"
louvre_cleaned_1.txt,30 October,DATE,35179,35189,"llegedly part of the four-man heist team.[104] On 30 October, police arrested five more suspects, but there wa"
louvre_cleaned_1.txt,Late November,DATE,35285,35298,"e was still no sign of the stolen jewels.[105] In late November, a water line burst, and damaged between 300 and "
louvre_cleaned_1.txt,The 19Th And Early 20Th,DATE,35384,35407,"tween 300 and 400 books and journals, mostly from the 19th and early 20th centuries.[92] - The Pavillon des Sessions's disp"
louvre_cleaned_1.txt,Islamic Art Department,ORG,35585,35607,r Visconti's ground floor covered to host the new Islamic Art Department in 2012 - Islamic art display in the covered Cour
louvre_cleaned_1.txt,Cour Visconti,PERSON,35653,35666,"ment in 2012 - Islamic art display in the covered Cour Visconti, 2012 - Underground display of the Islamic Art De"
louvre_cleaned_1.txt,The Islamic Art Department,ORG,35698,35724,"ered Cour Visconti, 2012 - Underground display of the Islamic Art Department, 2012 Collections [edit]The Musée du Louvre owns "
louvre_cleaned_1.txt,Collections,WORK_OF_ART,35731,35742,"round display of the Islamic Art Department, 2012 Collections [edit]The Musée du Louvre owns 615,797 objects[1]"
louvre_cleaned_1.txt,Musée Du Louvre,ORG,35753,35768,"slamic Art Department, 2012 Collections [edit]The Musée du Louvre owns 615,797 objects[1] of which 482,943 are acce"
louvre_cleaned_1.txt,24 March 2021[106,DATE,35838,35855,"s[1] of which 482,943 are accessible online since 24 March 2021[106] and displays 35,000 works of art in eight curato"
louvre_cleaned_1.txt,Greece,GPE,36206,36212," pieces from ancient civilisations such as Egypt, Greece, and Rome. The museum also features collections o"
louvre_cleaned_1.txt,Rome,GPE,36218,36222," ancient civilisations such as Egypt, Greece, and Rome. The museum also features collections of decorati"
louvre_cleaned_1.txt,Bc,ORG,36466,36468,"from the Nile civilisations which date from 4,000 BC to the 4th century AD.[108] The collection, among"
louvre_cleaned_1.txt,The 4Th Century,DATE,36472,36487,"he Nile civilisations which date from 4,000 BC to the 4th century AD.[108] The collection, among the world's larges"
louvre_cleaned_1.txt,Ancient Egypt,ORG,36573,36586,"world's largest, overviews Egyptian life spanning Ancient Egypt, the Middle Kingdom, the New Kingdom, Coptic art,"
louvre_cleaned_1.txt,The Middle Kingdom,GPE,36588,36606,", overviews Egyptian life spanning Ancient Egypt, the Middle Kingdom, the New Kingdom, Coptic art, and the Roman, Ptol"
louvre_cleaned_1.txt,New Kingdom,GPE,36612,36623,"e spanning Ancient Egypt, the Middle Kingdom, the New Kingdom, Coptic art, and the Roman, Ptolemaic, and Byzant"
louvre_cleaned_1.txt,Ptolemaic,PERSON,36652,36661,"gdom, the New Kingdom, Coptic art, and the Roman, Ptolemaic, and Byzantine periods.[108] The department's ori"
louvre_cleaned_1.txt,Byzantine Periods.[108,PERSON,36667,36689,"ingdom, Coptic art, and the Roman, Ptolemaic, and Byzantine periods.[108] The department's origins lie in the royal collec"
louvre_cleaned_1.txt,1798,DATE,36780,36784,"al collection, but it was augmented by Napoleon's 1798 expeditionary trip with Dominique Vivant, the fut"
louvre_cleaned_1.txt,Dominique Vivant,ORG,36809,36825,"mented by Napoleon's 1798 expeditionary trip with Dominique Vivant, the future director of the Louvre.[23]: 76-77 Af"
louvre_cleaned_1.txt,The Rosetta Stone,ORG,36916,36933," 76-77 After Jean-François Champollion translated the Rosetta Stone, Charles X decreed that an Egyptian Antiquities d"
louvre_cleaned_1.txt,Mariette,ORG,37208,37216,"rks. Growth continued via acquisitions by Auguste Mariette, founder of the Egyptian Museum in Cairo. Mariett"
louvre_cleaned_1.txt,The Egyptian Museum,ORG,37229,37248," via acquisitions by Auguste Mariette, founder of the Egyptian Museum in Cairo. Mariette, after excavations at Memphis,"
louvre_cleaned_1.txt,Cairo,GPE,37252,37257,"guste Mariette, founder of the Egyptian Museum in Cairo. Mariette, after excavations at Memphis, sent bac"
louvre_cleaned_1.txt,Memphis,GPE,37290,37297,"n Museum in Cairo. Mariette, after excavations at Memphis, sent back crates of archaeological finds includi"
louvre_cleaned_1.txt,Seated,ORG,37354,37360,back crates of archaeological finds including The Seated Scribe.[23]: 76-77 [109] Guarded by the Great Sph
louvre_cleaned_1.txt,Tanis,GPE,37417,37422,".[23]: 76-77 [109] Guarded by the Great Sphinx of Tanis, the collection is housed in more than 20 rooms. "
louvre_cleaned_1.txt,The Seated Scribe,ORG,37683,37700,"iod include the Gebel el-Arak Knife from 3400 BC, The Seated Scribe, and the Head of King Djedefre. Middle Kingdom ar"
louvre_cleaned_1.txt,Middle Kingdom,GPE,37733,37747,"The Seated Scribe, and the Head of King Djedefre. Middle Kingdom art, ""known for its gold work and statues"", moved"
louvre_cleaned_1.txt,Amenemhatankh,PERSON,37872,37885,tion; this is exemplified by the schist statue of Amenemhatankh and the wooden Offering Bearer. The New Kingdom a
louvre_cleaned_1.txt,Offering Bearer,ORG,37901,37916,the schist statue of Amenemhatankh and the wooden Offering Bearer. The New Kingdom and Coptic Egyptian sections are
louvre_cleaned_1.txt,Nephthys,PERSON,38003,38011," sections are deep, but the statue of the goddess Nephthys and the limestone depiction of the goddess Hathor"
louvre_cleaned_1.txt,Hathor,WORK_OF_ART,38055,38061,phthys and the limestone depiction of the goddess Hathor demonstrate New Kingdom sentiment and wealth.[108
louvre_cleaned_1.txt,Eastern,ORG,38413,38420,"ht: 183 cm, width: 154 cm, thickness: 480 cm Near Eastern antiquities [edit]Near Eastern antiquities, the s"
louvre_cleaned_1.txt,1881,DATE,38506,38510,"quities, the second newest department, dates from 1881 and presents an overview of early Near Eastern ci"
louvre_cleaned_1.txt,Islam,ORG,38618,38623,"on and ""first settlements"", before the arrival of Islam. The department is divided into three geographic "
louvre_cleaned_1.txt,Levant,GPE,38684,38690,"tment is divided into three geographic areas: the Levant, Mesopotamia (Iraq), and Persia (Iran). The colle"
louvre_cleaned_1.txt,Mesopotamia (Iraq,ORG,38692,38709," divided into three geographic areas: the Levant, Mesopotamia (Iraq), and Persia (Iran). The collection's development"
louvre_cleaned_1.txt,Persia,GPE,38716,38722,"raphic areas: the Levant, Mesopotamia (Iraq), and Persia (Iran). The collection's development corresponds "
louvre_cleaned_1.txt,Paul-Émile Botta'S,ORG,38803,38821,opment corresponds to archaeological work such as Paul-Émile Botta's 1843 expedition to Khorsabad and the discovery of
louvre_cleaned_1.txt,1843,DATE,38822,38826,to archaeological work such as Paul-Émile Botta's 1843 expedition to Khorsabad and the discovery of Sarg
louvre_cleaned_1.txt,Khorsabad,PERSON,38841,38850,ork such as Paul-Émile Botta's 1843 expedition to Khorsabad and the discovery of Sargon II's palace.[108][23]
louvre_cleaned_1.txt,Today,DATE,38976,38981,"he basis of the Assyrian museum, the precursor to today's department.[108] The museum contains exhibits f"
louvre_cleaned_1.txt,Sumer,ORG,39035,39040,"epartment.[108] The museum contains exhibits from Sumer and the city of Akkad, with monuments such as the"
louvre_cleaned_1.txt,Akkad,GPE,39057,39062,"seum contains exhibits from Sumer and the city of Akkad, with monuments such as the Prince of Lagash's St"
louvre_cleaned_1.txt,2450,DATE,39137,39141,"the Prince of Lagash's Stele of the Vultures from 2450 BC and the stele erected by Naram-Sin, King of Ak"
louvre_cleaned_1.txt,Naram-Sin,ORG,39170,39179,"he Vultures from 2450 BC and the stele erected by Naram-Sin, King of Akkad, to celebrate a victory over barba"
louvre_cleaned_1.txt,1901,DATE,39318,39322,"-metre (7.38 ft) Code of Hammurabi, discovered in 1901, displays Babylonian Laws prominently, so that no"
louvre_cleaned_1.txt,Babylonian Laws,PERSON,39333,39348,") Code of Hammurabi, discovered in 1901, displays Babylonian Laws prominently, so that no man could plead their ign"
louvre_cleaned_1.txt,The Investiture Of Zimrilim,ORG,39435,39462,ead their ignorance. The 18th-century BC mural of the Investiture of Zimrilim and the 25th-century BC Statue of Ebih-Il found i
louvre_cleaned_1.txt,25Th-Century,DATE,39471,39483,y BC mural of the Investiture of Zimrilim and the 25th-century BC Statue of Ebih-Il found in the ancient city-st
louvre_cleaned_1.txt,Mari,PERSON,39540,39544,tue of Ebih-Il found in the ancient city-state of Mari are also on display at the museum.[110] A signifi
louvre_cleaned_1.txt,Ernest Renan'S,PERSON,39731,39745,"Eshmunazar II discovered in 1855, which catalysed Ernest Renan's 1860 Mission de Phénicie. It contains one of the "
louvre_cleaned_1.txt,1860,DATE,39746,39750,"iscovered in 1855, which catalysed Ernest Renan's 1860 Mission de Phénicie. It contains one of the world"
louvre_cleaned_1.txt,Mission De Phénicie,ORG,39751,39770,"ered in 1855, which catalysed Ernest Renan's 1860 Mission de Phénicie. It contains one of the world's largest and most "
louvre_cleaned_1.txt,Canaanite,GPE,39849,39858,d's largest and most comprehensive collections of Canaanite and Aramaic inscriptions. The section also covers
louvre_cleaned_1.txt,Aramaic,PERSON,39863,39870,d most comprehensive collections of Canaanite and Aramaic inscriptions. The section also covers North Afric
louvre_cleaned_1.txt,The Persian Archers,ORG,40218,40237,"om the archaic period, like the Funerary Head and the Persian Archers of Darius I,[108][111] and rare objects from Pers"
louvre_cleaned_1.txt,Darius,PERSON,40241,40247,"like the Funerary Head and the Persian Archers of Darius I,[108][111] and rare objects from Persepolis.[11"
louvre_cleaned_1.txt,Ancient,ORG,40350,40357,"- Sarcophagus of Eshmunazar II, one of only three Ancient Egyptian sarcophagi found outside Egypt, and the "
louvre_cleaned_1.txt,Phoenicia - Phoenician,ORG,40450,40472,nd the first Phoenician inscription discovered in Phoenicia - Phoenician metal bowls from Cyprus - The Code of Hammurabi; 
louvre_cleaned_1.txt,Roman,PERSON,40724,40729,"ues from the Sidon Mithraeum Greek, Etruscan, and Roman [edit]The Greek, Etruscan, and Roman department d"
louvre_cleaned_1.txt,Cycladic,PERSON,40904,40912,e 6th century.[113] The collection spans from the Cycladic period to the decline of the Roman Empire. This d
louvre_cleaned_1.txt,The Roman Empire,GPE,40938,40954," spans from the Cycladic period to the decline of the Roman Empire. This department is one of the museum's oldest, a"
louvre_cleaned_1.txt,Francis I.[108][23,PERSON,41034,41052,"e museum's oldest, and contains works acquired by Francis I.[108][23]: 155-58 Initially, the collection focused on mar"
louvre_cleaned_1.txt,The Borghese Vase,ORG,41298,41315,"r Napoleon I's fall in 1815. Other works, such as the Borghese Vase, were bought by Napoleon. Later in the 19th centu"
louvre_cleaned_1.txt,Auxerre,ORG,41547,41554,"ewellery and pieces such as the limestone Lady of Auxerre, from 640 BC; and the cylindrical Hera of Samos, "
louvre_cleaned_1.txt,The Borghese Gladiator,ORG,41705,41727,"focus on the human form increased, exemplified by the Borghese Gladiator. The Louvre holds masterpieces from the Hellenist"
louvre_cleaned_1.txt,The Winged Victory Of Samothrace,WORK_OF_ART,41795,41827," masterpieces from the Hellenistic era, including The Winged Victory of Samothrace (190 BC) and the Venus de Milo, symbolic of class"
louvre_cleaned_1.txt,Seine,ORG,42032,42037,"Greek potteries. In the galleries paralleling the Seine, much of the museum's Roman sculpture is displaye"
louvre_cleaned_1.txt,Agrippa,PERSON,42184,42191, of that genre; examples include the portraits of Agrippa and Annius Verus; among the bronzes is the Greek 
louvre_cleaned_1.txt,Annius Verus,PERSON,42196,42208,re; examples include the portraits of Agrippa and Annius Verus; among the bronzes is the Greek Apollo of Piombin
louvre_cleaned_1.txt,The Greek Apollo Of,ORG,42231,42250,of Agrippa and Annius Verus; among the bronzes is the Greek Apollo of Piombino. - Cycladic head of a woman; 27th centur
louvre_cleaned_1.txt,27Th Century,DATE,42289,42301,k Apollo of Piombino. - Cycladic head of a woman; 27th century BC; marble; height: 27 cm - The Winged Victory of
louvre_cleaned_1.txt,The Roman Forum Of Thessalonica,ORG,42507,42538,"ncantadas, sculptures from a portico that adorned the Roman Forum of Thessalonica, 150–230 AD[115] Islamic art [edit]The Islamic ar"
louvre_cleaned_1.txt,Thirteen Centuries,DATE,42630,42648,"lamic art collection, the museum's newest, spans ""thirteen centuries and three continents"".[116] These exhibits, of ce"
louvre_cleaned_1.txt,2003,DATE,42907,42911," arts department, the holdings became separate in 2003. Among the works are the Pyxide d'al-Mughira, a 1"
louvre_cleaned_1.txt,A 10Th Century,DATE,42958,42972,"003. Among the works are the Pyxide d'al-Mughira, a 10th century ivory box from Andalusia; the Baptistery of Saint"
louvre_cleaned_1.txt,Andalusia,GPE,42988,42997,"yxide d'al-Mughira, a 10th century ivory box from Andalusia; the Baptistery of Saint-Louis, an engraved brass"
louvre_cleaned_1.txt,The Baptistery Of Saint-Louis,ORG,42999,43028,"Mughira, a 10th century ivory box from Andalusia; the Baptistery of Saint-Louis, an engraved brass basin from the 13th or 14th ce"
louvre_cleaned_1.txt,The 13Th Or 14Th Century,DATE,43059,43083,"tery of Saint-Louis, an engraved brass basin from the 13th or 14th century Mamluk period; and the 10th century Shroud of Sai"
louvre_cleaned_1.txt,The 10Th Century,DATE,43103,43119, from the 13th or 14th century Mamluk period; and the 10th century Shroud of Saint-Josse from Iran.[23]: 119-121 [11
louvre_cleaned_1.txt,Shroud,PERSON,43120,43126, 14th century Mamluk period; and the 10th century Shroud of Saint-Josse from Iran.[23]: 119-121 [116] The 
louvre_cleaned_1.txt,Saint-Josse,ORG,43130,43141,ury Mamluk period; and the 10th century Shroud of Saint-Josse from Iran.[23]: 119-121 [116] The collection cont
louvre_cleaned_1.txt,Ferdowsi,GPE,43251,43259," pages of the Shahnameh, an epic book of poems by Ferdowsi in Persian, and a Syrian metalwork named the Barb"
louvre_cleaned_1.txt,Barberini,PERSON,43305,43314,"owsi in Persian, and a Syrian metalwork named the Barberini Vase.[117] In September 2019, a new and improved "
louvre_cleaned_1.txt,September 2019,DATE,43329,43343,"yrian metalwork named the Barberini Vase.[117] In September 2019, a new and improved Islamic art department was op"
louvre_cleaned_1.txt,Majed Al Saud,PERSON,43421,43434," art department was opened by Princess Lamia bint Majed Al Saud. The new department exhibits 3,000 pieces were co"
louvre_cleaned_1.txt,Spain,GPE,43497,43502,"artment exhibits 3,000 pieces were collected from Spain to India via the Arabian peninsula dating from th"
louvre_cleaned_1.txt,India,GPE,43506,43511,"xhibits 3,000 pieces were collected from Spain to India via the Arabian peninsula dating from the 7th to "
louvre_cleaned_1.txt,The 7Th,DATE,43550,43557,in to India via the Arabian peninsula dating from the 7th to the 19th centuries.[118] - The Pyxis of al-Mug
louvre_cleaned_1.txt,10Th Century,DATE,43613,43625,e 19th centuries.[118] - The Pyxis of al-Mughira; 10th century (maybe 968); ivory; 15 x 8 cm - Iranian tile with
louvre_cleaned_1.txt,Bismillah,ORG,43676,43685,"(maybe 968); ivory; 15 x 8 cm - Iranian tile with bismillah; turn of the 13th-14th century; moulded ceramic, "
louvre_cleaned_1.txt,The 13Th-14Th Century,DATE,43695,43716," 15 x 8 cm - Iranian tile with bismillah; turn of the 13th-14th century; moulded ceramic, lustre glaze and glaze - The Ba"
louvre_cleaned_1.txt,The Baptistère De Saint Louis,ORG,43760,43789,"entury; moulded ceramic, lustre glaze and glaze - The Baptistère de Saint Louis; by Muhammad ibn al-Zayn; 1320–1340; hammering, e"
louvre_cleaned_1.txt,Muhammad Ibn Al-Zayn,PERSON,43794,43814,"aze and glaze - The Baptistère de Saint Louis; by Muhammad ibn al-Zayn; 1320–1340; hammering, engraving, inlay in brass,"
louvre_cleaned_1.txt,15Th-16Th Century,DATE,43906,43923,"n brass, gold, and silver; 50.2 x 22.2 cm - Door; 15th-16th century; sculpted, painted and gilded walnut wood Sculptu"
louvre_cleaned_1.txt,Sculptures,PERSON,43966,43976,"century; sculpted, painted and gilded walnut wood Sculptures [edit]The sculpture department consists of works "
louvre_cleaned_1.txt,Roman Department.[119,ORG,44088,44109,"re 1850 not belonging in the Etruscan, Greek, and Roman department.[119] The Louvre has been a repository of sculpted mat"
louvre_cleaned_1.txt,Michelangelo,PERSON,44265,44277,"architecture was displayed until 1824, except for Michelangelo's Dying Slave and Rebellious Slave.[23]: 397-401 "
louvre_cleaned_1.txt,Dying Slave And Rebellious Slave.[23,ORG,44280,44316,"s displayed until 1824, except for Michelangelo's Dying Slave and Rebellious Slave.[23]: 397-401 Initially the collection included only "
louvre_cleaned_1.txt,1847,DATE,44466,44470,"tion being at Versailles. It remained small until 1847, when Léon Laborde was given control of the depar"
louvre_cleaned_1.txt,Léon Laborde,PERSON,44477,44489,"at Versailles. It remained small until 1847, when Léon Laborde was given control of the department. Laborde deve"
louvre_cleaned_1.txt,Laborde,PERSON,44527,44534,Léon Laborde was given control of the department. Laborde developed the medieval section and purchased the 
louvre_cleaned_1.txt,King Childebert,PERSON,44637,44652,"st such statues and sculptures in the collection, King Childebert and stanga door, respectively.[23]: 397-401 The c"
louvre_cleaned_1.txt,The Department Of Antiquities,ORG,44724,44753,ectively.[23]: 397-401 The collection was part of the Department of Antiquities but was given autonomy in 1871 under Louis Couraj
louvre_cleaned_1.txt,1871,DATE,44780,44784,"partment of Antiquities but was given autonomy in 1871 under Louis Courajod, a director who organised a "
louvre_cleaned_1.txt,Louis Courajod,PERSON,44791,44805," Antiquities but was given autonomy in 1871 under Louis Courajod, a director who organised a wider representation "
louvre_cleaned_1.txt,1986,DATE,44893,44897,"resentation of French works.[119][23]: 397-401 In 1986, all post-1850 works were relocated to the new Mu"
louvre_cleaned_1.txt,Musée D'Orsay,PERSON,44945,44958,"86, all post-1850 works were relocated to the new Musée d'Orsay. The Grand Louvre project separated the departmen"
louvre_cleaned_1.txt,11Th-Century,DATE,45222,45234,h sculpture contains Romanesque works such as the 11th-century Daniel in the Lions' Den and the 12th-century Vir
louvre_cleaned_1.txt,12Th-Century,DATE,45268,45280,"the 11th-century Daniel in the Lions' Den and the 12th-century Virgin of Auvergne. In the 16th century, Renaissa"
louvre_cleaned_1.txt,The 16Th Century,DATE,45304,45320,"' Den and the 12th-century Virgin of Auvergne. In the 16th century, Renaissance influence caused French sculpture to"
louvre_cleaned_1.txt,Renaissance,ORG,45322,45333,"-century Virgin of Auvergne. In the 16th century, Renaissance influence caused French sculpture to become more "
louvre_cleaned_1.txt,Jean Goujon'S,PERSON,45406,45419,"h sculpture to become more restrained, as seen in Jean Goujon's bas-reliefs, and Germain Pilon's Descent from the"
louvre_cleaned_1.txt,Germain Pilon'S,ORG,45437,45452,"rained, as seen in Jean Goujon's bas-reliefs, and Germain Pilon's Descent from the Cross and Resurrection of Christ"
louvre_cleaned_1.txt,The 17Th And 18Th Centuries,DATE,45504,45531,escent from the Cross and Resurrection of Christ. The 17th and 18th centuries are represented by Gian Lorenzo Bernini's 1640–1 
louvre_cleaned_1.txt,Gian Lorenzo Bernini'S,PERSON,45551,45573,"t. The 17th and 18th centuries are represented by Gian Lorenzo Bernini's 1640–1 Bust of Cardinal Richelieu, Étienne Mauric"
louvre_cleaned_1.txt,Bust Of Cardinal Richelieu,WORK_OF_ART,45581,45607," are represented by Gian Lorenzo Bernini's 1640–1 Bust of Cardinal Richelieu, Étienne Maurice Falconet's Woman Bathing and Amo"
louvre_cleaned_1.txt,Étienne Maurice Falconet'S,PERSON,45609,45635,"enzo Bernini's 1640–1 Bust of Cardinal Richelieu, Étienne Maurice Falconet's Woman Bathing and Amour menaçant, and François An"
louvre_cleaned_1.txt,Amour,PERSON,45654,45659,"ieu, Étienne Maurice Falconet's Woman Bathing and Amour menaçant, and François Anguier's obelisks. Neocla"
louvre_cleaned_1.txt,François Anguier'S,PERSON,45674,45692," Falconet's Woman Bathing and Amour menaçant, and François Anguier's obelisks. Neoclassical works includes Antonio Can"
louvre_cleaned_1.txt,Antonio Canova'S,PERSON,45731,45747,s Anguier's obelisks. Neoclassical works includes Antonio Canova's Psyche Revived by Cupid's Kiss (1787).[23]: 397-4
louvre_cleaned_1.txt,Psyche Revived,ORG,45748,45762,sks. Neoclassical works includes Antonio Canova's Psyche Revived by Cupid's Kiss (1787).[23]: 397-401 The 18th and
louvre_cleaned_1.txt,Cupid,ORG,45766,45771,works includes Antonio Canova's Psyche Revived by Cupid's Kiss (1787).[23]: 397-401 The 18th and 19th cen
louvre_cleaned_1.txt,Kiss,PERSON,45774,45778,cludes Antonio Canova's Psyche Revived by Cupid's Kiss (1787).[23]: 397-401 The 18th and 19th centuries 
louvre_cleaned_1.txt,The 18Th And 19Th Centuries,DATE,45800,45827,yche Revived by Cupid's Kiss (1787).[23]: 397-401 The 18th and 19th centuries are represented by the French sculptors like Alfr
louvre_cleaned_1.txt,Alfred Barye,PERSON,45873,45885,ries are represented by the French sculptors like Alfred Barye and Émile Guillemin. - The Tomb of Philippe Pot; 
louvre_cleaned_1.txt,1477,DATE,45935,45939," and Émile Guillemin. - The Tomb of Philippe Pot; 1477 and 1483; limestone, paint, gold and lead; height"
louvre_cleaned_1.txt,1483,DATE,45944,45948,"e Guillemin. - The Tomb of Philippe Pot; 1477 and 1483; limestone, paint, gold and lead; height: 181 cm,"
louvre_cleaned_1.txt,Antoine Coysevox,PERSON,46065,46081,"epth: 167 cm - The King's Fame Riding Pegasus; by Antoine Coysevox; 1701–1702; Carrara marble; height: 3.15 m, width"
louvre_cleaned_1.txt,Carrara,ORG,46094,46101,"e Riding Pegasus; by Antoine Coysevox; 1701–1702; Carrara marble; height: 3.15 m, width: 2.91 m, depth: 1.2"
louvre_cleaned_1.txt,Nicolas Coustou,PERSON,46177,46192,"idth: 2.91 m, depth: 1.28 m - Group sculpture; by Nicolas Coustou; 1701–1712; marble; height: 2.44 m Decorative art"
louvre_cleaned_1.txt,The Mid-19Th Century,DATE,46317,46337,collection spans the time from the Middle Ages to the mid-19th century. The department began as a subset of the sculptur
louvre_cleaned_1.txt,1825,DATE,46701,46705,"e dure vases and bronzes. The Durand collection's 1825 acquisition added ""ceramics, enamels, and stained"
louvre_cleaned_1.txt,Pierre Révoil,PERSON,46793,46806," and stained glass"", and 800 pieces were given by Pierre Révoil. The onset of Romanticism rekindled interest in R"
louvre_cleaned_1.txt,Medieval,PERSON,46871,46879,"Romanticism rekindled interest in Renaissance and Medieval artwork, and the Sauvageot donation expanded the "
louvre_cleaned_1.txt,1862,DATE,46984,46988,"tment with 1,500 middle-age and faïence works. In 1862, the Campana collection added gold jewellery and "
louvre_cleaned_1.txt,The 15Th,DATE,47061,47069,"n added gold jewellery and maiolicas, mainly from the 15th and 16th centuries.[23]: 451-454 [121] The works "
louvre_cleaned_1.txt,Charles Le Brun,PERSON,47217,47232,"r and in the Apollo Gallery, named by the painter Charles Le Brun, who was commissioned by Louis XIV (the Sun King)"
louvre_cleaned_1.txt,Charles V'S,PERSON,47390,47401,"ection contains the coronation crown of Louis XV, Charles V's sceptre, and the 12th century porphyry vase.[122]"
louvre_cleaned_1.txt,The 12Th Century,DATE,47415,47431,"ation crown of Louis XV, Charles V's sceptre, and the 12th century porphyry vase.[122] The Renaissance art holdings "
louvre_cleaned_1.txt,Giambologna,PERSON,47489,47500,y vase.[122] The Renaissance art holdings include Giambologna's bronze Nessus and Deianira and the tapestry Max
louvre_cleaned_1.txt,Nessus,PERSON,47510,47516,issance art holdings include Giambologna's bronze Nessus and Deianira and the tapestry Maximillian's Hunt.
louvre_cleaned_1.txt,Deianira,PERSON,47521,47529, holdings include Giambologna's bronze Nessus and Deianira and the tapestry Maximillian's Hunt.[120] From la
louvre_cleaned_1.txt,Maximillian,ORG,47547,47558,"gna's bronze Nessus and Deianira and the tapestry Maximillian's Hunt.[120] From later periods, highlights inclu"
louvre_cleaned_1.txt,Madame De Pompadour'S,ORG,47611,47632,"Hunt.[120] From later periods, highlights include Madame de Pompadour's Sèvres vase collection and Napoleon III's apartme"
louvre_cleaned_1.txt,September 2000,DATE,47695,47709,"collection and Napoleon III's apartments.[120] In September 2000, the Louvre Museum dedicated the Gilbert Chagoury"
louvre_cleaned_1.txt,The Gilbert Chagoury,ORG,47739,47759,"0] In September 2000, the Louvre Museum dedicated the Gilbert Chagoury and Rose-Marie Chagoury Gallery to display tapest"
louvre_cleaned_1.txt,Rose-Marie Chagoury Gallery,ORG,47764,47791," Louvre Museum dedicated the Gilbert Chagoury and Rose-Marie Chagoury Gallery to display tapestries donated by the Chagourys, i"
louvre_cleaned_1.txt,Chagourys,ORG,47829,47838,"oury Gallery to display tapestries donated by the Chagourys, including a 16th-century six-part tapestry suite"
louvre_cleaned_1.txt,A 16Th-Century,DATE,47850,47864,"ay tapestries donated by the Chagourys, including a 16th-century six-part tapestry suite, sewn with gold and silve"
louvre_cleaned_1.txt,Colbert De Seignelay,ORG,47989,48009,"a divinities, which was commissioned in Paris for Colbert de Seignelay, Secretary of State for the Navy. - Henry II styl"
louvre_cleaned_1.txt,State,ORG,48024,48029,"d in Paris for Colbert de Seignelay, Secretary of State for the Navy. - Henry II style wardrobe; c. 1580;"
louvre_cleaned_1.txt,Navy,ORG,48038,48042," Colbert de Seignelay, Secretary of State for the Navy. - Henry II style wardrobe; c. 1580; walnut and o"
louvre_cleaned_1.txt,C. 1580,DATE,48071,48078,"of State for the Navy. - Henry II style wardrobe; c. 1580; walnut and oak, partially gilded and painted; he"
louvre_cleaned_1.txt,André Charles Boulle,PERSON,48215,48235,".60 m[123] - Louis XIV style cabinet on stand; by André Charles Boulle; c. 1690–1710; oak frame, resinous wood and walnu"
louvre_cleaned_1.txt,C. 1690–1710,DATE,48237,48249," style cabinet on stand; by André Charles Boulle; c. 1690–1710; oak frame, resinous wood and walnut, ebony venee"
louvre_cleaned_1.txt,Barry,PERSON,48395,48400,"and ormolu - Louis XVI style commode of Madame du Barry; 1772; oak frame, veneer of pearwood, rosewood an"
louvre_cleaned_1.txt,1772,DATE,48402,48406,"olu - Louis XVI style commode of Madame du Barry; 1772; oak frame, veneer of pearwood, rosewood and king"
louvre_cleaned_1.txt,C. 1776,DATE,48622,48629,"8 m[124] - Louis XVI style barometer-thermometer; c. 1776; soft-paste Sèvres porcelain, enamel, and ormolu;"
louvre_cleaned_1.txt,The 13Th Century To 1848,DATE,48791,48815,"ollection has more than 7,500 works[14]: 229 from the 13th century to 1848 and is managed by 12 curators who oversee the col"
louvre_cleaned_1.txt,Louis Xiv'S,PERSON,49036,49047,"ngs compose most of the remnants of Francis I and Louis XIV's collections, others are unreturned artwork from t"
louvre_cleaned_1.txt,The Royal Collection,ORG,49367,49387," his court.[32][128] After the French Revolution, the Royal Collection formed the nucleus of the Louvre. When the d'Orsa"
louvre_cleaned_1.txt,D'Orsay,PERSON,49431,49438,ection formed the nucleus of the Louvre. When the d'Orsay train station was converted into the Musée d'Orsa
louvre_cleaned_1.txt,The Musée D'Orsay,ORG,49472,49489,"When the d'Orsay train station was converted into the Musée d'Orsay in 1986, the collection was split, and pieces com"
louvre_cleaned_1.txt,Cour Carrée,PERSON,49667,49678,hern European works are in the Richelieu Wing and Cour Carrée; Spanish and Italian paintings are on the first f
louvre_cleaned_1.txt,The French School,ORG,49774,49791,st floor of the Denon Wing.[23]: 199 Exemplifying the French School are the early Avignon Pietà of Enguerrand Quarton
louvre_cleaned_1.txt,C. 1360,DATE,49887,49894,"rton; the anonymous painting of King Jean le Bon (c. 1360), possibly the oldest independent portrait in Wes"
louvre_cleaned_1.txt,Hyacinthe Rigaud'S,PERSON,50006,50024,g to survive from the postclassical era;[23]: 201 Hyacinthe Rigaud's Louis XIV; Jacques-Louis David's The Coronation o
louvre_cleaned_1.txt,Jacques-Louis David'S,PERSON,50036,50057,sical era;[23]: 201 Hyacinthe Rigaud's Louis XIV; Jacques-Louis David's The Coronation of Napoleon; Théodore Géricault's 
louvre_cleaned_1.txt,The Coronation Of Napoleon,ORG,50058,50084,acinthe Rigaud's Louis XIV; Jacques-Louis David's The Coronation of Napoleon; Théodore Géricault's The Raft of the Medusa; and
louvre_cleaned_1.txt,Géricault,PERSON,50095,50104,ouis David's The Coronation of Napoleon; Théodore Géricault's The Raft of the Medusa; and Eugène Delacroix's 
louvre_cleaned_1.txt,Medusa,ORG,50123,50129,of Napoleon; Théodore Géricault's The Raft of the Medusa; and Eugène Delacroix's Liberty Leading the Peopl
louvre_cleaned_1.txt,Liberty Leading,ORG,50154,50169,"'s The Raft of the Medusa; and Eugène Delacroix's Liberty Leading the People. Nicolas Poussin, the Le Nain brothers"
louvre_cleaned_1.txt,Nicolas Poussin,PERSON,50182,50197,"nd Eugène Delacroix's Liberty Leading the People. Nicolas Poussin, the Le Nain brothers, Philippe de Champaigne, Le"
louvre_cleaned_1.txt,Philippe De Champaigne,PERSON,50221,50243,"he People. Nicolas Poussin, the Le Nain brothers, Philippe de Champaigne, Le Brun, La Tour, Watteau, Fragonard, Ingres, Co"
louvre_cleaned_1.txt,Watteau,GPE,50263,50270,"others, Philippe de Champaigne, Le Brun, La Tour, Watteau, Fragonard, Ingres, Corot, and Delacroix are well"
louvre_cleaned_1.txt,Ingres,PERSON,50283,50289,"Champaigne, Le Brun, La Tour, Watteau, Fragonard, Ingres, Corot, and Delacroix are well represented.[129] "
louvre_cleaned_1.txt,Corot,PERSON,50291,50296,"ne, Le Brun, La Tour, Watteau, Fragonard, Ingres, Corot, and Delacroix are well represented.[129] Norther"
louvre_cleaned_1.txt,Delacroix,PERSON,50302,50311,", La Tour, Watteau, Fragonard, Ingres, Corot, and Delacroix are well represented.[129] Northern European work"
louvre_cleaned_1.txt,Johannes Vermeer'S,ORG,50371,50389,represented.[129] Northern European works include Johannes Vermeer's The Lacemaker and The Astronomer; Caspar David Fr
louvre_cleaned_1.txt,Caspar David Friedrich'S,PERSON,50424,50448,annes Vermeer's The Lacemaker and The Astronomer; Caspar David Friedrich's The Tree of Crows; Rembrandt's The Supper at Emma
louvre_cleaned_1.txt,The Tree Of Crows,ORG,50449,50466,"aker and The Astronomer; Caspar David Friedrich's The Tree of Crows; Rembrandt's The Supper at Emmaus, Bathsheba at H"
louvre_cleaned_1.txt,Rembrandt'S,ORG,50468,50479,"omer; Caspar David Friedrich's The Tree of Crows; Rembrandt's The Supper at Emmaus, Bathsheba at Her Bath, and "
louvre_cleaned_1.txt,The Supper At Emmaus,ORG,50480,50500," David Friedrich's The Tree of Crows; Rembrandt's The Supper at Emmaus, Bathsheba at Her Bath, and The Slaughtered Ox. T"
louvre_cleaned_1.txt,Bathsheba,GPE,50502,50511," Tree of Crows; Rembrandt's The Supper at Emmaus, Bathsheba at Her Bath, and The Slaughtered Ox. The Italian "
louvre_cleaned_1.txt,The Slaughtered Ox,ORG,50529,50547," The Supper at Emmaus, Bathsheba at Her Bath, and The Slaughtered Ox. The Italian holdings are notable, particularly t"
louvre_cleaned_1.txt,Andrea Mantegna,PERSON,50647,50662,"he Renaissance collection.[130] The works include Andrea Mantegna and Giovanni Bellini's Calvarys, which reflect re"
louvre_cleaned_1.txt,Giovanni Bellini'S,ORG,50667,50685,"ction.[130] The works include Andrea Mantegna and Giovanni Bellini's Calvarys, which reflect realism and detail ""meant"
louvre_cleaned_1.txt,Calvarys,ORG,50686,50694,"ks include Andrea Mantegna and Giovanni Bellini's Calvarys, which reflect realism and detail ""meant to depic"
louvre_cleaned_1.txt,Mona Lisa,PERSON,50866,50875,"naissance collection includes Leonardo da Vinci's Mona Lisa, Virgin and Child with St. Anne, St. John the Bap"
louvre_cleaned_1.txt,Virgin,PERSON,50877,50883,"ollection includes Leonardo da Vinci's Mona Lisa, Virgin and Child with St. Anne, St. John the Baptist, an"
louvre_cleaned_1.txt,St. Anne,GPE,50899,50907,"nardo da Vinci's Mona Lisa, Virgin and Child with St. Anne, St. John the Baptist, and Madonna of the Rocks. "
louvre_cleaned_1.txt,St. John The,GPE,50909,50921,"inci's Mona Lisa, Virgin and Child with St. Anne, St. John the Baptist, and Madonna of the Rocks. The Baroque co"
louvre_cleaned_1.txt,Madonna,PERSON,50935,50942,"nd Child with St. Anne, St. John the Baptist, and Madonna of the Rocks. The Baroque collection includes Gia"
louvre_cleaned_1.txt,Giambattista Pittoni'S,PERSON,50989,51011,"nna of the Rocks. The Baroque collection includes Giambattista Pittoni's The Continence of Scipio, Susanna and the Elders,"
louvre_cleaned_1.txt,The Continence Of Scipio,WORK_OF_ART,51012,51036,"aroque collection includes Giambattista Pittoni's The Continence of Scipio, Susanna and the Elders, Bacchus and Ariadne, Mar"
louvre_cleaned_1.txt,Susanna,GPE,51038,51045," Giambattista Pittoni's The Continence of Scipio, Susanna and the Elders, Bacchus and Ariadne, Mars and Ven"
louvre_cleaned_1.txt,Elders,PERSON,51054,51060,"ttoni's The Continence of Scipio, Susanna and the Elders, Bacchus and Ariadne, Mars and Venus, and others "
louvre_cleaned_1.txt,Bacchus,PERSON,51062,51069,"The Continence of Scipio, Susanna and the Elders, Bacchus and Ariadne, Mars and Venus, and others Caravaggi"
louvre_cleaned_1.txt,Ariadne,PERSON,51074,51081,"ce of Scipio, Susanna and the Elders, Bacchus and Ariadne, Mars and Venus, and others Caravaggio is represe"
louvre_cleaned_1.txt,Venus,ORG,51092,51097,"nna and the Elders, Bacchus and Ariadne, Mars and Venus, and others Caravaggio is represented by The Fort"
louvre_cleaned_1.txt,The Fortune Teller And Death Of The Virgin,WORK_OF_ART,51139,51181,"nd Venus, and others Caravaggio is represented by The Fortune Teller and Death of the Virgin. From 16th century Venice, the Louvre displays Ti"
louvre_cleaned_1.txt,16Th Century,DATE,51188,51200," The Fortune Teller and Death of the Virgin. From 16th century Venice, the Louvre displays Titian's Le Concert C"
louvre_cleaned_1.txt,The Crowning,WORK_OF_ART,51280,51292,"itian's Le Concert Champetre, The Entombment, and The Crowning with Thorns.[23]: 378 [132] The La Caze Collectio"
louvre_cleaned_1.txt,La Caze,PERSON,51475,51482,ibution of a person in the history of the Louvre. La Caze gave 584 paintings of his personal collection to 
louvre_cleaned_1.txt,Antoine Watteau'S,ORG,51565,51582,"al collection to the museum. The bequest included Antoine Watteau's Commedia dell'arte player of Pierrot (""Gilles""). "
louvre_cleaned_1.txt,Commedia,GPE,51583,51591,"he museum. The bequest included Antoine Watteau's Commedia dell'arte player of Pierrot (""Gilles""). In 2007, "
louvre_cleaned_1.txt,Pierrot,PERSON,51612,51619,"ed Antoine Watteau's Commedia dell'arte player of Pierrot (""Gilles""). In 2007, this bequest was the topic o"
louvre_cleaned_1.txt,Gilles,WORK_OF_ART,51622,51628," Watteau's Commedia dell'arte player of Pierrot (""Gilles""). In 2007, this bequest was the topic of the exh"
louvre_cleaned_1.txt,The French Centre For Research And Restoration Of Museums,ORG,51831,51888,wn paintings of the museum have been digitised by the French Centre for Research and Restoration of Museums of France.[134] - The Money Changer and His Wife;
louvre_cleaned_1.txt,The Money Changer And His Wife,WORK_OF_ART,51907,51937,arch and Restoration of Museums of France.[134] - The Money Changer and His Wife; by Quentin Massys; 1514; oil on panel; 70.5 × 67
louvre_cleaned_1.txt,Quentin Massys,PERSON,51942,51956,France.[134] - The Money Changer and His Wife; by Quentin Massys; 1514; oil on panel; 70.5 × 67 cm - Susanna and t
louvre_cleaned_1.txt,1514,DATE,51958,51962,he Money Changer and His Wife; by Quentin Massys; 1514; oil on panel; 70.5 × 67 cm - Susanna and the Eld
louvre_cleaned_1.txt,Giambattista Pittoni,PERSON,52020,52040, panel; 70.5 × 67 cm - Susanna and the Elders; by Giambattista Pittoni; 1720; oil on panel; 37 × 46 cm - The Continence 
louvre_cleaned_1.txt,1720,DATE,52042,52046, Susanna and the Elders; by Giambattista Pittoni; 1720; oil on panel; 37 × 46 cm - The Continence of Sci
louvre_cleaned_1.txt,1733,DATE,52126,52130,he Continence of Scipio; by Giambattista Pittoni; 1733; oil on panel; 96 × 56 cm - Diana after the Bath;
louvre_cleaned_1.txt,François Boucher,PERSON,52184,52200,l on panel; 96 × 56 cm - Diana after the Bath; by François Boucher; 1742; oil on canvas; 73 × 56 cm - Oath of the Ho
louvre_cleaned_1.txt,1742,DATE,52202,52206,6 cm - Diana after the Bath; by François Boucher; 1742; oil on canvas; 73 × 56 cm - Oath of the Horatii;
louvre_cleaned_1.txt,Horatii,ORG,52248,52255,er; 1742; oil on canvas; 73 × 56 cm - Oath of the Horatii; by Jacques-Louis David; 1784; oil on canvas; hei
louvre_cleaned_1.txt,1784,DATE,52281,52285,"cm - Oath of the Horatii; by Jacques-Louis David; 1784; oil on canvas; height: 330 cm, width: 425 cm - S"
louvre_cleaned_1.txt,Giuseppe Arcimboldo,PERSON,52345,52364,"anvas; height: 330 cm, width: 425 cm - Spring; by Giuseppe Arcimboldo; 1573; oil on canvas; 76 × 64 cm Prints and drawi"
louvre_cleaned_1.txt,1573,DATE,52366,52370,", width: 425 cm - Spring; by Giuseppe Arcimboldo; 1573; oil on canvas; 76 × 64 cm Prints and drawings [e"
louvre_cleaned_1.txt,Fillipo Baldinucci'S,PERSON,52674,52694,"opriation, purchases such as the 1,200 works from Fillipo Baldinucci's collection in 1806, and donations.[23]: 92 [135] "
louvre_cleaned_1.txt,1806,DATE,52709,52713,"200 works from Fillipo Baldinucci's collection in 1806, and donations.[23]: 92 [135] The department open"
louvre_cleaned_1.txt,5 August 1797,DATE,52769,52782,"donations.[23]: 92 [135] The department opened on 5 August 1797, with 415 pieces displayed in the Galerie d'Apoll"
louvre_cleaned_1.txt,"Edmond De Rothschild,[136",PERSON,52968,52993,"oyal copper printing-plates, and the donations of Edmond de Rothschild,[136] which include 40,000 prints, 3,000 drawings, and"
louvre_cleaned_1.txt,C. 1671,DATE,53260,53267," 496 - Three lion-like heads; by Charles Le Brun; c. 1671; black chalk, pen and ink, brush and grey wash, w"
louvre_cleaned_1.txt,Grey Wash,ORG,53305,53314,"run; c. 1671; black chalk, pen and ink, brush and grey wash, white gouache on paper; 21.7 × 32.7 cm - Studies"
louvre_cleaned_1.txt,A Man'S Head,PERSON,53386,53398,er; 21.7 × 32.7 cm - Studies of Women's Heads and a Man's Head; by Antoine Watteau; first half of the 18th centu
louvre_cleaned_1.txt,Antoine Watteau,ORG,53403,53418,"m - Studies of Women's Heads and a Man's Head; by Antoine Watteau; first half of the 18th century; sanguine, black "
louvre_cleaned_1.txt,First Half Of The 18Th Century,DATE,53420,53450,"men's Heads and a Man's Head; by Antoine Watteau; first half of the 18th century; sanguine, black chalk and white chalk on grey pa"
louvre_cleaned_1.txt,Grey Paper,ORG,53493,53503,"century; sanguine, black chalk and white chalk on grey paper; 28 × 38.1 cm - Danseuse sur la scène; by Edgar D"
louvre_cleaned_1.txt,Edgar Degas,PERSON,53546,53557,"y paper; 28 × 38.1 cm - Danseuse sur la scène; by Edgar Degas; pastel; 58 × 42 cm - Portrait of elderly woman, "
louvre_cleaned_1.txt,Pastel,ORG,53559,53565," 38.1 cm - Danseuse sur la scène; by Edgar Degas; pastel; 58 × 42 cm - Portrait of elderly woman, by Matth"
louvre_cleaned_1.txt,Matthias Grünewald - Portrait,PERSON,53610,53639,"astel; 58 × 42 cm - Portrait of elderly woman, by Matthias Grünewald - Portrait of a young woman, by Hans Holbein - Head of a man"
louvre_cleaned_1.txt,Hans Holbein - Head,PERSON,53661,53680,"atthias Grünewald - Portrait of a young woman, by Hans Holbein - Head of a man, by Andrea del Sarto - Virgin and Child,"
louvre_cleaned_1.txt,Andrea Del Sarto - Virgin,PERSON,53694,53719," young woman, by Hans Holbein - Head of a man, by Andrea del Sarto - Virgin and Child, by Biagio Pupini Gallery of the Five C"
louvre_cleaned_1.txt,Child,PERSON,53724,53729,"- Head of a man, by Andrea del Sarto - Virgin and Child, by Biagio Pupini Gallery of the Five Continents "
louvre_cleaned_1.txt,Biagio Pupini Gallery,PERSON,53734,53755,"a man, by Andrea del Sarto - Virgin and Child, by Biagio Pupini Gallery of the Five Continents [edit]The Gallery of the F"
louvre_cleaned_1.txt,The Five Continents,ORG,53759,53778,"o - Virgin and Child, by Biagio Pupini Gallery of the Five Continents [edit]The Gallery of the Five Continents presents"
louvre_cleaned_1.txt,Oceania,GPE,53918,53925,"ontinents Africa, the Americas, Asia, Europe, and Oceania in a unified museographical framework. The galler"
louvre_cleaned_1.txt,3 December 2025,DATE,53987,54002,"d museographical framework. The gallery opened on 3 December 2025, replacing the former Pavillon des Sessions and r"
louvre_cleaned_1.txt,Pavillon Des Sessions,ORG,54025,54046,"y opened on 3 December 2025, replacing the former Pavillon des Sessions and represents a newly designed institutional eff"
louvre_cleaned_1.txt,Creativity.[137] Management,ORG,54371,54398," more inclusive and interconnected story of human creativity.[137] Management, administration, partnerships [edit]The Louvre is"
louvre_cleaned_1.txt,The 1990S,DATE,54487,54496,"e Louvre is owned by the French government. Since the 1990s, its management and governance have been made mor"
louvre_cleaned_1.txt,2006,DATE,54662,54666," required to generate funds for projects.[140] By 2006, government funds had dipped from 75 percent of t"
louvre_cleaned_1.txt,Every Year,DATE,54747,54757,"rom 75 percent of the total budget to 62 percent. Every year, the Louvre now raises as much as it gets from th"
louvre_cleaned_1.txt,The Da Vinci Code,WORK_OF_ART,55231,55248,"the Louvre became a point of interest in the book The Da Vinci Code and the 2006 film based on the book, the museum e"
louvre_cleaned_1.txt,2008,DATE,55368,55372,"y allowing filming in its galleries.[143][144] In 2008, the French government provided $180 million of t"
louvre_cleaned_1.txt,Jean-Luc,PERSON,55583,55591,"e Louvre employs a staff of 2,000 led by Director Jean-Luc Martinez,[145] who reports to the French Ministry"
louvre_cleaned_1.txt,The French Ministry Of Culture And Communications,ORG,55622,55671,"y Director Jean-Luc Martinez,[145] who reports to the French Ministry of Culture and Communications. Martinez replaced Henri Loyrette in April 2013. "
louvre_cleaned_1.txt,Martinez,PERSON,55673,55681,he French Ministry of Culture and Communications. Martinez replaced Henri Loyrette in April 2013. Under Loyr
louvre_cleaned_1.txt,April 2013,DATE,55709,55719,"mmunications. Martinez replaced Henri Loyrette in April 2013. Under Loyrette, who replaced Pierre Rosenberg in"
louvre_cleaned_1.txt,Loyrette,PERSON,55727,55735,"inez replaced Henri Loyrette in April 2013. Under Loyrette, who replaced Pierre Rosenberg in 2001, the Louvr"
louvre_cleaned_1.txt,Pierre Rosenberg,PERSON,55750,55766,"rette in April 2013. Under Loyrette, who replaced Pierre Rosenberg in 2001, the Louvre has undergone policy changes "
louvre_cleaned_1.txt,2001,DATE,55770,55774," Under Loyrette, who replaced Pierre Rosenberg in 2001, the Louvre has undergone policy changes that all"
louvre_cleaned_1.txt,The High Museum Of Art,ORG,56008,56030,"ks. From 2006 to 2009, the Louvre lent artwork to the High Museum of Art in Atlanta, Georgia, and received a $6.9 million "
louvre_cleaned_1.txt,Atlanta,GPE,56034,56041," Louvre lent artwork to the High Museum of Art in Atlanta, Georgia, and received a $6.9 million payment to "
louvre_cleaned_1.txt,Georgia,GPE,56043,56050,"ent artwork to the High Museum of Art in Atlanta, Georgia, and received a $6.9 million payment to be used f"
louvre_cleaned_1.txt,2009,DATE,56124,56128,"llion payment to be used for renovations.[140] In 2009, Minister of culture Frédéric Mitterrand approved"
louvre_cleaned_1.txt,Frédéric Mitterrand,ORG,56150,56169,"or renovations.[140] In 2009, Minister of culture Frédéric Mitterrand approved a plan that would have created a storage"
louvre_cleaned_1.txt,2013,DATE,56428,56432,"he Musée d'Orsay; the plan was later scrapped. In 2013, his successor Aurélie Filippetti announced that "
louvre_cleaned_1.txt,Aurélie Filippetti,PERSON,56448,56466,"e plan was later scrapped. In 2013, his successor Aurélie Filippetti announced that the Louvre would move more than 25"
louvre_cleaned_1.txt,Liévin,GPE,56612,56618,"e metres (220,000 sq ft) basement storage area in Liévin; the cost of the project, estimated at €60 millio"
louvre_cleaned_1.txt,July 2015,DATE,56805,56814," the sole owner and manager of the store.[146] In July 2015, a team led by British firm Rogers Stirk Harbour "
louvre_cleaned_1.txt,Rogers Stirk,PERSON,56843,56855,"re.[146] In July 2015, a team led by British firm Rogers Stirk Harbour + Partners was selected to design the com"
louvre_cleaned_1.txt,The Fine Arts Museums,ORG,57014,57035,"st, green roof.[146][148] In 2012, the Louvre and the Fine Arts Museums of San Francisco announced a five-year collaborat"
louvre_cleaned_1.txt,San Francisco,GPE,57039,57052," In 2012, the Louvre and the Fine Arts Museums of San Francisco announced a five-year collaboration on exhibition"
louvre_cleaned_1.txt,Five-Year,DATE,57065,57074,"he Fine Arts Museums of San Francisco announced a five-year collaboration on exhibitions, publications, art c"
louvre_cleaned_1.txt,The Alwaleed Bin Talal Foundation,ORG,57307,57340,"nding of €31 million, as well as €17 million from the Alwaleed Bin Talal Foundation founded by the eponymous Saudi prince. The Republ"
louvre_cleaned_1.txt,The Republic Of Azerbaijan,GPE,57380,57406,"Foundation founded by the eponymous Saudi prince. The Republic of Azerbaijan, the Emir of Kuwait, the Sultan of Oman and King "
louvre_cleaned_1.txt,Kuwait,GPE,57420,57426,"i prince. The Republic of Azerbaijan, the Emir of Kuwait, the Sultan of Oman and King Mohammed VI of Moroc"
louvre_cleaned_1.txt,Oman,GPE,57442,57446," of Azerbaijan, the Emir of Kuwait, the Sultan of Oman and King Mohammed VI of Morocco donated in total "
louvre_cleaned_1.txt,King Mohammed Vi,PERSON,57451,57467,"aijan, the Emir of Kuwait, the Sultan of Oman and King Mohammed VI of Morocco donated in total €26 million. In addit"
louvre_cleaned_1.txt,Morocco,GPE,57471,57478,"uwait, the Sultan of Oman and King Mohammed VI of Morocco donated in total €26 million. In addition, the op"
louvre_cleaned_1.txt,The Louvre Abu Dhabi,ORG,57537,57557,"in total €26 million. In addition, the opening of the Louvre Abu Dhabi is supposed to provide €400 million over the cour"
louvre_cleaned_1.txt,30 Years,DATE,57613,57621,pposed to provide €400 million over the course of 30 years for its use of the museum's brand.[76] Loyrette h
louvre_cleaned_1.txt,Annually,DATE,57830,57838,"ng that ""20% of admissions receipts will be taken annually for acquisitions"".[140] He has more administrativ"
louvre_cleaned_1.txt,Daily,DATE,57966,57971,"m and achieved 90 percent of galleries to be open daily, as opposed to 80 percent previously. He oversaw "
louvre_cleaned_1.txt,Friday Nights,DATE,58074,58087, creation of extended hours and free admission on Friday nights and an increase in the acquisition budget to $36 
louvre_cleaned_1.txt,March 2018,DATE,58177,58187,"et to $36 million from $4.5 million.[139][140] In March 2018, an exhibition of dozens of artworks and relics b"
louvre_cleaned_1.txt,Tehran,GPE,58298,58304," France's Louvre Museum was opened to visitors in Tehran, as a result of an agreement between Iranian and "
louvre_cleaned_1.txt,Mesopotamia,GPE,58580,58591,"hran. Relics belonging to Ancient Egypt, Rome and Mesopotamia as well as French royal items were showcased at t"
louvre_cleaned_1.txt,National Museum,ORG,58685,58700,d at the Tehran exhibition.[152][153][154] Iran's National Museum building was designed and constructed by French a
louvre_cleaned_1.txt,André,PERSON,58759,58764," was designed and constructed by French architect André Godard.[155] Following its time in Tehran, the ex"
louvre_cleaned_1.txt,The Khorasan Grand Museum,ORG,58844,58869,"me in Tehran, the exhibition is set to be held in the Khorasan Grand Museum in Mashhad, northeastern Iran in June 2018.[156] "
louvre_cleaned_1.txt,Mashhad,GPE,58873,58880,"is set to be held in the Khorasan Grand Museum in Mashhad, northeastern Iran in June 2018.[156] On the 500t"
louvre_cleaned_1.txt,June 2018.[156,DATE,58903,58917,"san Grand Museum in Mashhad, northeastern Iran in June 2018.[156] On the 500th anniversary of Leonardo da Vinci's "
louvre_cleaned_1.txt,24 October 2019 To,DATE,59040,59058,"the largest ever single exhibit of his work, from 24 October 2019 to 24 February 2020.[157][158] The event included ov"
louvre_cleaned_1.txt,February 2020.[157][158,DATE,59062,59085,"e exhibit of his work, from 24 October 2019 to 24 February 2020.[157][158] The event included over a hundred items: paintin"
louvre_cleaned_1.txt,Da Vinci,PERSON,59209,59217,ks. A full 11 of the fewer than 20 paintings that Da Vinci completed in his lifetime were displayed.[159] Fi
louvre_cleaned_1.txt,Salvator Mundi,PERSON,59455,59469,eum; the work remained on display in its gallery. Salvator Mundi was also not included since the Saudi owner did n
louvre_cleaned_1.txt,Vitruvian Man,PERSON,59568,59581,"not agree to move the work from its hiding place. Vitruvian Man, however, was on display, after a successful lega"
louvre_cleaned_1.txt,Galleria,GPE,59660,59668,"ter a successful legal battle with its owner, the Galleria dell'Accademia in Venice.[160][161] In 2021, a Re"
louvre_cleaned_1.txt,1983,DATE,59792,59796, helmet and breastplate stolen from the museum in 1983 were recovered. The museum noted that the 1983 th
louvre_cleaned_1.txt,The Louvre Is Laurence Des Cars,ORG,59991,60022,"on the theft itself.[162][163] Former director of the Louvre is Laurence des Cars, who was selected by French president Emmanuel Ma"
louvre_cleaned_1.txt,The Louvre'S Collections.[167],ORG,60384,60414," 482,000 illustrated records, representing 75% of the Louvre's collections.[167] The museum was visited by over 7.6 million visito"
louvre_cleaned_1.txt,2018,DATE,60547,60551,"021, but still below the 10.8 million visitors in 2018 before the COVID-19 pandemic.[168] On 24 February"
louvre_cleaned_1.txt,24 February 2026,DATE,60590,60606,"ors in 2018 before the COVID-19 pandemic.[168] On 24 February 2026, Laurence des Cars handed in her resignation to P"
louvre_cleaned_1.txt,Laurence Des Cars,ORG,60608,60625," the COVID-19 pandemic.[168] On 24 February 2026, Laurence des Cars handed in her resignation to President Emmanuel M"
louvre_cleaned_1.txt,The Iconic Museum,ORG,60775,60792,istophe Leribault was then appointed president of the iconic museum by the Council of Ministers on 25 February 2026.[
louvre_cleaned_1.txt,The Council Of Ministers,ORG,60796,60820," then appointed president of the iconic museum by the Council of Ministers on 25 February 2026.[169] In 2023, the Louvre Mus"
louvre_cleaned_1.txt,25 February 2026.[169,DATE,60824,60845," the iconic museum by the Council of Ministers on 25 February 2026.[169] In 2023, the Louvre Museum in Paris implemented "
louvre_cleaned_1.txt,This Year,DATE,61508,61517,"xpects to host approximately 8.7 million visitors this year, with a remarkable 80% seeking to view the Mona L"
louvre_cleaned_1.txt,2026,DATE,61575,61579," remarkable 80% seeking to view the Mona Lisa. In 2026, nine people were arrested as part of an investig"
louvre_cleaned_1.txt,The Rotonde D'Apollon,ORG,62085,62106,"o France's diplomacy and colonial enterprises. In the Rotonde d'Apollon, a carved marble panel lists a number of such cam"
louvre_cleaned_1.txt,1818,DATE,62217,62221, by: - Louis-François-Sébastien Fauvel in Greece (1818) - Jean-François Champollion in Egypt (1828–1829)
louvre_cleaned_1.txt,Léon-Jean-Joseph Dubois,ORG,62300,62323, in Egypt (1828–1829) - Guillaume-Abel Blouet and Léon-Jean-Joseph Dubois with the Morea expedition in Greece (1829) - Adol
louvre_cleaned_1.txt,Morea,GPE,62333,62338,-Abel Blouet and Léon-Jean-Joseph Dubois with the Morea expedition in Greece (1829) - Adolphe Delamare in
louvre_cleaned_1.txt,1829,DATE,62361,62365,oseph Dubois with the Morea expedition in Greece (1829) - Adolphe Delamare in Algeria (1842–1845) - Paul
louvre_cleaned_1.txt,Adolphe Delamare,PERSON,62369,62385,bois with the Morea expedition in Greece (1829) - Adolphe Delamare in Algeria (1842–1845) - Paul-Émile Botta in the 
louvre_cleaned_1.txt,1845,DATE,62451,62455,2–1845) - Paul-Émile Botta in the Nineveh Plains (1845) - Joseph Vattier de Bourville in Cyrenaica (1850
louvre_cleaned_1.txt,Joseph Vattier De Bourville,PERSON,62459,62486,- Paul-Émile Botta in the Nineveh Plains (1845) - Joseph Vattier de Bourville in Cyrenaica (1850) - Auguste Mariette in Egypt (
louvre_cleaned_1.txt,Cyrenaica,GPE,62490,62499,eh Plains (1845) - Joseph Vattier de Bourville in Cyrenaica (1850) - Auguste Mariette in Egypt (1850–1854) - 
louvre_cleaned_1.txt,Victor Langlois,PERSON,62549,62564, (1850) - Auguste Mariette in Egypt (1850–1854) - Victor Langlois in Cilicia (1852) - Ernest Renan with the Mission
louvre_cleaned_1.txt,Cilicia,PERSON,62568,62575,ariette in Egypt (1850–1854) - Victor Langlois in Cilicia (1852) - Ernest Renan with the Mission de Phénici
louvre_cleaned_1.txt,Ernest Renan,PERSON,62585,62597,(1850–1854) - Victor Langlois in Cilicia (1852) - Ernest Renan with the Mission de Phénicie following the 1860 c
louvre_cleaned_1.txt,The Mission De Phénicie,ORG,62603,62626,or Langlois in Cilicia (1852) - Ernest Renan with the Mission de Phénicie following the 1860 civil conflict in Mount Lebano
louvre_cleaned_1.txt,Mount Lebanon,GPE,62664,62677, de Phénicie following the 1860 civil conflict in Mount Lebanon and Damascus (1860–1861) - Léon Heuzey and Honoré
louvre_cleaned_1.txt,Damascus,GPE,62682,62690,wing the 1860 civil conflict in Mount Lebanon and Damascus (1860–1861) - Léon Heuzey and Honoré Daumet in Ma
louvre_cleaned_1.txt,Léon Heuzey,PERSON,62705,62716,flict in Mount Lebanon and Damascus (1860–1861) - Léon Heuzey and Honoré Daumet in Macedonia (1861) - Eugène-Me
louvre_cleaned_1.txt,Honoré Daumet,ORG,62721,62734,ebanon and Damascus (1860–1861) - Léon Heuzey and Honoré Daumet in Macedonia (1861) - Eugène-Melchior de Vogüé an
louvre_cleaned_1.txt,Macedonia,GPE,62738,62747,us (1860–1861) - Léon Heuzey and Honoré Daumet in Macedonia (1861) - Eugène-Melchior de Vogüé and Edmond Duth
louvre_cleaned_1.txt,Edmond Duthoit,PERSON,62786,62800,n Macedonia (1861) - Eugène-Melchior de Vogüé and Edmond Duthoit in Cyprus (1863–1866) - Charles Champoiseau in Sa
louvre_cleaned_1.txt,Cyprus,GPE,62804,62810, - Eugène-Melchior de Vogüé and Edmond Duthoit in Cyprus (1863–1866) - Charles Champoiseau in Samothrace (
louvre_cleaned_1.txt,Charles Champoiseau,PERSON,62825,62844, Vogüé and Edmond Duthoit in Cyprus (1863–1866) - Charles Champoiseau in Samothrace (1863) - Emmanuel Miller in Thessal
louvre_cleaned_1.txt,Samothrace,GPE,62848,62858,it in Cyprus (1863–1866) - Charles Champoiseau in Samothrace (1863) - Emmanuel Miller in Thessaloniki and Thas
louvre_cleaned_1.txt,Emmanuel Miller,PERSON,62868,62883,866) - Charles Champoiseau in Samothrace (1863) - Emmanuel Miller in Thessaloniki and Thasos (1864–1865) - Olivier 
louvre_cleaned_1.txt,Thessaloniki,ORG,62887,62899,poiseau in Samothrace (1863) - Emmanuel Miller in Thessaloniki and Thasos (1864–1865) - Olivier Rayet and Albert
louvre_cleaned_1.txt,Thasos,ORG,62904,62910,race (1863) - Emmanuel Miller in Thessaloniki and Thasos (1864–1865) - Olivier Rayet and Albert-Félix-Théo
louvre_cleaned_1.txt,Albert-Félix-Théophile Thomas,PERSON,62943,62972,loniki and Thasos (1864–1865) - Olivier Rayet and Albert-Félix-Théophile Thomas in Ionia (1872–1873) - Charles Simon Clermont-Gan
louvre_cleaned_1.txt,Ionia,GPE,62976,62981,livier Rayet and Albert-Félix-Théophile Thomas in Ionia (1872–1873) - Charles Simon Clermont-Ganneau in P
louvre_cleaned_1.txt,Charles Simon,PERSON,62996,63009,ert-Félix-Théophile Thomas in Ionia (1872–1873) - Charles Simon Clermont-Ganneau in Palestine (1873) - Antoine Hé
louvre_cleaned_1.txt,Palestine,GPE,63030,63039,a (1872–1873) - Charles Simon Clermont-Ganneau in Palestine (1873) - Antoine Héron de Villefosse in Algeria a
louvre_cleaned_1.txt,1873,DATE,63041,63045,3) - Charles Simon Clermont-Ganneau in Palestine (1873) - Antoine Héron de Villefosse in Algeria and Tun
louvre_cleaned_1.txt,Tunisia,GPE,63092,63099,873) - Antoine Héron de Villefosse in Algeria and Tunisia (1874) - Ernest de Sarzec in Tello / ancient Girs
louvre_cleaned_1.txt,1874,DATE,63101,63105,"toine Héron de Villefosse in Algeria and Tunisia (1874) - Ernest de Sarzec in Tello / ancient Girsu, Mes"
louvre_cleaned_1.txt,Tello,GPE,63129,63134," Algeria and Tunisia (1874) - Ernest de Sarzec in Tello / ancient Girsu, Mesopotamia (1877–1900) - Paul G"
louvre_cleaned_1.txt,Girsu,GPE,63145,63150,"isia (1874) - Ernest de Sarzec in Tello / ancient Girsu, Mesopotamia (1877–1900) - Paul Girard in Greece "
louvre_cleaned_1.txt,Paul Girard,PERSON,63178,63189," Tello / ancient Girsu, Mesopotamia (1877–1900) - Paul Girard in Greece (1881) - Edmond Pottier, Salomon Reinac"
louvre_cleaned_1.txt,Salomon Reinach,PERSON,63225,63240," - Paul Girard in Greece (1881) - Edmond Pottier, Salomon Reinach and Alphonse Veyries in Myrina (Aeolis) (1872–187"
louvre_cleaned_1.txt,Alphonse Veyries,ORG,63245,63261,"eece (1881) - Edmond Pottier, Salomon Reinach and Alphonse Veyries in Myrina (Aeolis) (1872–1873) - Marcel-Auguste D"
louvre_cleaned_1.txt,Myrina,GPE,63265,63271," Pottier, Salomon Reinach and Alphonse Veyries in Myrina (Aeolis) (1872–1873) - Marcel-Auguste Dieulafoy a"
louvre_cleaned_1.txt,Jane Dieulafoy,PERSON,63324,63338,"eolis) (1872–1873) - Marcel-Auguste Dieulafoy and Jane Dieulafoy in Susa, Persia (1884–1886) - Charles Huber in Ta"
louvre_cleaned_1.txt,Charles Huber,PERSON,63369,63382," and Jane Dieulafoy in Susa, Persia (1884–1886) - Charles Huber in Tayma, Arabia (1885) - Alfred Charles Auguste "
louvre_cleaned_1.txt,Tayma,GPE,63386,63391,"oy in Susa, Persia (1884–1886) - Charles Huber in Tayma, Arabia (1885) - Alfred Charles Auguste Foucher i"
louvre_cleaned_1.txt,1885,DATE,63401,63405,"sia (1884–1886) - Charles Huber in Tayma, Arabia (1885) - Alfred Charles Auguste Foucher in India and pr"
louvre_cleaned_1.txt,Alfred Charles Auguste Foucher,PERSON,63409,63439,"4–1886) - Charles Huber in Tayma, Arabia (1885) - Alfred Charles Auguste Foucher in India and present-day Pakistan (1895–1897) - A"
louvre_cleaned_1.txt,Present-Day,DATE,63453,63464,85) - Alfred Charles Auguste Foucher in India and present-day Pakistan (1895–1897) - Arthur Engel and Pierre Pa
louvre_cleaned_1.txt,Pakistan,GPE,63465,63473, Charles Auguste Foucher in India and present-day Pakistan (1895–1897) - Arthur Engel and Pierre Paris in Sp
louvre_cleaned_1.txt,Arthur Engel,PERSON,63488,63500,r in India and present-day Pakistan (1895–1897) - Arthur Engel and Pierre Paris in Spain (1897) - Jacques de Mor
louvre_cleaned_1.txt,Pierre Paris,PERSON,63505,63517,esent-day Pakistan (1895–1897) - Arthur Engel and Pierre Paris in Spain (1897) - Jacques de Morgan in Susa (1897
louvre_cleaned_1.txt,Jacques De Morgan,PERSON,63536,63553,- Arthur Engel and Pierre Paris in Spain (1897) - Jacques de Morgan in Susa (1897) - Gaston Cros in Tello / ancient G
louvre_cleaned_1.txt,Gaston Cros,PERSON,63571,63582,Spain (1897) - Jacques de Morgan in Susa (1897) - Gaston Cros in Tello / ancient Girsu (1902) - Paul Pelliot in
louvre_cleaned_1.txt,1902,DATE,63609,63613,sa (1897) - Gaston Cros in Tello / ancient Girsu (1902) - Paul Pelliot in Chinese Turkestan (1907–1909) 
louvre_cleaned_1.txt,Turkestan,GPE,63641,63650, / ancient Girsu (1902) - Paul Pelliot in Chinese Turkestan (1907–1909) - Maurice Pézard in Northern Palestin
louvre_cleaned_1.txt,1907–1909,DATE,63652,63661,Girsu (1902) - Paul Pelliot in Chinese Turkestan (1907–1909) - Maurice Pézard in Northern Palestine (1923) - 
louvre_cleaned_1.txt,Maurice Pézard,PERSON,63665,63679,- Paul Pelliot in Chinese Turkestan (1907–1909) - Maurice Pézard in Northern Palestine (1923) - Georges Aaron Béné
louvre_cleaned_1.txt,1923,DATE,63703,63707,907–1909) - Maurice Pézard in Northern Palestine (1923) - Georges Aaron Bénédite in Egypt (1926) - Franç
louvre_cleaned_1.txt,Aaron Bénédite,PERSON,63719,63733,ice Pézard in Northern Palestine (1923) - Georges Aaron Bénédite in Egypt (1926) - François Thureau-Dangin in Nort
louvre_cleaned_1.txt,1926,DATE,63744,63748,lestine (1923) - Georges Aaron Bénédite in Egypt (1926) - François Thureau-Dangin in Northern Syria (192
louvre_cleaned_1.txt,1929,DATE,63795,63799,"926) - François Thureau-Dangin in Northern Syria (1929) - Henri de Genouillac in Mesopotamia (1912, 1929"
louvre_cleaned_1.txt,"1912, 1929",DATE,63839,63849,"yria (1929) - Henri de Genouillac in Mesopotamia (1912, 1929) - the Institut Français d'Archéologie Orientale "
louvre_cleaned_1.txt,D'Archéologie Orientale,PERSON,63875,63898," Mesopotamia (1912, 1929) - the Institut Français d'Archéologie Orientale in Cairo, created in 1880 The rest of the plaque "
louvre_cleaned_1.txt,1880,DATE,63920,63924,"çais d'Archéologie Orientale in Cairo, created in 1880 The rest of the plaque combines donors of archaeo"
louvre_cleaned_1.txt,1899,DATE,64147,64151,ouvre's collections: - Frédéric Moreau in France (1899) - Édouard Piette in France (1902) - Joseph de Ba
louvre_cleaned_1.txt,Joseph De Baye,PERSON,64189,64203,France (1899) - Édouard Piette in France (1902) - Joseph de Baye in France (1899–1906) - Henri and Jacques de Morg
louvre_cleaned_1.txt,Léon Henri-Martin,PERSON,64278,64295,Henri and Jacques de Morgan in Susa (1909–1910) - Léon Henri-Martin (1906–1920) and his daughter Germaine in France (
louvre_cleaned_1.txt,Germaine,PERSON,64325,64333, - Léon Henri-Martin (1906–1920) and his daughter Germaine in France (1976) - Louis Capitan in France (1929)
louvre_cleaned_1.txt,1976,DATE,64345,64349, (1906–1920) and his daughter Germaine in France (1976) - Louis Capitan in France (1929) - René de Saint
louvre_cleaned_1.txt,Louis Capitan,PERSON,64353,64366,920) and his daughter Germaine in France (1976) - Louis Capitan in France (1929) - René de Saint-Périer and his w
louvre_cleaned_1.txt,Suzanne,PERSON,64420,64427,France (1929) - René de Saint-Périer and his wife Suzanne in France (1935) - Fernand Bisson de la Roque in 
louvre_cleaned_1.txt,Fernand Bisson De La Roque,PERSON,64447,64473,nt-Périer and his wife Suzanne in France (1935) - Fernand Bisson de la Roque in Egypt (1922–1950) - Bernard Bruyère in Egypt (
louvre_cleaned_1.txt,Bernard Bruyère,PERSON,64497,64512,Fernand Bisson de la Roque in Egypt (1922–1950) - Bernard Bruyère in Egypt (1920–1951) - Raymond Weill in Egypt (19
louvre_cleaned_1.txt,Raymond Weill,PERSON,64536,64549,22–1950) - Bernard Bruyère in Egypt (1920–1951) - Raymond Weill in Egypt (1952) - Pierre Montet in Egypt (1921–19
louvre_cleaned_1.txt,1952,DATE,64560,64564,re in Egypt (1920–1951) - Raymond Weill in Egypt (1952) - Pierre Montet in Egypt (1921–1956) - Jean Mari
louvre_cleaned_1.txt,Pierre Montet,PERSON,64568,64581,ypt (1920–1951) - Raymond Weill in Egypt (1952) - Pierre Montet in Egypt (1921–1956) - Jean Marie Casal in the In
louvre_cleaned_1.txt,Afghanistan,GPE,64646,64657,–1956) - Jean Marie Casal in the Indus Valley and Afghanistan (1950–1973) - Suzanne de Saint-Mathurin in France
louvre_cleaned_1.txt,Suzanne De Saint-Mathurin,PERSON,64672,64697,"in the Indus Valley and Afghanistan (1950–1973) - Suzanne de Saint-Mathurin in France (1973) - André Parrot in Mari, Syria (1"
louvre_cleaned_1.txt,1973,DATE,64709,64713,"1950–1973) - Suzanne de Saint-Mathurin in France (1973) - André Parrot in Mari, Syria (1931–1974) - Clau"
louvre_cleaned_1.txt,André Parrot,PERSON,64717,64729,"3) - Suzanne de Saint-Mathurin in France (1973) - André Parrot in Mari, Syria (1931–1974) - Claude Frédéric-Arma"
louvre_cleaned_1.txt,1931–1974,DATE,64746,64755,"n in France (1973) - André Parrot in Mari, Syria (1931–1974) - Claude Frédéric-Armand Schaeffer in Ugarit, Sy"
louvre_cleaned_1.txt,Claude Frédéric-Armand Schaeffer,PERSON,64759,64791,"1973) - André Parrot in Mari, Syria (1931–1974) - Claude Frédéric-Armand Schaeffer in Ugarit, Syria (1929–1970) - Roman Ghirshman in"
louvre_cleaned_1.txt,Ugarit,GPE,64795,64801,"(1931–1974) - Claude Frédéric-Armand Schaeffer in Ugarit, Syria (1929–1970) - Roman Ghirshman in Iraq and "
louvre_cleaned_1.txt,Roman Ghirshman,PERSON,64823,64838,"c-Armand Schaeffer in Ugarit, Syria (1929–1970) - Roman Ghirshman in Iraq and Iran (1931–1972) Satellites and offsh"
louvre_cleaned_1.txt,Iraq,GPE,64842,64846,"in Ugarit, Syria (1929–1970) - Roman Ghirshman in Iraq and Iran (1931–1972) Satellites and offshoots [ed"
louvre_cleaned_1.txt,Centre,GPE,65227,65233,"cility in the Northern French town of Liévin, the Centre de conservation du Louvre , which is not open to "
louvre_cleaned_1.txt,The Public.[172] Musée De Cluny,ORG,65283,65314," de conservation du Louvre , which is not open to the public.[172] Musée de Cluny (1926–1977) [edit]In February 1926, the Musée de "
louvre_cleaned_1.txt,February 1926,DATE,65336,65349," public.[172] Musée de Cluny (1926–1977) [edit]In February 1926, the Musée de Cluny, whose creation dates back to"
louvre_cleaned_1.txt,The Musée De Cluny,ORG,65351,65369,"usée de Cluny (1926–1977) [edit]In February 1926, the Musée de Cluny, whose creation dates back to the 19th century, w"
louvre_cleaned_1.txt,Louvre'S,ORG,65453,65461," 19th century, was brought under the aegis of the Louvre's department of decorative arts (Objets d'Art).[173"
louvre_cleaned_1.txt,Jeu De Paume,PERSON,65603,65615,"[174] Musée du Jeu de Paume (1947–1986) [edit]The Jeu de Paume building in the Tuileries Garden, initially inten"
louvre_cleaned_1.txt,1909,DATE,65708,65712,"y intended as a sports venue, was repurposed from 1909 as an art gallery. In 1947, it became the exhibit"
louvre_cleaned_1.txt,Late 19Th And,DATE,65804,65817," exhibition space for the Louvre's collections of late 19th and early 20th paintings, most prominently Impression"
louvre_cleaned_1.txt,Early 20Th,DATE,65818,65828,"ace for the Louvre's collections of late 19th and early 20th paintings, most prominently Impressionism, as the"
louvre_cleaned_1.txt,The Louvre'S Département Des Peintures,ORG,65984,66022,"s consequently brought under direct management by the Louvre's Département des Peintures. In 1986, these collections were transferred to t"
louvre_cleaned_1.txt,Musée D'Orsay.[175] Musée Du Petit Palais,PERSON,66089,66130,"collections were transferred to the newly created Musée d'Orsay.[175] Musée du Petit Palais, Avignon (since 1976) [edit]The Musée du Petit Pa"
louvre_cleaned_1.txt,Avignon,ORG,66132,66139,"reated Musée d'Orsay.[175] Musée du Petit Palais, Avignon (since 1976) [edit]The Musée du Petit Palais open"
louvre_cleaned_1.txt,The Papal Palace,ORG,66268,66284,"n mansion of the archbishops of Avignon, close to the Papal Palace in Avignon. An initiative led by Avignon Mayor He"
louvre_cleaned_1.txt,Henri Duffaut,PERSON,66332,66345,"ce in Avignon. An initiative led by Avignon Mayor Henri Duffaut and Louvre President-Director Michel Laclotte, pa"
louvre_cleaned_1.txt,Michel Laclotte,PERSON,66376,66391,"Mayor Henri Duffaut and Louvre President-Director Michel Laclotte, part of its permanent collection is made of artw"
louvre_cleaned_1.txt,The Collection Campana,ORG,66451,66473,"its permanent collection is made of artworks from the Collection Campana deposited by the Louvre. On 2 April 2024, a new a"
louvre_cleaned_1.txt,2 April 2024,DATE,66502,66514,"he Collection Campana deposited by the Louvre. On 2 April 2024, a new agreement between the City of Avignon and "
louvre_cleaned_1.txt,The City Of Avignon,GPE,66540,66559," Louvre. On 2 April 2024, a new agreement between the City of Avignon and the Louvre allowed its rebranding as Musée du"
louvre_cleaned_1.txt,Musée Du Petit Palais,PERSON,66601,66622, Avignon and the Louvre allowed its rebranding as Musée du Petit Palais – Louvre en Avignon.[176] Gypsothèque du Louvre (
louvre_cleaned_1.txt,1970,DATE,66795,66799, a collection of plaster casts that was formed in 1970 by the reunion of the corresponding inventories o
louvre_cleaned_1.txt,The Beaux-Arts De Paris,ORG,66863,66886,"n of the corresponding inventories of the Louvre, the Beaux-Arts de Paris and the Art and Archaeology Institute of the Sorb"
louvre_cleaned_1.txt,The Art And Archaeology Institute Of The Sorbonne University,ORG,66891,66951,"tories of the Louvre, the Beaux-Arts de Paris and the Art and Archaeology Institute of the Sorbonne University, the latter two following depredations during the"
louvre_cleaned_1.txt,May 68,DATE,67002,67008, the latter two following depredations during the May 68 student unrest. Initially called the Musée des Mo
louvre_cleaned_1.txt,The Musée Des Monuments Antiques,ORG,67042,67074,"uring the May 68 student unrest. Initially called the Musée des Monuments Antiques from 1970 to 1978, the project was subsequently l"
louvre_cleaned_1.txt,1970 To 1978,DATE,67080,67092,"ally called the Musée des Monuments Antiques from 1970 to 1978, the project was subsequently left unfinished and"
louvre_cleaned_1.txt,The Petite Écurie,ORG,67270,67287,"nisterial decision in 2001.[177] It is located in the Petite Écurie, a dependency of Versailles Palace, and has been "
louvre_cleaned_1.txt,Versailles Palace,ORG,67305,67322," is located in the Petite Écurie, a dependency of Versailles Palace, and has been open to the public since 2012.[178]"
louvre_cleaned_1.txt,Musée Delacroix,PERSON,67373,67388, and has been open to the public since 2012.[178] Musée Delacroix (since 2004) [edit]The small museum located in Eu
louvre_cleaned_1.txt,2004,DATE,67396,67400,he public since 2012.[178] Musée Delacroix (since 2004) [edit]The small museum located in Eugène Delacro
louvre_cleaned_1.txt,The 1930S,DATE,67500,67509,"ix's former workshop in central Paris, created in the 1930s, has been placed under management by the Louvre s"
louvre_cleaned_1.txt,May 2003,DATE,67632,67640,Lens (since 2012) [edit]The Louvre-Lens follows a May 2003 initiative by then culture minister Jean-Jacques 
louvre_cleaned_1.txt,Jean-Jacques Aillagon,PERSON,67677,67698,ws a May 2003 initiative by then culture minister Jean-Jacques Aillagon to promote cultural projects outside of Paris tha
louvre_cleaned_1.txt,Lens,PERSON,67966,67970," competition, a former mining site in the town of Lens was selected for its location and announced by Pr"
louvre_cleaned_1.txt,Jean-Pierre Raffarin,PERSON,68033,68053, for its location and announced by Prime Minister Jean-Pierre Raffarin on 2004-11-29. Japanese architects SANAA and land
louvre_cleaned_1.txt,2004-11-29,DATE,68057,68067,nounced by Prime Minister Jean-Pierre Raffarin on 2004-11-29. Japanese architects SANAA and landscape architec
louvre_cleaned_1.txt,Catherine Mosbach,PERSON,68119,68136,Japanese architects SANAA and landscape architect Catherine Mosbach were respectively selected in September 2005 to d
louvre_cleaned_1.txt,September 2005,DATE,68167,68181,t Catherine Mosbach were respectively selected in September 2005 to design the museum building and garden. Inaugur
louvre_cleaned_1.txt,François Hollande,PERSON,68249,68266,"eum building and garden. Inaugurated by President François Hollande on 2012-12-04, the Louvre-Lens is run by the Haut"
louvre_cleaned_1.txt,2012-12-04,DATE,68270,68280,"en. Inaugurated by President François Hollande on 2012-12-04, the Louvre-Lens is run by the Hauts-de-France re"
louvre_cleaned_1.txt,The Galerie Du Temps,ORG,68585,68605,"presented chronologically in a single large room (the Galerie du Temps or ""gallery of time"") that transcends the geograp"
louvre_cleaned_1.txt,The Parisian Louvre'S,ORG,68699,68720,eographical and object-type divisions along which the Parisian Louvre's displays are organised. The Louvre-Lens has been 
louvre_cleaned_1.txt,2017,DATE,68886,68890,e COVID-19 pandemic.[181] Louvre Abu Dhabi (since 2017) [edit]The Louvre Abu Dhabi is a separate entity 
louvre_cleaned_1.txt,Louvre Abu Dhabi,ORG,68902,68918,"mic.[181] Louvre Abu Dhabi (since 2017) [edit]The Louvre Abu Dhabi is a separate entity from the Louvre, but the two"
louvre_cleaned_1.txt,Emirati,GPE,69039,69046,"ifaceted contractual relationship that allows the Emirati museum to use the Louvre name until 2037, and to "
louvre_cleaned_1.txt,2037,DATE,69083,69087,"s the Emirati museum to use the Louvre name until 2037, and to exhibit artworks from the Louvre until 20"
louvre_cleaned_1.txt,2017-11-08,DATE,69168,69178,the Louvre until 2027.[182] It was inaugurated on 2017-11-08 and opened to the public three days later. A 30-y
louvre_cleaned_1.txt,Three Days Later,DATE,69204,69220,"naugurated on 2017-11-08 and opened to the public three days later. A 30-year agreement, signed in early 2007 by Fre"
louvre_cleaned_1.txt,30-Year,DATE,69224,69231,"1-08 and opened to the public three days later. A 30-year agreement, signed in early 2007 by French Culture"
louvre_cleaned_1.txt,Early 2007,DATE,69253,69263," three days later. A 30-year agreement, signed in early 2007 by French Culture Minister Renaud Donnedieu de Va"
louvre_cleaned_1.txt,Renaud Donnedieu De Vabres,PERSON,69291,69317,", signed in early 2007 by French Culture Minister Renaud Donnedieu de Vabres and Sheikh Sultan bin Tahnoon Al Nahyan, establis"
louvre_cleaned_1.txt,Sheikh Sultan Bin Tahnoon Al Nahyan,PERSON,69322,69357,"h Culture Minister Renaud Donnedieu de Vabres and Sheikh Sultan bin Tahnoon Al Nahyan, establishes that Abu Dhabi shall pay €832,000,00"
louvre_cleaned_1.txt,Abu Dhabi,ORG,69376,69385,"kh Sultan bin Tahnoon Al Nahyan, establishes that Abu Dhabi shall pay €832,000,000 (US$1.3 billion) in exchan"
louvre_cleaned_1.txt,Jean Nouvel,PERSON,69615,69626,t Island and was designed by the French architect Jean Nouvel and engineering firm of Buro Happold.[184] It occ
louvre_cleaned_1.txt,Buro,PERSON,69651,69655,"nch architect Jean Nouvel and engineering firm of Buro Happold.[184] It occupies 24,000 square metres (2"
louvre_cleaned_1.txt,10-Year,DATE,69935,69942,"ed to total between 200 and 300 artworks during a 10-year period, come from multiple museums, including the"
louvre_cleaned_1.txt,The Musée Rodin,PERSON,70080,70095,"the Musée d'Orsay, Versailles, the Guimet Museum, the Musée Rodin, and the Musée du quai Branly.[185] Controversies"
louvre_cleaned_1.txt,The Early 2010S,DATE,70325,70340,"as during World War II by the Nazis.[187][188] In the early 2010s, workers' rights in the construction of Louvre Ab"
louvre_cleaned_1.txt,The Museum.[189],ORG,70435,70451,re Abu Dhabi were also a point of controversy for the museum.[189] Napoleonic looting [edit]Napoleon's campaigns acq
louvre_cleaned_1.txt,The British Museum,ORG,70768,70786,"e British army and are now part of collections of the British Museum. On the other hand, the Dendera zodiac is, like t"
louvre_cleaned_1.txt,Dendera,ORG,70811,70818,"ons of the British Museum. On the other hand, the Dendera zodiac is, like the Rosetta Stone, claimed by Egy"
louvre_cleaned_1.txt,1821,DATE,70902,70906,", claimed by Egypt even though it was acquired in 1821, before the Egyptian Anti-export legislation of 1"
louvre_cleaned_1.txt,1835,DATE,70955,70959,"1, before the Egyptian Anti-export legislation of 1835. The Louvre administration has thus argued in fav"
louvre_cleaned_1.txt,Unesco,ORG,71139,71145,participates too in arbitration sessions held via UNESCO's Committee for Promoting the Return of Cultural 
louvre_cleaned_1.txt,2009 Five,DATE,71273,71282, Origin.[190] The museum consequently returned in 2009 five Egyptian fragments of frescoes (30 cm x 15 cm eac
louvre_cleaned_1.txt,Eight To Five Years,DATE,71433,71452,"een brought to the authorities attention in 2008, eight to five years after their good-faith acquisition by the museum "
louvre_cleaned_1.txt,Commission,ORG,71638,71648,ssement from French public collections before the Commission scientifique nationale des collections des musées
louvre_cleaned_1.txt,The Office Des Biens Privés.[193] In,ORG,71910,71946," artworks returned to France and were assigned to the Office des Biens Privés.[193] In 1949, it entrusted 2,130 unclaimed pieces (includ"
louvre_cleaned_1.txt,1949,DATE,71947,71951," assigned to the Office des Biens Privés.[193] In 1949, it entrusted 2,130 unclaimed pieces (including 1"
louvre_cleaned_1.txt,The Direction Des Musées De France,ORG,72020,72054,"0 unclaimed pieces (including 1,001 paintings) to the Direction des Musées de France in order to keep them under appropriate condition"
louvre_cleaned_1.txt,Musées Nationaux Recuperation,ORG,72185,72214,"estitution and meanwhile classified them as MNRs (Musées Nationaux Recuperation or, in English, the National Museums of Recovered"
louvre_cleaned_1.txt,The National Museums Of Recovered Artwork,ORG,72231,72272,"Rs (Musées Nationaux Recuperation or, in English, the National Museums of Recovered Artwork). Some 10% to 35% of the pieces are believed to c"
louvre_cleaned_1.txt,The End Of The 1960S,DATE,72428,72448,"ation of their rightful owners, which declined at the end of the 1960s, they are registered indefinitely on separate inv"
louvre_cleaned_1.txt,1946,DATE,72566,72570,museum's collections.[195] They were exhibited in 1946 and shown all together to the public during four 
louvre_cleaned_1.txt,Four Years,DATE,72615,72625, 1946 and shown all together to the public during four years (1950–1954) in order to allow rightful claimants 
louvre_cleaned_1.txt,1951 To 1965,DATE,72813,72825,"several French museums including the Louvre. From 1951 to 1965, about 37 pieces were restituted. Since November "
louvre_cleaned_1.txt,November 1996,DATE,72866,72879,"1 to 1965, about 37 pieces were restituted. Since November 1996, the partly illustrated catalogue of 1947–1949 ha"
louvre_cleaned_1.txt,Alain Juppé,PERSON,72993,73004,"ble online and completed. In 1997, Prime Minister Alain Juppé initiated the Mattéoli Commission, headed by Jean"
louvre_cleaned_1.txt,The Mattéoli Commission,ORG,73015,73038,"ed. In 1997, Prime Minister Alain Juppé initiated the Mattéoli Commission, headed by Jean Mattéoli, to investigate the matt"
louvre_cleaned_1.txt,Jean Mattéoli,PERSON,73050,73063,"uppé initiated the Mattéoli Commission, headed by Jean Mattéoli, to investigate the matter and according to the g"
louvre_cleaned_1.txt,The Late 1990S,DATE,73227,73241,"l unclaimed by their rightful owners.[196] During the late 1990s, the comparison of the American war archives, whi"
louvre_cleaned_1.txt,Gentili Di Giuseppe,PERSON,73428,73447, which finally settled some of the heirs' rights (Gentili di Giuseppe and Rosenberg families) allowed more accurate inv
louvre_cleaned_1.txt,Rosenberg,PERSON,73452,73461,ome of the heirs' rights (Gentili di Giuseppe and Rosenberg families) allowed more accurate investigations. S
louvre_cleaned_1.txt,1996,DATE,73516,73520,"lies) allowed more accurate investigations. Since 1996, the restitutions, according sometimes to less fo"
louvre_cleaned_1.txt,Tiepolo,PERSON,73675,73682,"with 6 from the Louvre including a then displayed Tiepolo), until the last claims of French owners and thei"
louvre_cleaned_1.txt,Serge Klarsfeld,PERSON,73791,73806,"nded again in 2006.[citation needed] According to Serge Klarsfeld, since the now complete and constant publicity wh"
louvre_cleaned_1.txt,Edit]In 2011,DATE,74292,74304,"itation needed] Construction of Louvre Abu Dhabi [edit]In 2011, over 130 international artists urged a boycott o"
louvre_cleaned_1.txt,Record,PERSON,74711,74717,"o labourers.[197][198] According to Architectural Record, Abu Dhabi has comprehensive labour laws to prote"
louvre_cleaned_1.txt,The Guggenheim Foundation,ORG,74855,74880,"ientiously implemented or enforced.[199] In 2010, the Guggenheim Foundation placed on its website a joint statement with Abu "
louvre_cleaned_1.txt,Abu Dhabi'S,ORG,74926,74937,tion placed on its website a joint statement with Abu Dhabi's Tourism Development and Investment Company (TDIC)
louvre_cleaned_1.txt,Tourism Development And Investment Company,ORG,74938,74980,on its website a joint statement with Abu Dhabi's Tourism Development and Investment Company (TDIC) recognising the following workers' rights 
louvre_cleaned_1.txt,Tdic,ORG,74982,74986,abi's Tourism Development and Investment Company (TDIC) recognising the following workers' rights issues
louvre_cleaned_1.txt,New York University,ORG,75537,75556,"that conditions for the workers at the Louvre and New York University construction sites on Saadiyat amounted to ""moder"
louvre_cleaned_1.txt,Saadiyat,PERSON,75579,75587,"vre and New York University construction sites on Saadiyat amounted to ""modern-day slavery"".[201][202] In 20"
louvre_cleaned_1.txt,2014,DATE,75635,75639,"at amounted to ""modern-day slavery"".[201][202] In 2014, the Guggenheim's Director, Richard Armstrong, sa"
louvre_cleaned_1.txt,Richard Armstrong,PERSON,75668,75685,"y"".[201][202] In 2014, the Guggenheim's Director, Richard Armstrong, said that he believed that living conditions for"
louvre_cleaned_1.txt,Gehry,WORK_OF_ART,76025,76030,"][204] Later in 2014, the Guggenheim's architect, Gehry, commented that working with the Abu Dhabi offici"
louvre_cleaned_1.txt,The Abu Dhabi,ORG,76060,76073,"m's architect, Gehry, commented that working with the Abu Dhabi officials to implement the law to improve the lab"
louvre_cleaned_1.txt,Pricewaterhousecoopers,ORG,76346,76368,"st of the recruitment fees. In 2012, TDIC engaged PricewaterhouseCoopers as an independent monitor required to issue repor"
louvre_cleaned_1.txt,Every Quarter,DATE,76421,76434, an independent monitor required to issue reports every quarter. Labour lawyer Scott Horton told Architectural Re
louvre_cleaned_1.txt,Labour,ORG,76436,76442, monitor required to issue reports every quarter. Labour lawyer Scott Horton told Architectural Record tha
louvre_cleaned_1.txt,Scott Horton,PERSON,76450,76462,red to issue reports every quarter. Labour lawyer Scott Horton told Architectural Record that he hoped the Gugge
louvre_cleaned_1.txt,Edit]- Hôtel Du Louvre - List,ORG,76662,76691,"odel for doing things right.""[199][205] See also [edit]- Hôtel du Louvre - List of museums in Paris - Musée de la mode et du text"
louvre_cleaned_1.txt,Paris - Musée De La Mode,ORG,76706,76730,also [edit]- Hôtel du Louvre - List of museums in Paris - Musée de la mode et du textile - List of tourist attractions in Pa
louvre_cleaned_1.txt,Paris - List,ORG,76778,76790,de et du textile - List of tourist attractions in Paris - List of largest art museums - 2025 Louvre heist Notes 
louvre_cleaned_1.txt,2025,DATE,76816,76820,ractions in Paris - List of largest art museums - 2025 Louvre heist Notes [edit]References [edit]- ^ a b
louvre_cleaned_1.txt,Rapport,ORG,76871,76878,"Louvre heist Notes [edit]References [edit]- ^ a b Rapport d'activité 2019 du musée du Louvre, p. 29, websit"
louvre_cleaned_1.txt,Www.Louvre.Fr,ORG,76930,76943,"'activité 2019 du musée du Louvre, p. 29, website www.louvre.fr. - ^ a b c ""Louvre Museum"". museums.eu. - ^ Franc"
louvre_cleaned_1.txt,Franceinfo.Fr,ORG,76988,77001,"re.fr. - ^ a b c ""Louvre Museum"". museums.eu. - ^ Franceinfo.fr, January 5, 2026 - ^ ""LOUVRE Definition & Meaning"
louvre_cleaned_1.txt,January 5,DATE,77003,77012,"c ""Louvre Museum"". museums.eu. - ^ Franceinfo.fr, January 5, 2026 - ^ ""LOUVRE Definition & Meaning"". Collins "
louvre_cleaned_1.txt,Collins English Dictionary,ORG,77054,77080,"anuary 5, 2026 - ^ ""LOUVRE Definition & Meaning"". Collins English Dictionary. HarperCollins Publishers. 2012. Archived from th"
louvre_cleaned_1.txt,2 December 2024,DATE,77144,77159,"s Publishers. 2012. Archived from the original on 2 December 2024. Retrieved 9 August 2025. - ^ ""LOUVRE definition "
louvre_cleaned_1.txt,9 August 2025,DATE,77171,77184,"d from the original on 2 December 2024. Retrieved 9 August 2025. - ^ ""LOUVRE definition and meaning"". Webster's N"
louvre_cleaned_1.txt,Webster,PERSON,77223,77230,"August 2025. - ^ ""LOUVRE definition and meaning"". Webster's New World College Dictionary (4 ed.). Houghton "
louvre_cleaned_1.txt,New World College Dictionary,ORG,77233,77261,"5. - ^ ""LOUVRE definition and meaning"". Webster's New World College Dictionary (4 ed.). Houghton Mifflin Harcourt. 2010. Archive"
louvre_cleaned_1.txt,Houghton Mifflin Harcourt,PERSON,77271,77296,. Webster's New World College Dictionary (4 ed.). Houghton Mifflin Harcourt. 2010. Archived from the original on 8 March 2023
louvre_cleaned_1.txt,8 March 2023,DATE,77334,77346,"lin Harcourt. 2010. Archived from the original on 8 March 2023. Retrieved 9 August 2025.. - ^ ""Paris Louvre most"
louvre_cleaned_1.txt,August 2025,DATE,77360,77371,"ed from the original on 8 March 2023. Retrieved 9 August 2025.. - ^ ""Paris Louvre most visited museum in the wo"
louvre_cleaned_1.txt,Paris Louvre,WORK_OF_ART,77379,77391,"l on 8 March 2023. Retrieved 9 August 2025.. - ^ ""Paris Louvre most visited museum in the world"". 3 January 2012"
louvre_cleaned_1.txt,3 January 2012,DATE,77427,77441," ""Paris Louvre most visited museum in the world"". 3 January 2012. - ^ ""Louvre Museum"". Inexhibit. Retrieved 15 Oct"
louvre_cleaned_1.txt,Inexhibit,PERSON,77464,77473," the world"". 3 January 2012. - ^ ""Louvre Museum"". Inexhibit. Retrieved 15 October 2016. - ^ ""Louvre Website –"
louvre_cleaned_1.txt,15 October 2016,DATE,77485,77500,"y 2012. - ^ ""Louvre Museum"". Inexhibit. Retrieved 15 October 2016. - ^ ""Louvre Website – Chateau to Museum, 1672 an"
louvre_cleaned_1.txt,Louvre Website – Chateau To Museum,WORK_OF_ART,77507,77541,"seum"". Inexhibit. Retrieved 15 October 2016. - ^ ""Louvre Website – Chateau to Museum, 1672 and 1692"". Louvre.fr. Archived from the ori"
louvre_cleaned_1.txt,1672,DATE,77543,77547,"er 2016. - ^ ""Louvre Website – Chateau to Museum, 1672 and 1692"". Louvre.fr. Archived from the original "
louvre_cleaned_1.txt,Louvre.Fr,ORG,77559,77568,"uvre Website – Chateau to Museum, 1672 and 1692"". Louvre.fr. Archived from the original on 15 June 2011. Retr"
louvre_cleaned_1.txt,15 June 2011,DATE,77600,77612,"d 1692"". Louvre.fr. Archived from the original on 15 June 2011. Retrieved 21 August 2011. - ^ ""Louvre Website – "
louvre_cleaned_1.txt,21 August 2011,DATE,77624,77638,"ived from the original on 15 June 2011. Retrieved 21 August 2011. - ^ ""Louvre Website – Chateau to Museum 1692"". L"
louvre_cleaned_1.txt,Louvre Website – Chateau To Museum 1692,WORK_OF_ART,77645,77684,"l on 15 June 2011. Retrieved 21 August 2011. - ^ ""Louvre Website – Chateau to Museum 1692"". Louvre.fr. Archived from the original on 15 Jun"
louvre_cleaned_1.txt,Rapport D'Activité 2022,WORK_OF_ART,77773,77796,"l on 15 June 2011. Retrieved 21 August 2011. - ^ ""Rapport d'activité 2022"" (PDF). Louvre. Archived (PDF) from the original "
louvre_cleaned_1.txt,Pdf,ORG,77799,77802,"ed 21 August 2011. - ^ ""Rapport d'activité 2022"" (PDF). Louvre. Archived (PDF) from the original on 15 "
louvre_cleaned_1.txt,15 December 2023,DATE,77849,77865,"PDF). Louvre. Archived (PDF) from the original on 15 December 2023. - ^ france.info.fr - ^ ""How to get here"". Louvre"
louvre_cleaned_1.txt,21 September 2008,DATE,77954,77971,"re"". Louvre Museum. Archived from the original on 21 September 2008. Retrieved 28 September 2008. - ^ Menon, Lakshmi "
louvre_cleaned_1.txt,28 September 2008,DATE,77983,78000,"from the original on 21 September 2008. Retrieved 28 September 2008. - ^ Menon, Lakshmi (22 July 2019). ""Which Louvre"
louvre_cleaned_1.txt,Menon,GPE,78006,78011," September 2008. Retrieved 28 September 2008. - ^ Menon, Lakshmi (22 July 2019). ""Which Louvre Entrance S"
louvre_cleaned_1.txt,Lakshmi,ORG,78013,78020,"ber 2008. Retrieved 28 September 2008. - ^ Menon, Lakshmi (22 July 2019). ""Which Louvre Entrance Suits You "
louvre_cleaned_1.txt,22 July 2019,DATE,78022,78034," Retrieved 28 September 2008. - ^ Menon, Lakshmi (22 July 2019). ""Which Louvre Entrance Suits You Best | All Abo"
louvre_cleaned_1.txt,The 4 Louvre Entrances,ORG,78087,78109,"""Which Louvre Entrance Suits You Best | All About The 4 Louvre Entrances"". Headout Blog. Retrieved 6 July 2023. - ^ a b c "
louvre_cleaned_1.txt,Headout Blog,PERSON,78112,78124,"its You Best | All About The 4 Louvre Entrances"". Headout Blog. Retrieved 6 July 2023. - ^ a b c d e f Pierre Ro"
louvre_cleaned_1.txt,6 July 2023,DATE,78136,78147," The 4 Louvre Entrances"". Headout Blog. Retrieved 6 July 2023. - ^ a b c d e f Pierre Rosenberg (2007). Diction"
louvre_cleaned_1.txt,Philippe Malgouyres,PERSON,78240,78259,Dictionnaire amoureux du Louvre. Paris: Plon. - ^ Philippe Malgouyres (1999). Le Musée Napoléon. Réunion des Musées Nat
louvre_cleaned_1.txt,Le Musée Napoléon,ORG,78268,78285,"vre. Paris: Plon. - ^ Philippe Malgouyres (1999). Le Musée Napoléon. Réunion des Musées Nationaux. - ^ ""Museum rules"""
louvre_cleaned_1.txt,Réunion Des Musées Nationaux,ORG,78287,78315," ^ Philippe Malgouyres (1999). Le Musée Napoléon. Réunion des Musées Nationaux. - ^ ""Museum rules"". Le Louvre. Retrieved 7 Decem"
louvre_cleaned_1.txt,Le Louvre,ORG,78337,78346,"Réunion des Musées Nationaux. - ^ ""Museum rules"". Le Louvre. Retrieved 7 December 2022. - ^ Phillips, Tom (27"
louvre_cleaned_1.txt,December 2022,DATE,78360,78373,"onaux. - ^ ""Museum rules"". Le Louvre. Retrieved 7 December 2022. - ^ Phillips, Tom (27 November 2013). ""Nintendo'"
louvre_cleaned_1.txt,Phillips,ORG,78379,78387,"rules"". Le Louvre. Retrieved 7 December 2022. - ^ Phillips, Tom (27 November 2013). ""Nintendo's 3DS Louvre g"
louvre_cleaned_1.txt,Tom,PERSON,78389,78392," Louvre. Retrieved 7 December 2022. - ^ Phillips, Tom (27 November 2013). ""Nintendo's 3DS Louvre guide "
louvre_cleaned_1.txt,27 November 2013,DATE,78394,78410,"re. Retrieved 7 December 2022. - ^ Phillips, Tom (27 November 2013). ""Nintendo's 3DS Louvre guide released on eShop"""
louvre_cleaned_1.txt,Eurogamer,PERSON,78462,78471," ""Nintendo's 3DS Louvre guide released on eShop"". Eurogamer. Archived from the original on 7 September 2015. "
louvre_cleaned_1.txt,7 September 2015,DATE,78503,78519," eShop"". Eurogamer. Archived from the original on 7 September 2015. Retrieved 30 June 2023. - ^ ""The Louvre Guide fo"
louvre_cleaned_1.txt,30 June 2023,DATE,78531,78543," from the original on 7 September 2015. Retrieved 30 June 2023. - ^ ""The Louvre Guide for Nintendo 3DS"". Nintend"
louvre_cleaned_1.txt,The Louvre Guide For Nintendo 3Ds,WORK_OF_ART,78550,78583,"on 7 September 2015. Retrieved 30 June 2023. - ^ ""The Louvre Guide for Nintendo 3DS"". Nintendo. Archived from the original on 20 Febr"
louvre_cleaned_1.txt,20 February 2016,DATE,78626,78642,"ndo 3DS"". Nintendo. Archived from the original on 20 February 2016. - ^ Netburn, Deborah (16 April 2012). ""How the L"
louvre_cleaned_1.txt,Deborah,PERSON,78657,78664,"om the original on 20 February 2016. - ^ Netburn, Deborah (16 April 2012). ""How the Louvre and Nintendo are"
louvre_cleaned_1.txt,16 April 2012,DATE,78666,78679,"iginal on 20 February 2016. - ^ Netburn, Deborah (16 April 2012). ""How the Louvre and Nintendo are reinventing th"
louvre_cleaned_1.txt,Los Angeles Times,ORG,78751,78768," Nintendo are reinventing the museum audio tour"". Los Angeles Times. Archived from the original on 30 June 2023. Retr"
louvre_cleaned_1.txt,Iwata,GPE,78842,78847,"inal on 30 June 2023. Retrieved 30 June 2023. - ^ Iwata, Satoru; Miyamoto, Shigeru (27 November 2013). Ni"
louvre_cleaned_1.txt,Satoru,GPE,78849,78855," 30 June 2023. Retrieved 30 June 2023. - ^ Iwata, Satoru; Miyamoto, Shigeru (27 November 2013). Nintendo D"
louvre_cleaned_1.txt,Miyamoto,GPE,78857,78865," 2023. Retrieved 30 June 2023. - ^ Iwata, Satoru; Miyamoto, Shigeru (27 November 2013). Nintendo Direct – Ni"
louvre_cleaned_1.txt,Shigeru,ORG,78867,78874,"rieved 30 June 2023. - ^ Iwata, Satoru; Miyamoto, Shigeru (27 November 2013). Nintendo Direct – Nintendo 3D"
louvre_cleaned_1.txt,9 July 2023,DATE,79023,79034," and English). Louvre, Paris: Nintendo. Retrieved 9 July 2023 – via YouTube. - ^ Warr, Philippa (2 December 201"
louvre_cleaned_1.txt,"Warr, Philippa",ORG,79054,79068,"intendo. Retrieved 9 July 2023 – via YouTube. - ^ Warr, Philippa (2 December 2013). ""Nintendo 3DS Louvre guide esc"
louvre_cleaned_1.txt,2 December 2013,DATE,79070,79085,"ed 9 July 2023 – via YouTube. - ^ Warr, Philippa (2 December 2013). ""Nintendo 3DS Louvre guide escapes region locki"
louvre_cleaned_1.txt,25 April 2016,DATE,79177,79190,"on locking"". Wired. Archived from the original on 25 April 2016. - ^ Hagues, Alana (2 May 2025). ""Louvre Says Au "
louvre_cleaned_1.txt,"Hagues, Alana",ORG,79196,79209," Archived from the original on 25 April 2016. - ^ Hagues, Alana (2 May 2025). ""Louvre Says Au Revoir To Nintendo "
louvre_cleaned_1.txt,2 May 2025,DATE,79211,79221,"the original on 25 April 2016. - ^ Hagues, Alana (2 May 2025). ""Louvre Says Au Revoir To Nintendo 3DS Audio Gu"
louvre_cleaned_1.txt,Louvre Says Au Revoir,ORG,79225,79246,"n 25 April 2016. - ^ Hagues, Alana (2 May 2025). ""Louvre Says Au Revoir To Nintendo 3DS Audio Guides"". Nintendo Life. Ret"
louvre_cleaned_1.txt,Nintendo Life,PERSON,79278,79291,"vre Says Au Revoir To Nintendo 3DS Audio Guides"". Nintendo Life. Retrieved 2 May 2025. - ^ a b c d e f g h i j k "
louvre_cleaned_1.txt,K L M N O P,ORG,79339,79350,fe. Retrieved 2 May 2025. - ^ a b c d e f g h i j k l m n o p q r s t u v w x y z aa ab ac ad ae af ag Claude M
louvre_cleaned_1.txt,Claude Mignot,PERSON,79392,79405, m n o p q r s t u v w x y z aa ab ac ad ae af ag Claude Mignot (1999). The Pocket Louvre: A Visitor's Guide to 5
louvre_cleaned_1.txt,New York,GPE,79465,79473,he Pocket Louvre: A Visitor's Guide to 500 Works. New York: Abbeville Press. ISBN 0-7892-0578-5. OCLC 407627
louvre_cleaned_1.txt,Edwards,GPE,79535,79542,"Press. ISBN 0-7892-0578-5. OCLC 40762767. - ^ a b Edwards, pp. 193–94 - ^ In Larousse Nouveau Dictionnaire "
louvre_cleaned_1.txt,Pp,GPE,79544,79546,"BN 0-7892-0578-5. OCLC 40762767. - ^ a b Edwards, pp. 193–94 - ^ In Larousse Nouveau Dictionnaire étym"
louvre_cleaned_1.txt,Larousse,GPE,79562,79570,"OCLC 40762767. - ^ a b Edwards, pp. 193–94 - ^ In Larousse Nouveau Dictionnaire étymologique et historique, "
louvre_cleaned_1.txt,Librairie Larousse,PERSON,79620,79638," Nouveau Dictionnaire étymologique et historique, Librairie Larousse, Paris, 1971, p. 430: ***loup 1080, Roland (leu, "
louvre_cleaned_1.txt,1971,DATE,79647,79651,"logique et historique, Librairie Larousse, Paris, 1971, p. 430: ***loup 1080, Roland (leu, forme conserv"
louvre_cleaned_1.txt,1080,DATE,79669,79673," Librairie Larousse, Paris, 1971, p. 430: ***loup 1080, Roland (leu, forme conservée dans à la queue leu"
louvre_cleaned_1.txt,Roland,GPE,79675,79681,"irie Larousse, Paris, 1971, p. 430: ***loup 1080, Roland (leu, forme conservée dans à la queue leu leu, Sa"
louvre_cleaned_1.txt,La,GPE,79711,79713,"***loup 1080, Roland (leu, forme conservée dans à la queue leu leu, Saint Leu, etc.); du lat. lupus; l"
louvre_cleaned_1.txt,Leu Leu,PERSON,79720,79727,"080, Roland (leu, forme conservée dans à la queue leu leu, Saint Leu, etc.); du lat. lupus; loup est refait"
louvre_cleaned_1.txt,Saint Leu,PERSON,79729,79738,"nd (leu, forme conservée dans à la queue leu leu, Saint Leu, etc.); du lat. lupus; loup est refait sur le fém"
louvre_cleaned_1.txt,Louve,PERSON,79790,79795,"etc.); du lat. lupus; loup est refait sur le fém. louve, où le *v* a empêché le passage du *ou* à *eu* (c"
louvre_cleaned_1.txt,Lupara,PERSON,79869,79875," passage du *ou* à *eu* (cf. Louvre, du lat. pop. lupara)*** the etymology of the word louvre is from lupa"
louvre_cleaned_1.txt,Lebeuf,PERSON,79973,79979,"para, feminine (pop. Latin) form of lupus. - ^ In Lebeuf (Abbé), Fernand Bournon, Histoire de la ville et "
louvre_cleaned_1.txt,Fernand Bournon,ORG,79988,80003,"(pop. Latin) form of lupus. - ^ In Lebeuf (Abbé), Fernand Bournon, Histoire de la ville et de tout le diocèse de Pa"
louvre_cleaned_1.txt,Histoire De La Ville Et De,PERSON,80005,80031," of lupus. - ^ In Lebeuf (Abbé), Fernand Bournon, Histoire de la ville et de tout le diocèse de Paris par l'abbé Lebeuf, Vol. "
louvre_cleaned_1.txt,Diocèse De Paris,ORG,80040,80056,"rnand Bournon, Histoire de la ville et de tout le diocèse de Paris par l'abbé Lebeuf, Vol. 2, Paris: Féchoz et Letou"
louvre_cleaned_1.txt,L'Abbé Lebeuf,PERSON,80061,80074,"re de la ville et de tout le diocèse de Paris par l'abbé Lebeuf, Vol. 2, Paris: Féchoz et Letouzey, 1883, p. 296:"
louvre_cleaned_1.txt,Vol,PERSON,80076,80079,"et de tout le diocèse de Paris par l'abbé Lebeuf, Vol. 2, Paris: Féchoz et Letouzey, 1883, p. 296: ""Lou"
louvre_cleaned_1.txt,Jean Philippe Boulle,PERSON,80181,80201,"e"". - ^ a b Edwards, p. 198 - ^ Nore, p. 274 - ^ ""Jean Philippe Boulle, Son of André-Charles Boulle"". V&A. 21 July 2019."
louvre_cleaned_1.txt,André-Charles Boulle,ORG,80210,80230," ^ Nore, p. 274 - ^ ""Jean Philippe Boulle, Son of André-Charles Boulle"". V&A. 21 July 2019. - ^ ""Death of André-Charles "
louvre_cleaned_1.txt,21 July 2019,DATE,80238,80250,"ilippe Boulle, Son of André-Charles Boulle"". V&A. 21 July 2019. - ^ ""Death of André-Charles Boulle"". Mercure de "
louvre_cleaned_1.txt,Death Of André-Charles Boulle,WORK_OF_ART,80257,80286,"of André-Charles Boulle"". V&A. 21 July 2019. - ^ ""Death of André-Charles Boulle"". Mercure de France. March 1732. - ^ ""Masters of "
louvre_cleaned_1.txt,Mercure De France,PERSON,80289,80306,"1 July 2019. - ^ ""Death of André-Charles Boulle"". Mercure de France. March 1732. - ^ ""Masters of marquetry in the 17t"
louvre_cleaned_1.txt,March 1732,DATE,80308,80318,"eath of André-Charles Boulle"". Mercure de France. March 1732. - ^ ""Masters of marquetry in the 17th century: B"
louvre_cleaned_1.txt,The 17Th Century,DATE,80349,80365," France. March 1732. - ^ ""Masters of marquetry in the 17th century: Boulle"". Khanacademy. Archived from the original"
louvre_cleaned_1.txt,8 March 2020,DATE,80419,80431,"ulle"". Khanacademy. Archived from the original on 8 March 2020. Retrieved 30 November 2017. - ^ a b Chaundy, Bob"
louvre_cleaned_1.txt,30 November 2017,DATE,80443,80459,"ived from the original on 8 March 2020. Retrieved 30 November 2017. - ^ a b Chaundy, Bob (29 September 2006). ""Faces"
louvre_cleaned_1.txt,Chaundy,PERSON,80469,80476,"8 March 2020. Retrieved 30 November 2017. - ^ a b Chaundy, Bob (29 September 2006). ""Faces of the Week"". BB"
louvre_cleaned_1.txt,Bob,PERSON,80478,80481,"020. Retrieved 30 November 2017. - ^ a b Chaundy, Bob (29 September 2006). ""Faces of the Week"". BBC. Re"
louvre_cleaned_1.txt,September 2006,DATE,80486,80500,"rieved 30 November 2017. - ^ a b Chaundy, Bob (29 September 2006). ""Faces of the Week"". BBC. Retrieved 5 October 2"
louvre_cleaned_1.txt,Faces Of The Week,WORK_OF_ART,80504,80521," 2017. - ^ a b Chaundy, Bob (29 September 2006). ""Faces of the Week"". BBC. Retrieved 5 October 2007. - ^ Robert W. Be"
louvre_cleaned_1.txt,Bbc,ORG,80524,80527,"dy, Bob (29 September 2006). ""Faces of the Week"". BBC. Retrieved 5 October 2007. - ^ Robert W. Berger ("
louvre_cleaned_1.txt,5 October 2007,DATE,80539,80553,"tember 2006). ""Faces of the Week"". BBC. Retrieved 5 October 2007. - ^ Robert W. Berger (1999). Public Access to Ar"
louvre_cleaned_1.txt,Robert W. Berger,PERSON,80559,80575," of the Week"". BBC. Retrieved 5 October 2007. - ^ Robert W. Berger (1999). Public Access to Art in Paris: A Document"
louvre_cleaned_1.txt,Pennsylvania State University Press,ORG,80684,80719,"ry from the Middle Ages to 1800. University Park: Pennsylvania State University Press. pp. 83–86. - ^ a b c d Nora, p. 278 - ^ Carbonel"
louvre_cleaned_1.txt,Carbonell,PERSON,80761,80770,"ty Press. pp. 83–86. - ^ a b c d Nora, p. 278 - ^ Carbonell, p. 56 - ^ Oliver, pp. 21–22 - ^ Monaghan, Sean M"
louvre_cleaned_1.txt,Monaghan,PERSON,80804,80812,"78 - ^ Carbonell, p. 56 - ^ Oliver, pp. 21–22 - ^ Monaghan, Sean M.; Rodgers, Michael (2000). ""French Sculpt"
louvre_cleaned_1.txt,Sean M.,PERSON,80814,80821,"bonell, p. 56 - ^ Oliver, pp. 21–22 - ^ Monaghan, Sean M.; Rodgers, Michael (2000). ""French Sculpture 1800–"
louvre_cleaned_1.txt,Rodgers,PERSON,80823,80830,". 56 - ^ Oliver, pp. 21–22 - ^ Monaghan, Sean M.; Rodgers, Michael (2000). ""French Sculpture 1800–1825, Can"
louvre_cleaned_1.txt,Michael,PERSON,80832,80839,"Oliver, pp. 21–22 - ^ Monaghan, Sean M.; Rodgers, Michael (2000). ""French Sculpture 1800–1825, Canova"". 19t"
louvre_cleaned_1.txt,Canova,ORG,80877,80883,"ers, Michael (2000). ""French Sculpture 1800–1825, Canova"". 19th Century Paris Project. School of Art and D"
louvre_cleaned_1.txt,Century,DATE,80891,80898,"2000). ""French Sculpture 1800–1825, Canova"". 19th Century Paris Project. School of Art and Design, San Jose"
louvre_cleaned_1.txt,Paris Project,ORG,80899,80912,"French Sculpture 1800–1825, Canova"". 19th Century Paris Project. School of Art and Design, San Jose State Univers"
louvre_cleaned_1.txt,San Jose State University,GPE,80940,80965," Century Paris Project. School of Art and Design, San Jose State University. Archived from the original on 20 April 2008. Ret"
louvre_cleaned_1.txt,20 April 2008,DATE,80997,81010,"e State University. Archived from the original on 20 April 2008. Retrieved 24 April 2008. - ^ Oliver, p. 35 - ^ a"
louvre_cleaned_1.txt,24 April 2008,DATE,81022,81035,"ved from the original on 20 April 2008. Retrieved 24 April 2008. - ^ Oliver, p. 35 - ^ a b c d Alderson, pp. 24, "
louvre_cleaned_1.txt,Oliver,PERSON,81041,81047,"al on 20 April 2008. Retrieved 24 April 2008. - ^ Oliver, p. 35 - ^ a b c d Alderson, pp. 24, 25 - ^ McCle"
louvre_cleaned_1.txt,Alderson,GPE,81067,81075,"eved 24 April 2008. - ^ Oliver, p. 35 - ^ a b c d Alderson, pp. 24, 25 - ^ McClellan, p. 7 - ^ Dou, Gerard; "
louvre_cleaned_1.txt,Mcclellan,GPE,81092,81101,"liver, p. 35 - ^ a b c d Alderson, pp. 24, 25 - ^ McClellan, p. 7 - ^ Dou, Gerard; Pays-Bas (1663), La Femme "
louvre_cleaned_1.txt,Dou,PERSON,81112,81115," c d Alderson, pp. 24, 25 - ^ McClellan, p. 7 - ^ Dou, Gerard; Pays-Bas (1663), La Femme hydropique, re"
louvre_cleaned_1.txt,Gerard,PERSON,81117,81123,"Alderson, pp. 24, 25 - ^ McClellan, p. 7 - ^ Dou, Gerard; Pays-Bas (1663), La Femme hydropique, retrieved "
louvre_cleaned_1.txt,1663,DATE,81135,81139,"25 - ^ McClellan, p. 7 - ^ Dou, Gerard; Pays-Bas (1663), La Femme hydropique, retrieved 4 September 2025"
louvre_cleaned_1.txt,La Femme,PERSON,81142,81150,"McClellan, p. 7 - ^ Dou, Gerard; Pays-Bas (1663), La Femme hydropique, retrieved 4 September 2025 - ^ Botta,"
louvre_cleaned_1.txt,September,DATE,81175,81184,"Pays-Bas (1663), La Femme hydropique, retrieved 4 September 2025 - ^ Botta, Carlo (1844). Storie d'Italia dal"
louvre_cleaned_1.txt,Carlo,PERSON,81201,81206,"hydropique, retrieved 4 September 2025 - ^ Botta, Carlo (1844). Storie d'Italia dall'anno 1789 all'anno 1"
louvre_cleaned_1.txt,1844,DATE,81208,81212,"que, retrieved 4 September 2025 - ^ Botta, Carlo (1844). Storie d'Italia dall'anno 1789 all'anno 1814, V"
louvre_cleaned_1.txt,Storie D'Italia,PERSON,81215,81230,"trieved 4 September 2025 - ^ Botta, Carlo (1844). Storie d'Italia dall'anno 1789 all'anno 1814, Volume Terzo [Stori"
louvre_cleaned_1.txt,1789 All'Anno 1814,DATE,81241,81259," ^ Botta, Carlo (1844). Storie d'Italia dall'anno 1789 all'anno 1814, Volume Terzo [Stories of Italy from 1789 to 1814"
louvre_cleaned_1.txt,1789,DATE,81297,81301,"ll'anno 1814, Volume Terzo [Stories of Italy from 1789 to 1814, Volume Three] (in Italian). Milan: Giova"
louvre_cleaned_1.txt,Milan,GPE,81339,81344,"ly from 1789 to 1814, Volume Three] (in Italian). Milan: Giovani Silvestri. pp. 298–299. - ^ Louvre colle"
louvre_cleaned_1.txt,Giovani Silvestri,PERSON,81346,81363," 1789 to 1814, Volume Three] (in Italian). Milan: Giovani Silvestri. pp. 298–299. - ^ Louvre collection, catalogue - "
louvre_cleaned_1.txt,November 2025,DATE,81477,81490,"ays-Bas (1663), La Femme hydropique, retrieved 22 November 2025 - ^ Vivien Richard (Summer 2021), ""Quand Bonapart"
louvre_cleaned_1.txt,Vivien Richard,PERSON,81495,81509," Femme hydropique, retrieved 22 November 2025 - ^ Vivien Richard (Summer 2021), ""Quand Bonaparte nomme Denon"", Gra"
louvre_cleaned_1.txt,Summer 2021,DATE,81511,81522,"e, retrieved 22 November 2025 - ^ Vivien Richard (Summer 2021), ""Quand Bonaparte nomme Denon"", Grande Galerie –"
louvre_cleaned_1.txt,Quand Bonaparte,PERSON,81526,81541," November 2025 - ^ Vivien Richard (Summer 2021), ""Quand Bonaparte nomme Denon"", Grande Galerie – le Journal du Louv"
louvre_cleaned_1.txt,Grande Galerie,ORG,81556,81570,"ard (Summer 2021), ""Quand Bonaparte nomme Denon"", Grande Galerie – le Journal du Louvre, 55: 74 - ^ a b Geneviève "
louvre_cleaned_1.txt,Geneviève Bresc,PERSON,81610,81625,"de Galerie – le Journal du Louvre, 55: 74 - ^ a b Geneviève Bresc (1989). Mémoires du Louvre. Paris: Gallimard. - ^"
louvre_cleaned_1.txt,Gallimard,PERSON,81661,81670,"eneviève Bresc (1989). Mémoires du Louvre. Paris: Gallimard. - ^ a b Alderson, p. 25 - ^ a b Plant, p. 36 - ^"
louvre_cleaned_1.txt,Swetnam-Burland,ORG,81721,81736," - ^ a b Alderson, p. 25 - ^ a b Plant, p. 36 - ^ Swetnam-Burland, Molly (2009). ""Egypt Embodied: The Vatican Nile"""
louvre_cleaned_1.txt,Molly,PERSON,81738,81743,", p. 25 - ^ a b Plant, p. 36 - ^ Swetnam-Burland, Molly (2009). ""Egypt Embodied: The Vatican Nile"". Ameri"
louvre_cleaned_1.txt,American Journal Of Archaeology,ORG,81788,81819,"Molly (2009). ""Egypt Embodied: The Vatican Nile"". American Journal of Archaeology. 113 (3): 440. doi:10.3764/aja.113.3.439. JSTOR 2"
louvre_cleaned_1.txt,Doi:10.3764/Aja.113.3.439,ORG,81835,81860,""". American Journal of Archaeology. 113 (3): 440. doi:10.3764/aja.113.3.439. JSTOR 20627596. S2CID 191377908. - ^ Popkin, p. "
louvre_cleaned_1.txt,20627596,DATE,81868,81876,"y. 113 (3): 440. doi:10.3764/aja.113.3.439. JSTOR 20627596. S2CID 191377908. - ^ Popkin, p. 88 - ^ For examp"
louvre_cleaned_1.txt,S2Cid 191377908,DATE,81878,81893,": 440. doi:10.3764/aja.113.3.439. JSTOR 20627596. S2CID 191377908. - ^ Popkin, p. 88 - ^ For example, Mantegna's Ca"
louvre_cleaned_1.txt,Mantegna,PERSON,81930,81938,"CID 191377908. - ^ Popkin, p. 88 - ^ For example, Mantegna's Calvary, Veronese's The Wedding at Cana|The Mar"
louvre_cleaned_1.txt,Calvary,ORG,81941,81948,"08. - ^ Popkin, p. 88 - ^ For example, Mantegna's Calvary, Veronese's The Wedding at Cana|The Marriage of C"
louvre_cleaned_1.txt,The Wedding At Cana|The Marriage Of Cana,WORK_OF_ART,81961,82001,"8 - ^ For example, Mantegna's Calvary, Veronese's The Wedding at Cana|The Marriage of Cana, and Rogier van der Weyden's Annunciation were no"
louvre_cleaned_1.txt,Rogier Van,PERSON,82007,82017,"e's The Wedding at Cana|The Marriage of Cana, and Rogier van der Weyden's Annunciation were not returned. - ^ "
louvre_cleaned_1.txt,Weyden,PERSON,82022,82028," at Cana|The Marriage of Cana, and Rogier van der Weyden's Annunciation were not returned. - ^ ""Paolo Vero"
louvre_cleaned_1.txt,Paolo Veronese,WORK_OF_ART,82068,82082,"der Weyden's Annunciation were not returned. - ^ ""Paolo Veronese"". The Gentleman's Magazine. No. December 1867. A."
louvre_cleaned_1.txt,Gentleman,ORG,82089,82098,"tion were not returned. - ^ ""Paolo Veronese"". The Gentleman's Magazine. No. December 1867. A. Dodd and A. Smi"
louvre_cleaned_1.txt,December 1867,DATE,82115,82128,"^ ""Paolo Veronese"". The Gentleman's Magazine. No. December 1867. A. Dodd and A. Smith. 1867. p. 741. - ^ Johns, C"
louvre_cleaned_1.txt,A. Dodd,PERSON,82130,82137,"se"". The Gentleman's Magazine. No. December 1867. A. Dodd and A. Smith. 1867. p. 741. - ^ Johns, Christophe"
louvre_cleaned_1.txt,A. Smith,PERSON,82142,82150,"tleman's Magazine. No. December 1867. A. Dodd and A. Smith. 1867. p. 741. - ^ Johns, Christopher M. S. (1998"
louvre_cleaned_1.txt,1867,DATE,82152,82156,"agazine. No. December 1867. A. Dodd and A. Smith. 1867. p. 741. - ^ Johns, Christopher M. S. (1998). Ant"
louvre_cleaned_1.txt,Johns,PERSON,82170,82175,"ber 1867. A. Dodd and A. Smith. 1867. p. 741. - ^ Johns, Christopher M. S. (1998). Antonio Canova and the"
louvre_cleaned_1.txt,Christopher M. S.,PERSON,82177,82194,"7. A. Dodd and A. Smith. 1867. p. 741. - ^ Johns, Christopher M. S. (1998). Antonio Canova and the Politics of Patron"
louvre_cleaned_1.txt,The Politics Of Patronage In,ORG,82222,82250,"hns, Christopher M. S. (1998). Antonio Canova and the Politics of Patronage in Revolutionary and Napoleonic Europe. University o"
louvre_cleaned_1.txt,University Of California Press,ORG,82288,82318,"Patronage in Revolutionary and Napoleonic Europe. University of California Press. p. 190. ISBN 978-0520212015. - ^ Marcy, Pierre ("
louvre_cleaned_1.txt,978-0520212015,DATE,82333,82347,"ope. University of California Press. p. 190. ISBN 978-0520212015. - ^ Marcy, Pierre (1867). Guide populaire dans l"
louvre_cleaned_1.txt,Marcy,GPE,82353,82358,"alifornia Press. p. 190. ISBN 978-0520212015. - ^ Marcy, Pierre (1867). Guide populaire dans les Musées d"
louvre_cleaned_1.txt,Librairie Du Petit Journal,ORG,82425,82451,Guide populaire dans les Musées du Louvre. Paris: Librairie du Petit Journal. Retrieved 14 June 2024. - ^ Geneviève Lacambre (
louvre_cleaned_1.txt,14 June 2024,DATE,82463,82475,"vre. Paris: Librairie du Petit Journal. Retrieved 14 June 2024. - ^ Geneviève Lacambre (2008). ""Les collections "
louvre_cleaned_1.txt,Geneviève Lacambre,PERSON,82481,82499,"rie du Petit Journal. Retrieved 14 June 2024. - ^ Geneviève Lacambre (2008). ""Les collections chinoises et japonaises "
louvre_cleaned_1.txt,Musée De La Marine,PERSON,82552,82570,"008). ""Les collections chinoises et japonaises du musée de la Marine avant 1878 : un cas marginal pour l'ethnographie "
louvre_cleaned_1.txt,1878,DATE,82577,82581,"inoises et japonaises du musée de la Marine avant 1878 : un cas marginal pour l'ethnographie ?"". Le rôle"
louvre_cleaned_1.txt,Un,ORG,82584,82586," et japonaises du musée de la Marine avant 1878 : un cas marginal pour l'ethnographie ?"". Le rôle des "
louvre_cleaned_1.txt,Voyages,ORG,82804,82811,"onal des sociétés historiques et scientifiques, « Voyages et voyageurs », La Rochelle, 2005. Paris: Edition"
louvre_cleaned_1.txt,La Rochelle,GPE,82828,82839,"iques et scientifiques, « Voyages et voyageurs », La Rochelle, 2005. Paris: Editions du CTHS. pp. 94–109. - ^ a"
louvre_cleaned_1.txt,2005,DATE,82841,82845,"ntifiques, « Voyages et voyageurs », La Rochelle, 2005. Paris: Editions du CTHS. pp. 94–109. - ^ a b Gér"
louvre_cleaned_1.txt,Géraldine Barron,PERSON,82892,82908,"005. Paris: Editions du CTHS. pp. 94–109. - ^ a b Géraldine Barron (April 2021), ""Le musée de Marine du Louvre : un "
louvre_cleaned_1.txt,April 2021,DATE,82910,82920,"ns du CTHS. pp. 94–109. - ^ a b Géraldine Barron (April 2021), ""Le musée de Marine du Louvre : un musée des te"
louvre_cleaned_1.txt,Le Musée De Marine,WORK_OF_ART,82924,82942,". 94–109. - ^ a b Géraldine Barron (April 2021), ""Le musée de Marine du Louvre : un musée des techniques ?"", Artefact,"
louvre_cleaned_1.txt,Artefact,ORG,82983,82991,"de Marine du Louvre : un musée des techniques ?"", Artefact, 5 (5): 143–162, doi:10.4000/artefact.695 - ^ ""Th"
louvre_cleaned_1.txt,143–162,DATE,83000,83007,"re : un musée des techniques ?"", Artefact, 5 (5): 143–162, doi:10.4000/artefact.695 - ^ ""The opening of the"
louvre_cleaned_1.txt,Jeannine Baticle,ORG,83134,83150,"vre"". Grands sites archéologiques: Khorsabad. - ^ Jeannine Baticle; Cristina Marinas (1981), La galerie espagnole de"
louvre_cleaned_1.txt,Cristina Marinas,PERSON,83152,83168," archéologiques: Khorsabad. - ^ Jeannine Baticle; Cristina Marinas (1981), La galerie espagnole de Louis-Philippe au"
louvre_cleaned_1.txt,De Louis-Philippe,PERSON,83198,83215,"le; Cristina Marinas (1981), La galerie espagnole de Louis-Philippe au Louvre: 1838–1848, Paris: Réunion des musées n"
louvre_cleaned_1.txt,Metropolitan Museum Journal,ORG,83279,83306,"38–1848, Paris: Réunion des musées nationaux - ^ ""Metropolitan Museum Journal, v. 56 – The Metropolitan Museum of Art"". www.met"
louvre_cleaned_1.txt,The Metropolitan Museum Of Art,ORG,83316,83346,"tionaux - ^ ""Metropolitan Museum Journal, v. 56 – The Metropolitan Museum of Art"". www.metmuseum.org. Retrieved 14 June 2024. - ^ "
louvre_cleaned_1.txt,Hobble Creek,PERSON,83419,83431,"etrieved 14 June 2024. - ^ ""What is the Louvre? | Hobble Creek"". hobblecreek.us. Retrieved 9 December 2022. - ^ "
louvre_cleaned_1.txt,Hobblecreek.Us,PERSON,83434,83448,"e 2024. - ^ ""What is the Louvre? | Hobble Creek"". hobblecreek.us. Retrieved 9 December 2022. - ^ René Heron de Vil"
louvre_cleaned_1.txt,9 December 2022,DATE,83460,83475,"ouvre? | Hobble Creek"". hobblecreek.us. Retrieved 9 December 2022. - ^ René Heron de Villefosse (1959). Histoire de"
louvre_cleaned_1.txt,René Heron De Villefosse,ORG,83481,83505,""". hobblecreek.us. Retrieved 9 December 2022. - ^ René Heron de Villefosse (1959). Histoire de Paris. Bernard Grasset. - ^ F"
louvre_cleaned_1.txt,1959,DATE,83507,83511,ed 9 December 2022. - ^ René Heron de Villefosse (1959). Histoire de Paris. Bernard Grasset. - ^ Frédéri
louvre_cleaned_1.txt,Bernard Grasset,PERSON,83533,83548,né Heron de Villefosse (1959). Histoire de Paris. Bernard Grasset. - ^ Frédéric Lewino; Anne-Sophie Jahn (16 May 20
louvre_cleaned_1.txt,Frédéric Lewino,ORG,83554,83569,"e (1959). Histoire de Paris. Bernard Grasset. - ^ Frédéric Lewino; Anne-Sophie Jahn (16 May 2015). ""Visite interdit"
louvre_cleaned_1.txt,Anne-Sophie Jahn,ORG,83571,83587,"e de Paris. Bernard Grasset. - ^ Frédéric Lewino; Anne-Sophie Jahn (16 May 2015). ""Visite interdite du Louvre #4 : l"
louvre_cleaned_1.txt,16 May 2015,DATE,83589,83600,"d Grasset. - ^ Frédéric Lewino; Anne-Sophie Jahn (16 May 2015). ""Visite interdite du Louvre #4 : la magnifique "
louvre_cleaned_1.txt,Cheval De La,PERSON,83665,83677,"rdite du Louvre #4 : la magnifique rampe en fer à cheval de la cour des Écuries"". Le Point. - ^ Olivia Tolede (9"
louvre_cleaned_1.txt,Le Point,ORG,83697,83705,"ue rampe en fer à cheval de la cour des Écuries"". Le Point. - ^ Olivia Tolede (9 February 2010). ""Guillaume,"
louvre_cleaned_1.txt,Olivia Tolede,PERSON,83711,83724,"r à cheval de la cour des Écuries"". Le Point. - ^ Olivia Tolede (9 February 2010). ""Guillaume, Edmond (24 juin 18"
louvre_cleaned_1.txt,9 February 2010,DATE,83726,83741,"a cour des Écuries"". Le Point. - ^ Olivia Tolede (9 February 2010). ""Guillaume, Edmond (24 juin 1826, Valenciennes "
louvre_cleaned_1.txt,"Guillaume, Edmond",WORK_OF_ART,83745,83762,". Le Point. - ^ Olivia Tolede (9 February 2010). ""Guillaume, Edmond (24 juin 1826, Valenciennes – 20 juillet 1894, Pa"
louvre_cleaned_1.txt,1894,DATE,83804,83808,", Edmond (24 juin 1826, Valenciennes – 20 juillet 1894, Paris)"". INHA Institut national d'histoire de l'"
louvre_cleaned_1.txt,Inha Institut,ORG,83819,83832,"in 1826, Valenciennes – 20 juillet 1894, Paris)"". INHA Institut national d'histoire de l'art. - ^ a b c d Geneviè"
louvre_cleaned_1.txt,Bresc-Bautier,ORG,83885,83898,"tional d'histoire de l'art. - ^ a b c d Geneviève Bresc-Bautier (2008). The Louvre, a Tale of a Palace. Paris: Lo"
louvre_cleaned_1.txt,6 March 2023,DATE,83993,84005,s: Louvre éditions. Archived from the original on 6 March 2023. Retrieved 1 May 2021. - ^ Max Charles Emmanuel C
louvre_cleaned_1.txt,1 May 2021,DATE,84017,84027,ived from the original on 6 March 2023. Retrieved 1 May 2021. - ^ Max Charles Emmanuel Champion de Nansouty (1
louvre_cleaned_1.txt,Max Charles Emmanuel Champion De Nansouty,PERSON,84033,84074,"iginal on 6 March 2023. Retrieved 1 May 2021. - ^ Max Charles Emmanuel Champion de Nansouty (1906). Actualites scientifiques, Volume 3. p. 28"
louvre_cleaned_1.txt,1906,DATE,84076,84080,"1. - ^ Max Charles Emmanuel Champion de Nansouty (1906). Actualites scientifiques, Volume 3. p. 282. - ^"
louvre_cleaned_1.txt,An Introduction To Islamic Art,WORK_OF_ART,84132,84162," Actualites scientifiques, Volume 3. p. 282. - ^ ""An Introduction to Islamic Art – The Cour Visconti"". Le Louvre. Retrieved 17 Jan"
louvre_cleaned_1.txt,17 January 2024,DATE,84206,84221,"ic Art – The Cour Visconti"". Le Louvre. Retrieved 17 January 2024. - ^ Life (4 November 1940), p. 39. - ^ Alan Ridi"
louvre_cleaned_1.txt,November 1940,DATE,84235,84248,"Le Louvre. Retrieved 17 January 2024. - ^ Life (4 November 1940), p. 39. - ^ Alan Riding, And the Show Went On: C"
louvre_cleaned_1.txt,Alan Riding,PERSON,84262,84273,"uary 2024. - ^ Life (4 November 1940), p. 39. - ^ Alan Riding, And the Show Went On: Cultural Life in Nazi-Occu"
louvre_cleaned_1.txt,Alfred A Knopf,ORG,84335,84349,"ow Went On: Cultural Life in Nazi-Occupied Paris. Alfred A Knopf, New York: 2010. p. 34. - ^ Matila Simon, ""The ba"
louvre_cleaned_1.txt,Matila Simon,PERSON,84378,84390,"Paris. Alfred A Knopf, New York: 2010. p. 34. - ^ Matila Simon, ""The battle of the Louvre;: The struggle to save"
louvre_cleaned_1.txt,Hawthorn Books,PERSON,84470,84484,"The struggle to save French art in World War II"". Hawthorn Books, 1971. p. 23. - ^ Simon, p. 177 - ^ Vincent Delie"
louvre_cleaned_1.txt,Simon,PERSON,84503,84508,"n World War II"". Hawthorn Books, 1971. p. 23. - ^ Simon, p. 177 - ^ Vincent Delieuvin. ""Les accrochages d"
louvre_cleaned_1.txt,Vincent Delieuvin,PERSON,84521,84538,"awthorn Books, 1971. p. 23. - ^ Simon, p. 177 - ^ Vincent Delieuvin. ""Les accrochages de la Joconde de 1797 à nos jou"
louvre_cleaned_1.txt,Devorah Lauter,PERSON,84680,84694,"al (PDF) on 1 May 2021. Retrieved 1 May 2021. - ^ Devorah Lauter (27 March 2010). ""Hitting the Louvre ceiling"". Lo"
louvre_cleaned_1.txt,27 March 2010,DATE,84696,84709,"y 2021. Retrieved 1 May 2021. - ^ Devorah Lauter (27 March 2010). ""Hitting the Louvre ceiling"". Los Angeles Times"
louvre_cleaned_1.txt,Hitting The Louvre,WORK_OF_ART,84713,84731," 1 May 2021. - ^ Devorah Lauter (27 March 2010). ""Hitting the Louvre ceiling"". Los Angeles Times. - ^ Rita Salerno (30"
louvre_cleaned_1.txt,Rita Salerno,PERSON,84765,84777,"tting the Louvre ceiling"". Los Angeles Times. - ^ Rita Salerno (30 May 2019). ""Pierre Paulin, the man who made d"
louvre_cleaned_1.txt,30 May 2019,DATE,84779,84790,"re ceiling"". Los Angeles Times. - ^ Rita Salerno (30 May 2019). ""Pierre Paulin, the man who made design an art"""
louvre_cleaned_1.txt,Elle Decor,PERSON,84842,84852," ""Pierre Paulin, the man who made design an art"". Elle Decor. - ^ Michel Conil Lacoste (9 February 1972). ""Le "
louvre_cleaned_1.txt,Michel Conil Lacoste,PERSON,84858,84878," the man who made design an art"". Elle Decor. - ^ Michel Conil Lacoste (9 February 1972). ""Le ""salon Carré"", prestigieux"
louvre_cleaned_1.txt,February 1972,DATE,84882,84895," an art"". Elle Decor. - ^ Michel Conil Lacoste (9 February 1972). ""Le ""salon Carré"", prestigieux vestibule à la G"
louvre_cleaned_1.txt,Carré,GPE,84909,84914,"ichel Conil Lacoste (9 February 1972). ""Le ""salon Carré"", prestigieux vestibule à la Grande Galerie"". Le "
louvre_cleaned_1.txt,Le Monde,PERSON,84961,84969,"rré"", prestigieux vestibule à la Grande Galerie"". Le Monde. - ^ Pierre Mazars (18 November 1964). ""1964 : Le"
louvre_cleaned_1.txt,Pierre Mazars,PERSON,84975,84988,"eux vestibule à la Grande Galerie"". Le Monde. - ^ Pierre Mazars (18 November 1964). ""1964 : Le Louvre sera le plu"
louvre_cleaned_1.txt,18 November 1964,DATE,84990,85006," la Grande Galerie"". Le Monde. - ^ Pierre Mazars (18 November 1964). ""1964 : Le Louvre sera le plus beau musée du mo"
louvre_cleaned_1.txt,1964,DATE,85010,85014," Le Monde. - ^ Pierre Mazars (18 November 1964). ""1964 : Le Louvre sera le plus beau musée du monde"". Le"
louvre_cleaned_1.txt,Business Week Online,ORG,85131,85151,"ine Extra: Q&A with the Louvre's Henri Loyrette"". Business Week Online. 17 June 2002. Archived from the original on 10 D"
louvre_cleaned_1.txt,17 June 2002,DATE,85153,85165,"e Louvre's Henri Loyrette"". Business Week Online. 17 June 2002. Archived from the original on 10 December 2013. "
louvre_cleaned_1.txt,10 December 2013,DATE,85197,85213,line. 17 June 2002. Archived from the original on 10 December 2013. Retrieved 26 April 2015. - ^ a b Gareth Harris (
louvre_cleaned_1.txt,26 April 2015,DATE,85225,85238," from the original on 10 December 2013. Retrieved 26 April 2015. - ^ a b Gareth Harris (13 September 2012), Islam"
louvre_cleaned_1.txt,Gareth Harris,PERSON,85248,85261,"0 December 2013. Retrieved 26 April 2015. - ^ a b Gareth Harris (13 September 2012), Islamic art, covered Financi"
louvre_cleaned_1.txt,13 September 2012,DATE,85263,85280,". Retrieved 26 April 2015. - ^ a b Gareth Harris (13 September 2012), Islamic art, covered Financial Times. - ^ Carol"
louvre_cleaned_1.txt,Financial Times,ORG,85304,85319," Harris (13 September 2012), Islamic art, covered Financial Times. - ^ Carol Vogel (19 September 2012), The Louvre'"
louvre_cleaned_1.txt,Carol Vogel,PERSON,85325,85336," 2012), Islamic art, covered Financial Times. - ^ Carol Vogel (19 September 2012), The Louvre's New Islamic Gal"
louvre_cleaned_1.txt,19 September 2012,DATE,85338,85355,"ic art, covered Financial Times. - ^ Carol Vogel (19 September 2012), The Louvre's New Islamic Galleries Bring Riches"
louvre_cleaned_1.txt,New Islamic Galleries Bring Riches,ORG,85371,85405,"- ^ Carol Vogel (19 September 2012), The Louvre's New Islamic Galleries Bring Riches to Light The New York Times. - ^ Denis Bocquet (2"
louvre_cleaned_1.txt,The New York Times,ORG,85415,85433,"vre's New Islamic Galleries Bring Riches to Light The New York Times. - ^ Denis Bocquet (20 February 2013). ""Structura"
louvre_cleaned_1.txt,Denis Bocquet,PERSON,85439,85452,"ies Bring Riches to Light The New York Times. - ^ Denis Bocquet (20 February 2013). ""Structural Innovation and th"
louvre_cleaned_1.txt,20 February 2013,DATE,85454,85470,"s to Light The New York Times. - ^ Denis Bocquet (20 February 2013). ""Structural Innovation and the Stakes of Herita"
louvre_cleaned_1.txt,Structural Innovation,WORK_OF_ART,85474,85495,"ork Times. - ^ Denis Bocquet (20 February 2013). ""Structural Innovation and the Stakes of Heritage: The Bellini-Ricciotti"
louvre_cleaned_1.txt,Academia.Edu,ORG,85575,85587,"he Bellini-Ricciotti Louvre Dpt of Islamic Arts"". Academia.edu. - ^ Serafin, Amy (21 October 2007). ""The Louvre "
louvre_cleaned_1.txt,Amy,PERSON,85602,85605," Dpt of Islamic Arts"". Academia.edu. - ^ Serafin, Amy (21 October 2007). ""The Louvre Now Accepts the Li"
louvre_cleaned_1.txt,21 October 2007,DATE,85607,85622,"of Islamic Arts"". Academia.edu. - ^ Serafin, Amy (21 October 2007). ""The Louvre Now Accepts the Living"". The New Yo"
louvre_cleaned_1.txt,The Louvre Now Accepts The Living,WORK_OF_ART,85626,85659,"cademia.edu. - ^ Serafin, Amy (21 October 2007). ""The Louvre Now Accepts the Living"". The New York Times. ISSN 0362-4331. Retrieved 1"
louvre_cleaned_1.txt,Issn 0362-4331,ORG,85682,85696,"uvre Now Accepts the Living"". The New York Times. ISSN 0362-4331. Retrieved 16 January 2023. - ^ Doreen Carvajal ("
louvre_cleaned_1.txt,16 January 2023,DATE,85708,85723,"g"". The New York Times. ISSN 0362-4331. Retrieved 16 January 2023. - ^ Doreen Carvajal (5 March 2021). ""Palace Intr"
louvre_cleaned_1.txt,March 2021,DATE,85748,85758,"Retrieved 16 January 2023. - ^ Doreen Carvajal (5 March 2021). ""Palace Intrigue at the Louvre, as a Paint Job "
louvre_cleaned_1.txt,Palace Intrigue,PERSON,85762,85777,"anuary 2023. - ^ Doreen Carvajal (5 March 2021). ""Palace Intrigue at the Louvre, as a Paint Job Leads to a Lawsuit"""
louvre_cleaned_1.txt,New York Times,ORG,85829,85843,"t the Louvre, as a Paint Job Leads to a Lawsuit"". New York Times. Archived from the original on 28 December 2021. "
louvre_cleaned_1.txt,28 December 2021,DATE,85875,85891,"t"". New York Times. Archived from the original on 28 December 2021. - ^ """"L'esprit d'escalier"", François Morellet | "
louvre_cleaned_1.txt,"L'Esprit D'Escalier""",WORK_OF_ART,85899,85919,"ived from the original on 28 December 2021. - ^ """"L'esprit d'escalier"", François Morellet | Cnap"". www.cnap.fr. Retrieve"
louvre_cleaned_1.txt,Cnap,PERSON,85941,85945,". - ^ """"L'esprit d'escalier"", François Morellet | Cnap"". www.cnap.fr. Retrieved 16 January 2023. - ^ Did"
louvre_cleaned_1.txt,8 June 2014,DATE,86007,86018,"fr. Retrieved 16 January 2023. - ^ Didier Rykner (8 June 2014). ""La réouverture des salles d'objets d'art du Lo"
louvre_cleaned_1.txt,De Louis Xiv,PERSON,86074,86086," réouverture des salles d'objets d'art du Louvre, de Louis XIV à Louis XVI"". La Tribune de l'Art. - ^ ""Elias Cre"
louvre_cleaned_1.txt,La Tribune De L'Art,PERSON,86101,86120,"bjets d'art du Louvre, de Louis XIV à Louis XVI"". La Tribune de l'Art. - ^ ""Elias Crespin, l'art de la ligne au Louvre"""
louvre_cleaned_1.txt,L'Art De La Ligne,PERSON,86142,86159,"is XVI"". La Tribune de l'Art. - ^ ""Elias Crespin, l'art de la ligne au Louvre"". LEFIGARO (in French). 20 January 2020"
louvre_cleaned_1.txt,Lefigaro,ORG,86172,86180,"- ^ ""Elias Crespin, l'art de la ligne au Louvre"". LEFIGARO (in French). 20 January 2020. Retrieved 16 Januar"
louvre_cleaned_1.txt,20 January 2020,DATE,86194,86209,"art de la ligne au Louvre"". LEFIGARO (in French). 20 January 2020. Retrieved 16 January 2023. - ^ Yan, Holly. ""Pari"
louvre_cleaned_1.txt,Cnn,ORG,86355,86358,"ls with at least 100 cases of novel coronavirus"", CNN, 1 March 2020. Retrieved 19 October 2025. - ^ ""Lo"
louvre_cleaned_1.txt,1 March 2020,DATE,86360,86372,"th at least 100 cases of novel coronavirus"", CNN, 1 March 2020. Retrieved 19 October 2025. - ^ ""Louvre reopens a"
louvre_cleaned_1.txt,Four-Month,DATE,86427,86437,"rieved 19 October 2025. - ^ ""Louvre reopens after four-month closing due to coronavirus"", Associated Press, vi"
louvre_cleaned_1.txt,Associated Press,ORG,86467,86483,"ens after four-month closing due to coronavirus"", Associated Press, via CBS News, 6 July 2020. Retrieved 19 October "
louvre_cleaned_1.txt,Cbs News,ORG,86489,86497,"losing due to coronavirus"", Associated Press, via CBS News, 6 July 2020. Retrieved 19 October 2025. - ^ Hick"
louvre_cleaned_1.txt,6 July 2020,DATE,86499,86510," to coronavirus"", Associated Press, via CBS News, 6 July 2020. Retrieved 19 October 2025. - ^ Hickman, Matt. ""S"
louvre_cleaned_1.txt,Hickman,PERSON,86543,86550,"News, 6 July 2020. Retrieved 19 October 2025. - ^ Hickman, Matt. ""Struggling cultural institutions lock dow"
louvre_cleaned_1.txt,Matt,PERSON,86552,86556,"uly 2020. Retrieved 19 October 2025. - ^ Hickman, Matt. ""Struggling cultural institutions lock down (aga"
louvre_cleaned_1.txt,The Architect'S Newspaper,ORG,86645,86670,"k down (again) as COVID-19 surges across Europe"", The Architect's Newspaper, 30 October 2020. Retrieved 19 October 2025. - ^ "
louvre_cleaned_1.txt,October 2020,DATE,86675,86687,"ges across Europe"", The Architect's Newspaper, 30 October 2020. Retrieved 19 October 2025. - ^ Makoni, Abbianca "
louvre_cleaned_1.txt,Makoni,PERSON,86720,86726,", 30 October 2020. Retrieved 19 October 2025. - ^ Makoni, Abbianca (19 May 2021). ""Bienvenu! Louvre museum"
louvre_cleaned_1.txt,Abbianca,ORG,86728,86736,"ober 2020. Retrieved 19 October 2025. - ^ Makoni, Abbianca (19 May 2021). ""Bienvenu! Louvre museum reopens a"
louvre_cleaned_1.txt,19 May 2021,DATE,86738,86749," Retrieved 19 October 2025. - ^ Makoni, Abbianca (19 May 2021). ""Bienvenu! Louvre museum reopens after six mont"
louvre_cleaned_1.txt,Six Month,DATE,86791,86800,"May 2021). ""Bienvenu! Louvre museum reopens after six month shutdown"". Evening Standard. Retrieved 7 December"
louvre_cleaned_1.txt,Evening Standard,PERSON,86812,86828," Louvre museum reopens after six month shutdown"". Evening Standard. Retrieved 7 December 2022. - ^ ""Louvre museum vi"
louvre_cleaned_1.txt,24,DATE,86938,86940,"pped more than 70% in virus-wracked 2020"". France 24. 8 January 2021. Retrieved 13 January 2021. - ^ L"
louvre_cleaned_1.txt,8 January 2021,DATE,86942,86956," more than 70% in virus-wracked 2020"". France 24. 8 January 2021. Retrieved 13 January 2021. - ^ LaBarge, Emily (2"
louvre_cleaned_1.txt,13 January 2021,DATE,86968,86983,"acked 2020"". France 24. 8 January 2021. Retrieved 13 January 2021. - ^ LaBarge, Emily (26 April 2024). ""At the Louv"
louvre_cleaned_1.txt,"Labarge, Emily",ORG,86989,87003,"4. 8 January 2021. Retrieved 13 January 2021. - ^ LaBarge, Emily (26 April 2024). ""At the Louvre, the Olympics Are"
louvre_cleaned_1.txt,26 April 2024,DATE,87005,87018,"1. Retrieved 13 January 2021. - ^ LaBarge, Emily (26 April 2024). ""At the Louvre, the Olympics Are More French Th"
louvre_cleaned_1.txt,The Olympics Are More French,ORG,87037,87065,"^ LaBarge, Emily (26 April 2024). ""At the Louvre, the Olympics Are More French Than You Might Think"". The New York Times. - ^ ""E"
louvre_cleaned_1.txt,Près De 9 Millions,ORG,87177,87195,"ouvre a retrouvé une fréquentation pré-Covid avec près de 9 millions de visiteurs"". 3 January 2024. - ^ Francis, Ellen"
louvre_cleaned_1.txt,3 January 2024,DATE,87211,87225," pré-Covid avec près de 9 millions de visiteurs"". 3 January 2024. - ^ Francis, Ellen (28 January 2025). ""Mona Lisa"
louvre_cleaned_1.txt,Ellen,PERSON,87240,87245,"lions de visiteurs"". 3 January 2024. - ^ Francis, Ellen (28 January 2025). ""Mona Lisa to get a room of he"
louvre_cleaned_1.txt,28 January 2025,DATE,87247,87262,"e visiteurs"". 3 January 2024. - ^ Francis, Ellen (28 January 2025). ""Mona Lisa to get a room of her own in Louvre m"
louvre_cleaned_1.txt,The Washington Post,ORG,87331,87350,"t a room of her own in Louvre museum renovation"". The Washington Post. Archived from the original on 29 January 2025. R"
louvre_cleaned_1.txt,29 January 2025,DATE,87382,87397,"he Washington Post. Archived from the original on 29 January 2025. Retrieved 29 January 2025. - ^ a b Masih, Niha ("
louvre_cleaned_1.txt,Masih,GPE,87434,87439," January 2025. Retrieved 29 January 2025. - ^ a b Masih, Niha (8 December 2025). ""First a heist, now a le"
louvre_cleaned_1.txt,Niha,GPE,87441,87445,"y 2025. Retrieved 29 January 2025. - ^ a b Masih, Niha (8 December 2025). ""First a heist, now a leak. Wa"
louvre_cleaned_1.txt,8 December 2025,DATE,87447,87462,". Retrieved 29 January 2025. - ^ a b Masih, Niha (8 December 2025). ""First a heist, now a leak. Water damages antiq"
louvre_cleaned_1.txt,Issn,ORG,87558,87562,"ntique books at the Louvre"". The Washington Post. ISSN 0190-8286. Retrieved 8 December 2025. - ^ ""The wo"
louvre_cleaned_1.txt,0190-8286,DATE,87563,87572,"e books at the Louvre"". The Washington Post. ISSN 0190-8286. Retrieved 8 December 2025. - ^ ""The world's most"
louvre_cleaned_1.txt,Ap News,ORG,87686,87693,"m shuts down, sounding the alarm on overtourism"". AP News. 16 June 2025. Retrieved 16 June 2025. - ^ ""The L"
louvre_cleaned_1.txt,The Louvre,WORK_OF_ART,87738,87748," News. 16 June 2025. Retrieved 16 June 2025. - ^ ""The Louvre in Paris closes unexpectedly as staff protest con"
louvre_cleaned_1.txt,17 June 2025,DATE,87860,87872,"S News"". www.cbsnews.com. 16 June 2025. Retrieved 17 June 2025. - ^ ""Musée du Louvre closed due to robbery"". Att"
louvre_cleaned_1.txt,Attractions Daily,ORG,87919,87936,"025. - ^ ""Musée du Louvre closed due to robbery"". Attractions Daily. 19 October 2025. Retrieved 19 October 2025. - ^ "
louvre_cleaned_1.txt,Sky News,ORG,88355,88363," - as authorities reveal details of daring raid"". Sky News. Retrieved 19 October 2025. - ^ Bajos, Par Sandri"
louvre_cleaned_1.txt,Bajos,ORG,88396,88401,"g raid"". Sky News. Retrieved 19 October 2025. - ^ Bajos, Par Sandrine; à 13h43, avec J.-M. D. Le 19 octob"
louvre_cleaned_1.txt,Par,ORG,88403,88406,". Sky News. Retrieved 19 October 2025. - ^ Bajos, Par Sandrine; à 13h43, avec J.-M. D. Le 19 octobre 20"
louvre_cleaned_1.txt,D. Le,PERSON,88437,88442,"025. - ^ Bajos, Par Sandrine; à 13h43, avec J.-M. D. Le 19 octobre 2025 (19 October 2025). ""Musée du Louv"
louvre_cleaned_1.txt,Schechner,PERSON,88708,88717,"CS1 maint: numeric names: authors list (link) - ^ Schechner, Sam (19 October 2025). ""Brazen Heist at Louvre M"
louvre_cleaned_1.txt,Sam,PERSON,88719,88722,"numeric names: authors list (link) - ^ Schechner, Sam (19 October 2025). ""Brazen Heist at Louvre Museum"
louvre_cleaned_1.txt,Brazen Heist,PERSON,88743,88755,"ist (link) - ^ Schechner, Sam (19 October 2025). ""Brazen Heist at Louvre Museum Snatches Priceless Royal Jewels"""
louvre_cleaned_1.txt,Louvre Museum Snatches Priceless Royal Jewels,ORG,88759,88804,"chechner, Sam (19 October 2025). ""Brazen Heist at Louvre Museum Snatches Priceless Royal Jewels"". The Wall Street Journal. Retrieved 19 October 2"
louvre_cleaned_1.txt,The Wall Street Journal,ORG,88807,88830,"t Louvre Museum Snatches Priceless Royal Jewels"". The Wall Street Journal. Retrieved 19 October 2025. - ^ Biétry-Rivierre, "
louvre_cleaned_1.txt,Biétry-Rivierre,PERSON,88863,88878,"ll Street Journal. Retrieved 19 October 2025. - ^ Biétry-Rivierre, Eric (19 October 2025). ""1354 diamants, 56 émera"
louvre_cleaned_1.txt,Eric,PERSON,88880,88884,". Retrieved 19 October 2025. - ^ Biétry-Rivierre, Eric (19 October 2025). ""1354 diamants, 56 émeraudes :"
louvre_cleaned_1.txt,1354,DATE,88905,88909,"25. - ^ Biétry-Rivierre, Eric (19 October 2025). ""1354 diamants, 56 émeraudes : la couronne de l'impérat"
louvre_cleaned_1.txt,Acquis Par L'État En,PERSON,88983,89003,": la couronne de l'impératrice Eugénie, un trésor acquis par l'État en 1988"" [1354 diamonds, 56 emeralds: the crown of E"
louvre_cleaned_1.txt,Empress Eugenie,ORG,89052,89067,"n 1988"" [1354 diamonds, 56 emeralds: the crown of Empress Eugenie, a treasure acquired by the State in 1988] (in Fr"
louvre_cleaned_1.txt,1988,DATE,89105,89109,"ress Eugenie, a treasure acquired by the State in 1988] (in French). Le Figaro. Retrieved 21 October 202"
louvre_cleaned_1.txt,21 October 2025,DATE,89145,89160," State in 1988] (in French). Le Figaro. Retrieved 21 October 2025. - ^ ""Two arrested over theft of jewels at Louvre"
louvre_cleaned_1.txt,Bbc News,ORG,89229,89237," over theft of jewels at Louvre museum in Paris"". BBC News. 26 October 2025. Archived from the original on 2"
louvre_cleaned_1.txt,October 2025,DATE,89242,89254,"f jewels at Louvre museum in Paris"". BBC News. 26 October 2025. Archived from the original on 26 October 2025. R"
louvre_cleaned_1.txt,26 October 2025,DATE,89286,89301,"s. 26 October 2025. Archived from the original on 26 October 2025. Retrieved 26 October 2025. - ^ Parodi, Alessandr"
louvre_cleaned_1.txt,Alessandro,PERSON,89342,89352,"ober 2025. Retrieved 26 October 2025. - ^ Parodi, Alessandro (29 October 2025). ""Louvre heist suspects 'partia"
louvre_cleaned_1.txt,29 October 2025,DATE,89354,89369,"etrieved 26 October 2025. - ^ Parodi, Alessandro (29 October 2025). ""Louvre heist suspects 'partially admit' involv"
louvre_cleaned_1.txt,Reuters,ORG,89456,89463,"admit' involvement, stolen jewels still missing"". Reuters. Retrieved 30 October 2025. - ^ Armstrong, Kathry"
louvre_cleaned_1.txt,30 October 2025,DATE,89475,89490," stolen jewels still missing"". Reuters. Retrieved 30 October 2025. - ^ Armstrong, Kathryn (30 October 2025). ""Five "
louvre_cleaned_1.txt,Armstrong,PERSON,89496,89505,"missing"". Reuters. Retrieved 30 October 2025. - ^ Armstrong, Kathryn (30 October 2025). ""Five new suspects ar"
louvre_cleaned_1.txt,Kathryn,PERSON,89507,89514,"euters. Retrieved 30 October 2025. - ^ Armstrong, Kathryn (30 October 2025). ""Five new suspects arrested ov"
louvre_cleaned_1.txt,Louvre Jewels,ORG,89743,89756," (30 October 2025). ""French police hunting stolen Louvre jewels arrest more suspects"". Reuters. - ^ Le Louvre lan"
louvre_cleaned_1.txt,Le Journal Du Dimanche,ORG,89888,89910,"f et une base publique recensant ses collections, Le Journal du Dimanche, Marie-Anne Kleiber, 24 mars 2021, website le jdd"
louvre_cleaned_1.txt,Marie-Anne Kleiber,PERSON,89912,89930,"ecensant ses collections, Le Journal du Dimanche, Marie-Anne Kleiber, 24 mars 2021, website le jdd.fr. - ^ ""Louvre"". A"
louvre_cleaned_1.txt,24 Mars 2021,DATE,89932,89944,"ions, Le Journal du Dimanche, Marie-Anne Kleiber, 24 mars 2021, website le jdd.fr. - ^ ""Louvre"". Archived from t"
louvre_cleaned_1.txt,7 April 2023,DATE,90009,90021,"d.fr. - ^ ""Louvre"". Archived from the original on 7 April 2023. Retrieved 7 April 2023. - ^ a b ""Egyptian Antiqu"
louvre_cleaned_1.txt,11 March 2008,DATE,90126,90139,""". Musée du Louvre. Archived from the original on 11 March 2008. Retrieved 30 April 2008. - ^ Caubet, Annie (1991"
louvre_cleaned_1.txt,30 April 2008,DATE,90151,90164,"ved from the original on 11 March 2008. Retrieved 30 April 2008. - ^ Caubet, Annie (1991). The Louvre : Near East"
louvre_cleaned_1.txt,"Caubet,",ORG,90170,90177,"al on 11 March 2008. Retrieved 30 April 2008. - ^ Caubet, Annie (1991). The Louvre : Near Eastern antiquiti"
louvre_cleaned_1.txt,Annie,PERSON,90178,90183," March 2008. Retrieved 30 April 2008. - ^ Caubet, Annie (1991). The Louvre : Near Eastern antiquities. In"
louvre_cleaned_1.txt,1991,DATE,90185,90189,"2008. Retrieved 30 April 2008. - ^ Caubet, Annie (1991). The Louvre : Near Eastern antiquities. Internet"
louvre_cleaned_1.txt,Ed,PERSON,90257,90259,"ar Eastern antiquities. Internet Archive. Paris : Ed. Scala, Réunion des musées nationaux. ISBN 978-2-"
louvre_cleaned_1.txt,Scala,PERSON,90261,90266,"astern antiquities. Internet Archive. Paris : Ed. Scala, Réunion des musées nationaux. ISBN 978-2-7118-24"
louvre_cleaned_1.txt,Réunion Des Musées,ORG,90268,90286,"antiquities. Internet Archive. Paris : Ed. Scala, Réunion des musées nationaux. ISBN 978-2-7118-2477-9. - ^ ""Decorativ"
louvre_cleaned_1.txt,Decorative Arts,WORK_OF_ART,90327,90342,"es musées nationaux. ISBN 978-2-7118-2477-9. - ^ ""Decorative Arts"". Musée du Louvre. Archived from the original on "
louvre_cleaned_1.txt,20 October 2007,DATE,90392,90407,""". Musée du Louvre. Archived from the original on 20 October 2007. Retrieved 20 May 2008. - ^ ""Forgotten Empire: Th"
louvre_cleaned_1.txt,20 May 2008,DATE,90419,90430,"d from the original on 20 October 2007. Retrieved 20 May 2008. - ^ ""Forgotten Empire: The World of Ancient Pers"
louvre_cleaned_1.txt,9 November 2011,DATE,90553,90568,"fornia Press. 2006. Archived from the original on 9 November 2011. Retrieved 12 November 2007. - ^ a b c ""Greek, Et"
louvre_cleaned_1.txt,12 November 2007,DATE,90580,90596,"d from the original on 9 November 2011. Retrieved 12 November 2007. - ^ a b c ""Greek, Etruscan, and Roman Antiquitie"
louvre_cleaned_1.txt,4 November 2007,DATE,90697,90712,""". Musée du Louvre. Archived from the original on 4 November 2007. Retrieved 30 April 2008. - ^ Hannan, p. 252 - ^ "
louvre_cleaned_1.txt,Hannan,GPE,90743,90749," on 4 November 2007. Retrieved 30 April 2008. - ^ Hannan, p. 252 - ^ ""L'Incantada"". collections.louvre.fr."
louvre_cleaned_1.txt,5 January 2024,DATE,90810,90824,"^ ""L'Incantada"". collections.louvre.fr. Retrieved 5 January 2024. - ^ a b ""Islamic Art"". Musée du Louvre. Archived"
louvre_cleaned_1.txt,9 November 2007,DATE,90896,90911,""". Musée du Louvre. Archived from the original on 9 November 2007. Retrieved 30 April 2008. - ^ a b Ahlund, p. 24 -"
louvre_cleaned_1.txt,Saudi Arabia'S,GPE,90965,90979,"trieved 30 April 2008. - ^ a b Ahlund, p. 24 - ^ ""Saudi Arabia's Princess Lamia opens new and improved Islamic art"
louvre_cleaned_1.txt,Arab News,ORG,91057,91066,"d improved Islamic art space at Louvre in Paris"". Arab News. 10 September 2019. Retrieved 11 September 2019. "
louvre_cleaned_1.txt,10 September 2019,DATE,91068,91085,"Islamic art space at Louvre in Paris"". Arab News. 10 September 2019. Retrieved 11 September 2019. - ^ a b c ""Sculptur"
louvre_cleaned_1.txt,7 November 2007,DATE,91187,91202,""". Musée du Louvre. Archived from the original on 7 November 2007. Retrieved 23 April 2008. - ^ ""Decorative Arts"". "
louvre_cleaned_1.txt,23 April 2008,DATE,91214,91227,"d from the original on 7 November 2007. Retrieved 23 April 2008. - ^ ""Decorative Arts"". Musée du Louvre. Archived"
louvre_cleaned_1.txt,3 December 2007,DATE,91299,91314,""". Musée du Louvre. Archived from the original on 3 December 2007. Retrieved 30 April 2008. - ^ Lasko, p. 242 - ^ B"
louvre_cleaned_1.txt,Lasko,PERSON,91345,91350," on 3 December 2007. Retrieved 30 April 2008. - ^ Lasko, p. 242 - ^ Barbier Muriel. ""Armoire said to be b"
louvre_cleaned_1.txt,Barbier Muriel,PERSON,91363,91377,"7. Retrieved 30 April 2008. - ^ Lasko, p. 242 - ^ Barbier Muriel. ""Armoire said to be by Hugues Sambin"". louvre.fr"
louvre_cleaned_1.txt,Hugues Sambin,GPE,91402,91415,"p. 242 - ^ Barbier Muriel. ""Armoire said to be by Hugues Sambin"". louvre.fr. Archived from the original on 10 May"
louvre_cleaned_1.txt,10 May 2021,DATE,91459,91470,"Sambin"". louvre.fr. Archived from the original on 10 May 2021. Retrieved 12 March 2021. - ^ Barbier Muriel. ""Co"
louvre_cleaned_1.txt,12 March 2021,DATE,91482,91495,"hived from the original on 10 May 2021. Retrieved 12 March 2021. - ^ Barbier Muriel. ""Commode of Madame du Barry"""
louvre_cleaned_1.txt,Commode Of Madame Du Barry,WORK_OF_ART,91518,91544,"21. Retrieved 12 March 2021. - ^ Barbier Muriel. ""Commode of Madame du Barry"". louvre.fr. Archived from the original on 10 May"
louvre_cleaned_1.txt,Catherine Voiriot,PERSON,91630,91647,"inal on 10 May 2021. Retrieved 12 March 2021. - ^ Catherine Voiriot. ""Barometer-thermometer"". louvre.fr. Archived fro"
louvre_cleaned_1.txt,Giorgio Vasari,PERSON,91789,91803,"2 March 2021. - ^ Hannan, p. 262 - ^ According to Giorgio Vasari, Michelangelo's Leda and the Swan, (now lost) was"
louvre_cleaned_1.txt,Swan,GPE,91833,91837,"ng to Giorgio Vasari, Michelangelo's Leda and the Swan, (now lost) was acquired by Francis I. - ^ ""Paint"
louvre_cleaned_1.txt,Francis I. - ^,PERSON,91866,91880,"o's Leda and the Swan, (now lost) was acquired by Francis I. - ^ ""Paintings"". Musée du Louvre. Archived from the o"
louvre_cleaned_1.txt,23 March 2008,DATE,91941,91954,""". Musée du Louvre. Archived from the original on 23 March 2008. Retrieved 23 April 2008. - ^ ""French artists in "
louvre_cleaned_1.txt,Paris Digest,ORG,92020,92032,"pril 2008. - ^ ""French artists in Louvre Museum"". Paris Digest. 2018. Retrieved 13 September 2018. - ^ ""At the H"
louvre_cleaned_1.txt,13 September 2018,DATE,92050,92067," in Louvre Museum"". Paris Digest. 2018. Retrieved 13 September 2018. - ^ ""At the Heart of the Renaissance Palace"". Le"
louvre_cleaned_1.txt,The Renaissance Palace,ORG,92090,92112,"Retrieved 13 September 2018. - ^ ""At the Heart of the Renaissance Palace"". Le Louvre. Retrieved 9 December 2022. - ^ Hanna"
louvre_cleaned_1.txt,Musée Du Louvre – Exhibitions,WORK_OF_ART,92200,92229,"2. - ^ Hannan, p. 267 - ^ Hannan, pp. 270–78 - ^ ""Musée du Louvre – Exhibitions – Past Exhibitions – The La Caze Collection"". lou"
louvre_cleaned_1.txt,17 September 2011,DATE,92317,92334,"ection"". louvre.fr. Archived from the original on 17 September 2011. Retrieved 23 May 2009. - ^ ""Galerie de tableaux "
louvre_cleaned_1.txt,23 May 2009,DATE,92346,92357,"from the original on 17 September 2011. Retrieved 23 May 2009. - ^ ""Galerie de tableaux en très haute définitio"
louvre_cleaned_1.txt,C2Rmf.Fr,ORG,92411,92419,"^ ""Galerie de tableaux en très haute définition"". c2rmf.fr. Archived from the original on 12 November 2018. "
louvre_cleaned_1.txt,12 November 2018,DATE,92451,92467,"inition"". c2rmf.fr. Archived from the original on 12 November 2018. Retrieved 29 October 2012. - ^ ""Prints and Drawi"
louvre_cleaned_1.txt,29 October 2012,DATE,92479,92494," from the original on 12 November 2018. Retrieved 29 October 2012. - ^ ""Prints and Drawings"". Musée du Louvre. Arch"
louvre_cleaned_1.txt,20 December 2008,DATE,92570,92586,""". Musée du Louvre. Archived from the original on 20 December 2008. Retrieved 23 April 2008. - ^ ""Edmond de Rothschi"
louvre_cleaned_1.txt,Edmond De Rothschild Collection,ORG,92618,92649,"n 20 December 2008. Retrieved 23 April 2008. - ^ ""Edmond de Rothschild Collection at the Louvre"". www.edmondderothschildfoundations"
louvre_cleaned_1.txt,The World - The Gallery Of Five Continents,ORG,92757,92799,"trieved 7 December 2022. - ^ ""From all corners of the World - The Gallery of Five Continents"". Le Louvre. Retrieved 5 February 2026. - ^ a b """
louvre_cleaned_1.txt,5 February 2026,DATE,92823,92838,"Gallery of Five Continents"". Le Louvre. Retrieved 5 February 2026. - ^ a b ""New Boss at Louvre's helm"". BBC News. 1"
louvre_cleaned_1.txt,25 September 2008,DATE,92911,92928,"Louvre's helm"". BBC News. 17 June 2002. Retrieved 25 September 2008. - ^ a b c Gumbel, Peter (31 July 2008). ""Sacre B"
louvre_cleaned_1.txt,Gumbel,GPE,92940,92946,"June 2002. Retrieved 25 September 2008. - ^ a b c Gumbel, Peter (31 July 2008). ""Sacre Bleu! It's the Louv"
louvre_cleaned_1.txt,Peter,PERSON,92948,92953,"2. Retrieved 25 September 2008. - ^ a b c Gumbel, Peter (31 July 2008). ""Sacre Bleu! It's the Louvre Inc"""
louvre_cleaned_1.txt,31 July 2008,DATE,92955,92967,"ieved 25 September 2008. - ^ a b c Gumbel, Peter (31 July 2008). ""Sacre Bleu! It's the Louvre Inc"". Time Magazin"
louvre_cleaned_1.txt,Sacre Bleu,PERSON,92971,92981,"er 2008. - ^ a b c Gumbel, Peter (31 July 2008). ""Sacre Bleu! It's the Louvre Inc"". Time Magazine. Archived fr"
louvre_cleaned_1.txt,The Louvre Inc,ORG,92988,93002,"c Gumbel, Peter (31 July 2008). ""Sacre Bleu! It's the Louvre Inc"". Time Magazine. Archived from the original on 29"
louvre_cleaned_1.txt,Time Magazine,ORG,93005,93018,"31 July 2008). ""Sacre Bleu! It's the Louvre Inc"". Time Magazine. Archived from the original on 29 December 2008. "
louvre_cleaned_1.txt,29 December 2008,DATE,93050,93066,"nc"". Time Magazine. Archived from the original on 29 December 2008. Retrieved 25 September 2008. - ^ a b c d e f Bau"
louvre_cleaned_1.txt,"Baum, Geraldine",ORG,93113,93128,"008. Retrieved 25 September 2008. - ^ a b c d e f Baum, Geraldine (14 May 2006). ""Cracking the Louvre's code"". Los "
louvre_cleaned_1.txt,14 May 2006,DATE,93130,93141," September 2008. - ^ a b c d e f Baum, Geraldine (14 May 2006). ""Cracking the Louvre's code"". Los Angeles Times"
louvre_cleaned_1.txt,Cracking The Louvre'S,WORK_OF_ART,93145,93166,". - ^ a b c d e f Baum, Geraldine (14 May 2006). ""Cracking the Louvre's code"". Los Angeles Times. Retrieved 25 September "
louvre_cleaned_1.txt,"Louvre, Organization Chart",ORG,93227,93253," Angeles Times. Retrieved 25 September 2008. - ^ ""Louvre, Organization Chart"". Louvre.fr Official Site. Archived from the orig"
louvre_cleaned_1.txt,10 May 2008,DATE,93311,93322,e.fr Official Site. Archived from the original on 10 May 2008. Retrieved 24 May 2008. - ^ a b Farah Nayeri (20 
louvre_cleaned_1.txt,24 May 2008,DATE,93334,93345,"hived from the original on 10 May 2008. Retrieved 24 May 2008. - ^ a b Farah Nayeri (20 January 2009), Banks co"
louvre_cleaned_1.txt,Farah Nayeri,PERSON,93355,93367,"al on 10 May 2008. Retrieved 24 May 2008. - ^ a b Farah Nayeri (20 January 2009), Banks compete to manage Louvre"
louvre_cleaned_1.txt,20 January 2009,DATE,93369,93384,"008. Retrieved 24 May 2008. - ^ a b Farah Nayeri (20 January 2009), Banks compete to manage Louvre's endowment Inte"
louvre_cleaned_1.txt,International Herald Tribune,ORG,93430,93458,"2009), Banks compete to manage Louvre's endowment International Herald Tribune. - ^ Matlack, Carol (28 July 2008). ""The Business"
louvre_cleaned_1.txt,Carol,PERSON,93473,93478,"owment International Herald Tribune. - ^ Matlack, Carol (28 July 2008). ""The Business of Art: Welcome to "
louvre_cleaned_1.txt,28 July 2008,DATE,93480,93492,"International Herald Tribune. - ^ Matlack, Carol (28 July 2008). ""The Business of Art: Welcome to The Louvre Inc"
louvre_cleaned_1.txt,The Business Of Art: Welcome To The Louvre Inc,WORK_OF_ART,93496,93542,"rald Tribune. - ^ Matlack, Carol (28 July 2008). ""The Business of Art: Welcome to The Louvre Inc"". Der Spiegel Online. Retrieved 25 September 2008"
louvre_cleaned_1.txt,Der Spiegel Online,PERSON,93545,93563,"""The Business of Art: Welcome to The Louvre Inc"". Der Spiegel Online. Retrieved 25 September 2008. - ^ Lunn, p. 137 - "
louvre_cleaned_1.txt,Lunn,PERSON,93598,93602," Spiegel Online. Retrieved 25 September 2008. - ^ Lunn, p. 137 - ^ (in French)Un archéologue prend la di"
louvre_cleaned_1.txt,3 April 2013,DATE,93683,93695,"éologue prend la direction du Louvre, Le Monde du 3 April 2013. - ^ a b c Vincent Noce (13 July 2015), Louvre's "
louvre_cleaned_1.txt,Vincent Noce,PERSON,93707,93719,"on du Louvre, Le Monde du 3 April 2013. - ^ a b c Vincent Noce (13 July 2015), Louvre's superstore to go ahead d"
louvre_cleaned_1.txt,13 July 2015,DATE,93721,93733,"Le Monde du 3 April 2013. - ^ a b c Vincent Noce (13 July 2015), Louvre's superstore to go ahead despite protest"
louvre_cleaned_1.txt,Archived,ORG,93785,93793, Louvre's superstore to go ahead despite protests Archived 15 July 2015 at the Wayback Machine The Art Newsp
louvre_cleaned_1.txt,15 July 2015,DATE,93794,93806, superstore to go ahead despite protests Archived 15 July 2015 at the Wayback Machine The Art Newspaper. - ^ Vic
louvre_cleaned_1.txt,The Wayback Machine The Art Newspaper,ORG,93810,93847,"o ahead despite protests Archived 15 July 2015 at the Wayback Machine The Art Newspaper. - ^ Victoria Stapley-Brown (10 November 2014), D"
louvre_cleaned_1.txt,Victoria Stapley-Brown,PERSON,93853,93875,"015 at the Wayback Machine The Art Newspaper. - ^ Victoria Stapley-Brown (10 November 2014), Designers chosen for Louvre's"
louvre_cleaned_1.txt,10 November 2014,DATE,93877,93893,"ne The Art Newspaper. - ^ Victoria Stapley-Brown (10 November 2014), Designers chosen for Louvre's €60m storage outp"
louvre_cleaned_1.txt,Designers,ORG,93896,93905,"r. - ^ Victoria Stapley-Brown (10 November 2014), Designers chosen for Louvre's €60m storage outpost Archived"
louvre_cleaned_1.txt,11 November 2014,DATE,93956,93972,"chosen for Louvre's €60m storage outpost Archived 11 November 2014 at the Wayback Machine The Art Newspaper. - ^ ""Ro"
louvre_cleaned_1.txt,Rogers Stirk Harbour +,WORK_OF_ART,94020,94042,"14 at the Wayback Machine The Art Newspaper. - ^ ""Rogers Stirk Harbour + Partners Breaks Ground on Green Roof Topped Louvr"
louvre_cleaned_1.txt,15 December 2017,DATE,94124,94140," Roof Topped Louvre Storage Facility"". ArchDaily. 15 December 2017. Retrieved 7 December 2022. - ^ Scarlet Cheng (15"
louvre_cleaned_1.txt,Scarlet Cheng,PERSON,94173,94186," 15 December 2017. Retrieved 7 December 2022. - ^ Scarlet Cheng (15 November 2012), Louvre and Sll Francisco muse"
louvre_cleaned_1.txt,November 2012,DATE,94191,94204," Retrieved 7 December 2022. - ^ Scarlet Cheng (15 November 2012), Louvre and Sll Francisco museums sign five-year"
louvre_cleaned_1.txt,Sll Francisco,GPE,94218,94231," - ^ Scarlet Cheng (15 November 2012), Louvre and Sll Francisco museums sign five-year deal Archived 16 June 2013"
louvre_cleaned_1.txt,16 June 2013,DATE,94269,94281,"ll Francisco museums sign five-year deal Archived 16 June 2013 at the Wayback Machine The Art Newspaper. - ^ ""Fi"
louvre_cleaned_1.txt,The Musée Du Louvre Sign Accord,ORG,94368,94399,"aper. - ^ ""Fine Arts Museums of San Francisco and the Musée du Louvre Sign Accord"". www.artforum.com. 15 November 2012. Retrieved 7"
louvre_cleaned_1.txt,15 November 2012,DATE,94420,94436,"e Musée du Louvre Sign Accord"". www.artforum.com. 15 November 2012. Retrieved 7 December 2022. - ^ ""Louvre show open"
louvre_cleaned_1.txt,Guardian,ORG,94534,94542,"ens in Tehran as cultural diplomacy thrives"". the Guardian. 6 March 2018. Retrieved 7 December 2022. - ^ Noc"
louvre_cleaned_1.txt,6 March 2018,DATE,94544,94556,"ran as cultural diplomacy thrives"". the Guardian. 6 March 2018. Retrieved 7 December 2022. - ^ Noce, Vincent (5 "
louvre_cleaned_1.txt,Noce,GPE,94589,94593,"ian. 6 March 2018. Retrieved 7 December 2022. - ^ Noce, Vincent (5 March 2018). Against the odds, Louvre"
louvre_cleaned_1.txt,Vincent,PERSON,94595,94602," March 2018. Retrieved 7 December 2022. - ^ Noce, Vincent (5 March 2018). Against the odds, Louvre exhibiti"
louvre_cleaned_1.txt,5 March 2018,DATE,94604,94616,"18. Retrieved 7 December 2022. - ^ Noce, Vincent (5 March 2018). Against the odds, Louvre exhibition opens in Te"
louvre_cleaned_1.txt,The Art Newspaper,ORG,94689,94706,"uvre exhibition opens in Tehran in historic deal. The Art Newspaper. - ^ ""Louvre lends art to Tehran for 'unprecedent"
louvre_cleaned_1.txt,France24,PERSON,94767,94775,"re lends art to Tehran for 'unprecedented' show"". France24, 5 March 2018. - ^ ""The Louvre at Tehran"". Louvre"
louvre_cleaned_1.txt,The Louvre At Tehran,WORK_OF_ART,94796,94816,"nprecedented' show"". France24, 5 March 2018. - ^ ""The Louvre at Tehran"". Louvre's Press Room. March 2018. - ^ ""Exhibitio"
louvre_cleaned_1.txt,Louvre'S Press Room,ORG,94819,94838,"ance24, 5 March 2018. - ^ ""The Louvre at Tehran"". Louvre's Press Room. March 2018. - ^ ""Exhibition of Louvre Museum's I"
louvre_cleaned_1.txt,Louvre Museum'S,ORG,94871,94886,"uvre's Press Room. March 2018. - ^ ""Exhibition of Louvre Museum's Items Opens in Tehran"". IFP News (Iran Front Page"
louvre_cleaned_1.txt,Ifp News,ORG,94911,94919,"bition of Louvre Museum's Items Opens in Tehran"". IFP News (Iran Front Page). Retrieved 5 March 2018. - ^ ""M"
louvre_cleaned_1.txt,16 April 2018,DATE,95026,95039,"to Host Louvre Exhibit after End of Tehran Show"". 16 April 2018. - ^ Prisco, Jacopo (18 October 2019). ""Louvre de"
louvre_cleaned_1.txt,Prisco,ORG,95045,95051,"bit after End of Tehran Show"". 16 April 2018. - ^ Prisco, Jacopo (18 October 2019). ""Louvre debuts its big"
louvre_cleaned_1.txt,Jacopo,PERSON,95053,95059,"r End of Tehran Show"". 16 April 2018. - ^ Prisco, Jacopo (18 October 2019). ""Louvre debuts its biggest eve"
louvre_cleaned_1.txt,18 October 2019,DATE,95061,95076," Tehran Show"". 16 April 2018. - ^ Prisco, Jacopo (18 October 2019). ""Louvre debuts its biggest ever Leonardo exhibi"
louvre_cleaned_1.txt,Leonardo,PERSON,95111,95119,"18 October 2019). ""Louvre debuts its biggest ever Leonardo exhibition"". CNN. Retrieved 9 December 2022. - ^ "
louvre_cleaned_1.txt,The Irish Times,ORG,95245,95260," the largest Leonardo exhibition ever assembled"". The Irish Times. Retrieved 9 December 2022. - ^ Greenberger, Alex"
louvre_cleaned_1.txt,Alex,PERSON,95306,95310,"imes. Retrieved 9 December 2022. - ^ Greenberger, Alex (23 October 2019). ""A Guide to the Louvre's Garga"
louvre_cleaned_1.txt,23 October 2019,DATE,95312,95327,"Retrieved 9 December 2022. - ^ Greenberger, Alex (23 October 2019). ""A Guide to the Louvre's Gargantuan Leonardo da"
louvre_cleaned_1.txt,Gargantuan Leonardo Da Vinci Retrospective,PERSON,95355,95397," Alex (23 October 2019). ""A Guide to the Louvre's Gargantuan Leonardo da Vinci Retrospective"". ARTnews.com. Retrieved 9 December 2022. - ^ ""Le"
louvre_cleaned_1.txt,Unexamined Life,ORG,95465,95480,"trieved 9 December 2022. - ^ ""Leonardo da Vinci's Unexamined Life as a Painter"". The Atlantic. 1 December 2019. Ret"
louvre_cleaned_1.txt,1 December 2019,DATE,95510,95525,"ci's Unexamined Life as a Painter"". The Atlantic. 1 December 2019. Retrieved 1 December 2019. - ^ ""Louvre exhibit h"
louvre_cleaned_1.txt,Vinci,PERSON,95586,95591," 1 December 2019. - ^ ""Louvre exhibit has most da Vinci paintings ever assembled"". Aleteia. 1 December 20"
louvre_cleaned_1.txt,The Louvre Recovers Armor Pieces Stolen,WORK_OF_ART,95677,95716," 1 December 2019. Retrieved 1 December 2019. - ^ ""The Louvre Recovers Armor Pieces Stolen Nearly 40 Years Ago"", The New York Times, 6 March"
louvre_cleaned_1.txt,Nearly 40 Years Ago,DATE,95717,95736,"019. - ^ ""The Louvre Recovers Armor Pieces Stolen Nearly 40 Years Ago"", The New York Times, 6 March 2021, archived from"
louvre_cleaned_1.txt,6 March 2021,DATE,95759,95771," Stolen Nearly 40 Years Ago"", The New York Times, 6 March 2021, archived from the original on 6 March 2021, retr"
louvre_cleaned_1.txt,16Th-Century,DATE,95867,95879,"retrieved 7 March 2021 - ^ ""Paris Louvre recovers 16th-century armour stolen nearly 40 years ago"". the Guardian."
louvre_cleaned_1.txt,3 March 2021,DATE,95930,95942,"armour stolen nearly 40 years ago"". the Guardian. 3 March 2021. Retrieved 17 January 2023. - ^ ""Louvre appoints "
louvre_cleaned_1.txt,17 January 2023,DATE,95954,95969,"years ago"". the Guardian. 3 March 2021. Retrieved 17 January 2023. - ^ ""Louvre appoints Laurence des Cars as first "
louvre_cleaned_1.txt,Louvre Appoints Laurence Des Cars,WORK_OF_ART,95976,96009,"an. 3 March 2021. Retrieved 17 January 2023. - ^ ""Louvre appoints Laurence des Cars as first female president"". the Guardian. 26 May "
louvre_cleaned_1.txt,May 2021,DATE,96055,96063,"Cars as first female president"". the Guardian. 26 May 2021. Retrieved 9 December 2022. - ^ Greenberger, Alex"
louvre_cleaned_1.txt,Laurence Des Cars To Become First Woman,ORG,96130,96169,"ember 2022. - ^ Greenberger, Alex (26 May 2021). ""Laurence des Cars to Become First Woman to Direct Louvre"". ARTnews.com. Retrieved 26 Janu"
louvre_cleaned_1.txt,26 January 2023,DATE,96212,96227,"t Woman to Direct Louvre"". ARTnews.com. Retrieved 26 January 2023. - ^ Greenberger, Alex (26 May 2021). ""Laurence d"
louvre_cleaned_1.txt,Artnews,ORG,96326,96333,"des Cars to Become First Woman to Direct Louvre"". ARTnews. Retrieved 16 June 2025. - ^ Fernando da Silva, A"
louvre_cleaned_1.txt,Fernando Da Silva,PERSON,96363,96380,"ect Louvre"". ARTnews. Retrieved 16 June 2025. - ^ Fernando da Silva, Alexandre (8 April 2021). ""O Louvre ao alcance d"
louvre_cleaned_1.txt,Alexandre,PERSON,96382,96391,"s. Retrieved 16 June 2025. - ^ Fernando da Silva, Alexandre (8 April 2021). ""O Louvre ao alcance de todos!"" ["
louvre_cleaned_1.txt,8 April 2021,DATE,96393,96405,"d 16 June 2025. - ^ Fernando da Silva, Alexandre (8 April 2021). ""O Louvre ao alcance de todos!"" [The Louvre wit"
louvre_cleaned_1.txt,25 July 2021,DATE,96534,96546,"ingá (in Portuguese). Jornal O Maringá. Retrieved 25 July 2021. - ^ [1] (in French) FranceInfo Culture, 6 Januar"
louvre_cleaned_1.txt,Franceinfo Culture,ORG,96568,96586,"ingá. Retrieved 25 July 2021. - ^ [1] (in French) FranceInfo Culture, 6 January 2023 - ^ ""France appoints new presiden"
louvre_cleaned_1.txt,6 January 2023,DATE,96588,96602,"uly 2021. - ^ [1] (in French) FranceInfo Culture, 6 January 2023 - ^ ""France appoints new president at Louvre afte"
louvre_cleaned_1.txt,Cna,ORG,96672,96675,"s new president at Louvre after jewellery heist"". CNA. Retrieved 26 February 2026. - ^ Bennet, Oliver ("
louvre_cleaned_1.txt,26 February 2026,DATE,96687,96703," at Louvre after jewellery heist"". CNA. Retrieved 26 February 2026. - ^ Bennet, Oliver (13 December 2023). ""Louvre M"
louvre_cleaned_1.txt,13 December 2023,DATE,96725,96741,". Retrieved 26 February 2026. - ^ Bennet, Oliver (13 December 2023). ""Louvre Museum Implements 30% Ticket Price Incr"
louvre_cleaned_1.txt,Louvre Museum Implements,WORK_OF_ART,96745,96769,"ary 2026. - ^ Bennet, Oliver (13 December 2023). ""Louvre Museum Implements 30% Ticket Price Increase Ahead of Olympics Year"""
louvre_cleaned_1.txt,Ticket Price Increase Ahead Of Olympics Year,ORG,96774,96818,"(13 December 2023). ""Louvre Museum Implements 30% Ticket Price Increase Ahead of Olympics Year"". THESPORTSHEAVEN. Archived from the original on "
louvre_cleaned_1.txt,13 February 2026,DATE,97020,97036,"ve Louvre ticket fraud scheme"". Associated Press. 13 February 2026. Retrieved 13 February 2026. - ^ ""A New, Safe Hom"
louvre_cleaned_1.txt,"A New, Safe Home For The Louvre'S Unseen Treasures",WORK_OF_ART,97071,97121,"3 February 2026. Retrieved 13 February 2026. - ^ ""A New, Safe Home for the Louvre's Unseen Treasures"". The New York Times. 12 February 2021. ISSN 0362"
louvre_cleaned_1.txt,12 February 2021,DATE,97144,97160,"e Louvre's Unseen Treasures"". The New York Times. 12 February 2021. ISSN 0362-4331. Retrieved 17 January 2023. - ^ H"
louvre_cleaned_1.txt,Hélène Brossier,PERSON,97209,97224,"1. ISSN 0362-4331. Retrieved 17 January 2023. - ^ Hélène Brossier (2014). ""Archives des musées nationaux, musée de "
louvre_cleaned_1.txt,Musée De Cluny,PERSON,97265,97279," Brossier (2014). ""Archives des musées nationaux, musée de cluny (Série J) – répertoire numérique n° 20144783"". Fr"
louvre_cleaned_1.txt,French National Archives,ORG,97327,97351,"ny (Série J) – répertoire numérique n° 20144783"". French National Archives. p. 7. - ^ Sophie Jugie (Autumn 2020), ""Alain Erl"
louvre_cleaned_1.txt,Sophie Jugie,ORG,97363,97375,"n° 20144783"". French National Archives. p. 7. - ^ Sophie Jugie (Autumn 2020), ""Alain Erlande-Brandebourg, l'homm"
louvre_cleaned_1.txt,Alain Erlande-Brandebourg,WORK_OF_ART,97392,97417," Archives. p. 7. - ^ Sophie Jugie (Autumn 2020), ""Alain Erlande-Brandebourg, l'homme des cathédrales"", Grande Galerie – le Jo"
louvre_cleaned_1.txt,19 August 2021,DATE,97570,97584,"tes"". Jeu de Paume. Archived from the original on 19 August 2021. Retrieved 19 August 2021. - ^ Valérie Coudin (Su"
louvre_cleaned_1.txt,Valérie Coudin,PERSON,97616,97630," on 19 August 2021. Retrieved 19 August 2021. - ^ Valérie Coudin (Summer 2024), ""Louvre en Avignon, Acte 2 : Renco"
louvre_cleaned_1.txt,Summer 2024,DATE,97632,97643,"21. Retrieved 19 August 2021. - ^ Valérie Coudin (Summer 2024), ""Louvre en Avignon, Acte 2 : Rencontre entre La"
louvre_cleaned_1.txt,Louvre En Avignon,WORK_OF_ART,97647,97664,"9 August 2021. - ^ Valérie Coudin (Summer 2024), ""Louvre en Avignon, Acte 2 : Rencontre entre Laurence des Cars, prés"
louvre_cleaned_1.txt,Cécile Helle,PERSON,97755,97767,"ars, présidente-directrice du musée du Louvre, et Cécile Helle, maire d'Avignon"", Grande Galerie – le Journal du"
louvre_cleaned_1.txt,D'Avignon,ORG,97775,97784,"ctrice du musée du Louvre, et Cécile Helle, maire d'Avignon"", Grande Galerie – le Journal du Louvre, 67: 14 -"
louvre_cleaned_1.txt,De L'Académie Des Inscriptions Et Belles-Lettres,ORG,97940,97988," Louvre à Versailles"". Comptes rendus des séances de l'Académie des Inscriptions et Belles-Lettres. 153 (3): 1127–1152. - ^ Benoît Lafay (17 October"
louvre_cleaned_1.txt,1127–1152,DATE,97999,98008,"émie des Inscriptions et Belles-Lettres. 153 (3): 1127–1152. - ^ Benoît Lafay (17 October 2012). ""La gypsothè"
louvre_cleaned_1.txt,Benoît Lafay,ORG,98014,98026,"ptions et Belles-Lettres. 153 (3): 1127–1152. - ^ Benoît Lafay (17 October 2012). ""La gypsothèque du Louvre rouv"
louvre_cleaned_1.txt,17 October 2012,DATE,98028,98043,"es-Lettres. 153 (3): 1127–1152. - ^ Benoît Lafay (17 October 2012). ""La gypsothèque du Louvre rouvre à Versailles""."
louvre_cleaned_1.txt,Connaissance Des Arts,ORG,98094,98115,". ""La gypsothèque du Louvre rouvre à Versailles"". Connaissance des Arts. - ^ ""The musée national Eugène-Delacroix"". Louvr"
louvre_cleaned_1.txt,Ladepeche.Fr,PERSON,98245,98257,"dévoile son plan de décentralisation culturelle"". LaDepeche.fr. 27 May 2003. - ^ Claire Mesureur (10 January 202"
louvre_cleaned_1.txt,Claire Mesureur,PERSON,98276,98291,"ation culturelle"". LaDepeche.fr. 27 May 2003. - ^ Claire Mesureur (10 January 2020). ""2019 a été un excellent millé"
louvre_cleaned_1.txt,10 January 2020,DATE,98293,98308,". LaDepeche.fr. 27 May 2003. - ^ Claire Mesureur (10 January 2020). ""2019 a été un excellent millésime pour le Louv"
louvre_cleaned_1.txt,France Bleu,PERSON,98399,98410,"r le Louvre-Lens avec plus de 530 000 visiteurs"". France Bleu. - ^ ""The Louvre Abu Dhabi"". Le Louvre. Retrieved"
louvre_cleaned_1.txt,Nbc News,ORG,98521,98529," 2022. - ^ ""Louvre to build branch in Abu Dhabi"". NBC News. 6 March 2007. Retrieved 17 January 2023. - ^ ""Lo"
louvre_cleaned_1.txt,6 March 2007,DATE,98531,98543," ""Louvre to build branch in Abu Dhabi"". NBC News. 6 March 2007. Retrieved 17 January 2023. - ^ ""Louvre Abu Dhabi"
louvre_cleaned_1.txt,Riding,GPE,98649,98655,"liers Jean Nouvel. Retrieved 9 December 2022. - ^ Riding, Alan (6 March 2007). ""The Louvre's Art: Priceles"
louvre_cleaned_1.txt,Alan,PERSON,98657,98661,"an Nouvel. Retrieved 9 December 2022. - ^ Riding, Alan (6 March 2007). ""The Louvre's Art: Priceless. The"
louvre_cleaned_1.txt,The Louvre'S Art: Priceless,WORK_OF_ART,98679,98706," December 2022. - ^ Riding, Alan (6 March 2007). ""The Louvre's Art: Priceless. The Louvre's Name: Expensive"". The New York Time"
louvre_cleaned_1.txt,"Savoy, Bénédicte (2003",GPE,98788,98810," The New York Times. Retrieved 24 April 2008. - ^ Savoy, Bénédicte (2003). Patrimoine annexé. Les biens culturel saisis pa"
louvre_cleaned_1.txt,Patrimoine,PERSON,98813,98823,"ieved 24 April 2008. - ^ Savoy, Bénédicte (2003). Patrimoine annexé. Les biens culturel saisis par la France e"
louvre_cleaned_1.txt,Les,PERSON,98832,98835,". - ^ Savoy, Bénédicte (2003). Patrimoine annexé. Les biens culturel saisis par la France en Allemagne "
louvre_cleaned_1.txt,Allemagne,GPE,98875,98884,nnexé. Les biens culturel saisis par la France en Allemagne autour de 1800 (in French). Paris: Éditions de la
louvre_cleaned_1.txt,Éditions De La Maison Des Sciences De L’Homme,ORG,98920,98965,"e en Allemagne autour de 1800 (in French). Paris: Éditions de la Maison des Sciences de l’homme. ISBN 978-2-7351-0988-3. - ^ ""Napoleon plundered "
louvre_cleaned_1.txt,Napoleon Plundered Europe'S,WORK_OF_ART,98996,99023,"Sciences de l’homme. ISBN 978-2-7351-0988-3. - ^ ""Napoleon plundered Europe's art to bring prestige home to France"". Christian "
louvre_cleaned_1.txt,Christian Science Monitor,PERSON,99063,99088,"d Europe's art to bring prestige home to France"". Christian Science Monitor. ISSN 0882-7729. Retrieved 15 May 2024. - ^ Ridin"
louvre_cleaned_1.txt,0882-7729,DATE,99095,99104," home to France"". Christian Science Monitor. ISSN 0882-7729. Retrieved 15 May 2024. - ^ Riding, Alan (25 Octo"
louvre_cleaned_1.txt,15 May 2024,DATE,99116,99127,"istian Science Monitor. ISSN 0882-7729. Retrieved 15 May 2024. - ^ Riding, Alan (25 October 1994). ""Art Looted "
louvre_cleaned_1.txt,25 October 1994,DATE,99147,99162,"82-7729. Retrieved 15 May 2024. - ^ Riding, Alan (25 October 1994). ""Art Looted by Nazis Goes on Show in Paris, See"
louvre_cleaned_1.txt,Art Looted,WORK_OF_ART,99166,99176,"15 May 2024. - ^ Riding, Alan (25 October 1994). ""Art Looted by Nazis Goes on Show in Paris, Seeking Its Owner"
louvre_cleaned_1.txt,The Louvre Abu Dhabi'S,WORK_OF_ART,99294,99316,"imes. ISSN 0362-4331. Retrieved 15 May 2024. - ^ ""The Louvre Abu Dhabi's Unlovely Back Story | Human Rights Watch"". 8 Nove"
louvre_cleaned_1.txt,Unlovely Back Story,ORG,99317,99336,"etrieved 15 May 2024. - ^ ""The Louvre Abu Dhabi's Unlovely Back Story | Human Rights Watch"". 8 November 2017. Retrieved"
louvre_cleaned_1.txt,8 November 2017,DATE,99360,99375,"habi's Unlovely Back Story | Human Rights Watch"". 8 November 2017. Retrieved 15 May 2024. - ^ Merryman, abstract - "
louvre_cleaned_1.txt,Merryman,PERSON,99404,99412,"tch"". 8 November 2017. Retrieved 15 May 2024. - ^ Merryman, abstract - ^ ""Le Louvre se dit ""satisfait"" de la"
louvre_cleaned_1.txt,"Satisfait"" De La Restitution Des Fresques",WORK_OF_ART,99446,99487,"24. - ^ Merryman, abstract - ^ ""Le Louvre se dit ""satisfait"" de la restitution des fresques égyptiennes Culture"". Tempsreel.nouvelobs.com. 9 "
louvre_cleaned_1.txt,9 October 2009,DATE,99535,99549,"es égyptiennes Culture"". Tempsreel.nouvelobs.com. 9 October 2009. Retrieved 21 August 2011. - ^ Breeden, Aurelien "
louvre_cleaned_1.txt,Breeden,PERSON,99581,99588,"om. 9 October 2009. Retrieved 21 August 2011. - ^ Breeden, Aurelien (8 February 2018). ""Art Looted by Nazis"
louvre_cleaned_1.txt,Aurelien,PERSON,99590,99598,"ober 2009. Retrieved 21 August 2011. - ^ Breeden, Aurelien (8 February 2018). ""Art Looted by Nazis Gets a Ne"
louvre_cleaned_1.txt,8 February 2018,DATE,99600,99615," Retrieved 21 August 2011. - ^ Breeden, Aurelien (8 February 2018). ""Art Looted by Nazis Gets a New Space at the Lo"
louvre_cleaned_1.txt,Mnr,ORG,99790,99793,"d 9 December 2022. - ^ National Museums Recovery, MNR works at the musée du Louvre, website louvre.fr. "
louvre_cleaned_1.txt,National Museum Recovery,ORG,100034,100058," 50, 60, 69"" (PDF). Retrieved 21 August 2011. - ^ National Museum Recovery, MNR works at the musée du Louvre, website collec"
louvre_cleaned_1.txt,Rickman,PERSON,100129,100136,"sée du Louvre, website collections.louvre.fr. - ^ Rickman, p. 294 - ^ Nicolai Ouroussoff (16 March 2011). """
louvre_cleaned_1.txt,Nicolai Ouroussoff,PERSON,100149,100167,"te collections.louvre.fr. - ^ Rickman, p. 294 - ^ Nicolai Ouroussoff (16 March 2011). ""Abu Dhabi Guggenheim Faces Prot"
louvre_cleaned_1.txt,16 March 2011,DATE,100169,100182,"e.fr. - ^ Rickman, p. 294 - ^ Nicolai Ouroussoff (16 March 2011). ""Abu Dhabi Guggenheim Faces Protest"". The New Y"
louvre_cleaned_1.txt,Abu Dhabi Guggenheim Faces Protest,ORG,100186,100220,", p. 294 - ^ Nicolai Ouroussoff (16 March 2011). ""Abu Dhabi Guggenheim Faces Protest"". The New York Times. Archived from the original "
louvre_cleaned_1.txt,3 January 2022,DATE,100273,100287,"The New York Times. Archived from the original on 3 January 2022. Retrieved 21 October 2011. - ^ ""Artists urge Gug"
louvre_cleaned_1.txt,21 October 2011,DATE,100299,100314,"ed from the original on 3 January 2022. Retrieved 21 October 2011. - ^ ""Artists urge Guggenheim boycott"". Al Jazeer"
louvre_cleaned_1.txt,Al Jazeera,ORG,100355,100365,"ober 2011. - ^ ""Artists urge Guggenheim boycott"". Al Jazeera. 3 April 2011. - ^ a b c Fixsen, Anna. :What Is F"
louvre_cleaned_1.txt,3 April 2011,DATE,100367,100379," ^ ""Artists urge Guggenheim boycott"". Al Jazeera. 3 April 2011. - ^ a b c Fixsen, Anna. :What Is Frank Gehry Doi"
louvre_cleaned_1.txt,Anna,PERSON,100399,100403,"ott"". Al Jazeera. 3 April 2011. - ^ a b c Fixsen, Anna. :What Is Frank Gehry Doing About Labor Condition"
louvre_cleaned_1.txt,Joint Statement On Workers' Rights,WORK_OF_ART,100516,100550,"i?"", Architectural Record, 25 September 2014 - ^ ""Joint Statement on Workers' Rights"". Solomon R. Guggenheim Foundation. 22 September "
louvre_cleaned_1.txt,Solomon R. Guggenheim Foundation,PERSON,100553,100585,"er 2014 - ^ ""Joint Statement on Workers' Rights"". Solomon R. Guggenheim Foundation. 22 September 2010. Archived from the original on"
louvre_cleaned_1.txt,22 September 2010,DATE,100587,100604,"rkers' Rights"". Solomon R. Guggenheim Foundation. 22 September 2010. Archived from the original on 3 July 2014. Retri"
louvre_cleaned_1.txt,3 July 2014,DATE,100636,100647," 22 September 2010. Archived from the original on 3 July 2014. Retrieved 8 October 2014. - ^ Carrick, Glenn and"
louvre_cleaned_1.txt,8 October 2014,DATE,100659,100673,"hived from the original on 3 July 2014. Retrieved 8 October 2014. - ^ Carrick, Glenn and David Batty. ""In Abu Dhab"
louvre_cleaned_1.txt,Carrick,PERSON,100679,100686,"nal on 3 July 2014. Retrieved 8 October 2014. - ^ Carrick, Glenn and David Batty. ""In Abu Dhabi, they call "
louvre_cleaned_1.txt,Glenn,PERSON,100688,100693,"July 2014. Retrieved 8 October 2014. - ^ Carrick, Glenn and David Batty. ""In Abu Dhabi, they call it Happ"
louvre_cleaned_1.txt,David Batty,PERSON,100698,100709," Retrieved 8 October 2014. - ^ Carrick, Glenn and David Batty. ""In Abu Dhabi, they call it Happiness Island. Bu"
louvre_cleaned_1.txt,22 December 2013,DATE,100826,100842," workers, it is a place of misery"", The Observer, 22 December 2013, accessed 30 June 2014; Batty, David. ""Conditions"
louvre_cleaned_1.txt,30 June 2014,DATE,100853,100865,"misery"", The Observer, 22 December 2013, accessed 30 June 2014; Batty, David. ""Conditions for Abu Dhabi's migran"
louvre_cleaned_1.txt,Batty,GPE,100867,100872,"bserver, 22 December 2013, accessed 30 June 2014; Batty, David. ""Conditions for Abu Dhabi's migrant worke"
louvre_cleaned_1.txt,David,PERSON,100874,100879,", 22 December 2013, accessed 30 June 2014; Batty, David. ""Conditions for Abu Dhabi's migrant workers 'sha"
louvre_cleaned_1.txt,1 December 2014,DATE,100985,101000," west'"", The Observer, 22 December 2013, accessed 1 December 2014; Batty, David. ""Campaigners criticise UAE for fai"
louvre_cleaned_1.txt,Uae,ORG,101039,101042,"cember 2014; Batty, David. ""Campaigners criticise UAE for failing to tackle exploitation of migrant wor"
louvre_cleaned_1.txt,June 2014,DATE,101143,101152,"ers"", The Observer, 22 December 2013, accessed 30 June 2014 - ^ Rosenbaum, Lee. ""Guardian Exposé: Substandard"
louvre_cleaned_1.txt,Rosenbaum,ORG,101157,101166,"rver, 22 December 2013, accessed 30 June 2014 - ^ Rosenbaum, Lee. ""Guardian Exposé: Substandard Conditions Re"
louvre_cleaned_1.txt,Lee,PERSON,101168,101171,"cember 2013, accessed 30 June 2014 - ^ Rosenbaum, Lee. ""Guardian Exposé: Substandard Conditions Reporte"
louvre_cleaned_1.txt,Guardian Exposé: Substandard Conditions Reportedly Persist,WORK_OF_ART,101174,101232," 2013, accessed 30 June 2014 - ^ Rosenbaum, Lee. ""Guardian Exposé: Substandard Conditions Reportedly Persist for Some Abu Dhabi Construction Workers (plus Gug"
louvre_cleaned_1.txt,Some Abu Dhabi Construction Workers,ORG,101237,101272,"sé: Substandard Conditions Reportedly Persist for Some Abu Dhabi Construction Workers (plus Guggenheim's, TDIC's reactions) updated"", C"
louvre_cleaned_1.txt,Guggenheim,ORG,101279,101289,"ist for Some Abu Dhabi Construction Workers (plus Guggenheim's, TDIC's reactions) updated"", CultureGrrl, ArtsJ"
louvre_cleaned_1.txt,Culturegrrl,ORG,101321,101332,"s (plus Guggenheim's, TDIC's reactions) updated"", CultureGrrl, ArtsJournal.com, 24 December 2013 - ^ Rosenbaum,"
louvre_cleaned_1.txt,Artsjournal.Com,ORG,101334,101349,"nheim's, TDIC's reactions) updated"", CultureGrrl, ArtsJournal.com, 24 December 2013 - ^ Rosenbaum, Lee. ""'Satellite"
louvre_cleaned_1.txt,24 December 2013,DATE,101351,101367,"eactions) updated"", CultureGrrl, ArtsJournal.com, 24 December 2013 - ^ Rosenbaum, Lee. ""'Satellite Museums' Panel: M"
louvre_cleaned_1.txt,'Satellite Museums' Panel: My Interchange,WORK_OF_ART,101389,101430,"ournal.com, 24 December 2013 - ^ Rosenbaum, Lee. ""'Satellite Museums' Panel: My Interchange with Guggenheim's Richard Armstrong on Abu Dhabi "
louvre_cleaned_1.txt,Abu Dhabi Human-Rights Concerns,ORG,101470,101501,"nterchange with Guggenheim's Richard Armstrong on Abu Dhabi Human-Rights Concerns"", CultureGrrl, ArtsJournal.com, 24 April 2014 - ^"
louvre_cleaned_1.txt,24 April 2014,DATE,101534,101547,"n-Rights Concerns"", CultureGrrl, ArtsJournal.com, 24 April 2014 - ^ Kaminer, Ariel and Sean O'Driscoll. ""Workers "
louvre_cleaned_1.txt,Ariel,PERSON,101561,101566,"Grrl, ArtsJournal.com, 24 April 2014 - ^ Kaminer, Ariel and Sean O'Driscoll. ""Workers at N.Y.U.'s Abu Dha"
louvre_cleaned_1.txt,Sean O'Driscoll,PERSON,101571,101586,"Journal.com, 24 April 2014 - ^ Kaminer, Ariel and Sean O'Driscoll. ""Workers at N.Y.U.'s Abu Dhabi Site Faced Harsh "
louvre_cleaned_1.txt,N.Y.U.,ORG,101600,101606,"^ Kaminer, Ariel and Sean O'Driscoll. ""Workers at N.Y.U.'s Abu Dhabi Site Faced Harsh Conditions"", The New"
louvre_cleaned_1.txt,Abu Dhabi Site Faced Harsh Conditions,ORG,101609,101646,", Ariel and Sean O'Driscoll. ""Workers at N.Y.U.'s Abu Dhabi Site Faced Harsh Conditions"", The New York Times, 18 May 2014 - ^ Rosenbaum, "
louvre_cleaned_1.txt,18 May 2014,DATE,101669,101680,"Site Faced Harsh Conditions"", The New York Times, 18 May 2014 - ^ Rosenbaum, Lee. ""Guggenheim Abu Dhabi Still S"
louvre_cleaned_1.txt,Guggenheim Abu Dhabi,PERSON,101702,101722," New York Times, 18 May 2014 - ^ Rosenbaum, Lee. ""Guggenheim Abu Dhabi Still Stalled, as Monitoring Report Is Issued on "
louvre_cleaned_1.txt,Monitoring Report Is,ORG,101741,101761,"aum, Lee. ""Guggenheim Abu Dhabi Still Stalled, as Monitoring Report Is Issued on Saadiyat Island Labor Conditions"", Cult"
louvre_cleaned_1.txt,Saadiyat Island Labor Conditions,ORG,101772,101804," Still Stalled, as Monitoring Report Is Issued on Saadiyat Island Labor Conditions"", CultureGrrl, ArtsJournal.com, 4 February 2016 W"
louvre_cleaned_1.txt,February 2016,DATE,101839,101852,"abor Conditions"", CultureGrrl, ArtsJournal.com, 4 February 2016 Works cited [edit]- Alderson, William T.; Alexand"
louvre_cleaned_1.txt,Edit]- Alderson,PERSON,101866,101881,"rl, ArtsJournal.com, 4 February 2016 Works cited [edit]- Alderson, William T.; Alexander, Edward (1996). Museums in"
louvre_cleaned_1.txt,William T.,PERSON,101883,101893,"om, 4 February 2016 Works cited [edit]- Alderson, William T.; Alexander, Edward (1996). Museums in motion: an "
louvre_cleaned_1.txt,Alexander,PERSON,101895,101904,"ry 2016 Works cited [edit]- Alderson, William T.; Alexander, Edward (1996). Museums in motion: an introductio"
louvre_cleaned_1.txt,Edward,PERSON,101906,101912,"ks cited [edit]- Alderson, William T.; Alexander, Edward (1996). Museums in motion: an introduction to the"
louvre_cleaned_1.txt,Walnut Creek,GPE,101997,102009,"oduction to the history and functions of museums. Walnut Creek, CA: Published in cooperation with the American A"
louvre_cleaned_1.txt,The American Association For State And Local History,ORG,102045,102097,". Walnut Creek, CA: Published in cooperation with the American Association for State and Local History [by] AltaMira Press. ISBN 0-7619-9155-7. OCLC 339"
louvre_cleaned_1.txt,] Altamira Press,ORG,102101,102117,"erican Association for State and Local History [by] AltaMira Press. ISBN 0-7619-9155-7. OCLC 33983419. - Ahlund, Mik"
louvre_cleaned_1.txt,Mikael,PERSON,102164,102170,"ess. ISBN 0-7619-9155-7. OCLC 33983419. - Ahlund, Mikael (2000). Islamic art collections: an international"
louvre_cleaned_1.txt,Richmond,GPE,102229,102237,"Islamic art collections: an international survey. Richmond, Surrey, England: Curzon. ISBN 0-7007-1153-8. OCL"
louvre_cleaned_1.txt,Surrey,PERSON,102239,102245,"t collections: an international survey. Richmond, Surrey, England: Curzon. ISBN 0-7007-1153-8. OCLC 237132"
louvre_cleaned_1.txt,England,GPE,102247,102254,"tions: an international survey. Richmond, Surrey, England: Curzon. ISBN 0-7007-1153-8. OCLC 237132457. - Bi"
louvre_cleaned_1.txt,0-7007-1153-8,DATE,102269,102282,"l survey. Richmond, Surrey, England: Curzon. ISBN 0-7007-1153-8. OCLC 237132457. - Bierman, Irene A (2003). Napol"
louvre_cleaned_1.txt,Ithaca Press,ORG,102346,102358,"57. - Bierman, Irene A (2003). Napoleon in Egypt. Ithaca Press. ISBN 0-86372-299-7. - Bowkett, Stephen; Porter, "
louvre_cleaned_1.txt,Stephen,GPE,102391,102398,"ypt. Ithaca Press. ISBN 0-86372-299-7. - Bowkett, Stephen; Porter, Tom (2004). Archispeak: an illustrated g"
louvre_cleaned_1.txt,Porter,PERSON,102400,102406,"ca Press. ISBN 0-86372-299-7. - Bowkett, Stephen; Porter, Tom (2004). Archispeak: an illustrated guide to "
louvre_cleaned_1.txt,Bettina,PERSON,102567,102574,"OCLC 123339639.[permanent dead link] - Carbonell, Bettina (2004). Museum Studies: An Anthology of Contexts."
louvre_cleaned_1.txt,Blackwell Pub,PERSON,102625,102638,(2004). Museum Studies: An Anthology of Contexts. Blackwell Pub. ISBN 978-0-631-22825-7. OCLC 52358814. - Edwards
louvre_cleaned_1.txt,Henry Sutherland,PERSON,102690,102706,"ISBN 978-0-631-22825-7. OCLC 52358814. - Edwards, Henry Sutherland (1893). Old and New Paris: Its History, Its Peopl"
louvre_cleaned_1.txt,1893,DATE,102708,102712,"25-7. OCLC 52358814. - Edwards, Henry Sutherland (1893). Old and New Paris: Its History, Its People, and"
louvre_cleaned_1.txt,New Paris,GPE,102723,102732,"8814. - Edwards, Henry Sutherland (1893). Old and New Paris: Its History, Its People, and Its Places. Paris: "
louvre_cleaned_1.txt,Cassell And Co.,ORG,102782,102797,": Its History, Its People, and Its Places. Paris: Cassell and Co. p. 194. Retrieved 30 April 2008. history of the w"
louvre_cleaned_1.txt,1965,DATE,102875,102879,"2008. history of the word louvre. - Gould, Cecil (1965). Trophy of Conquest: The Musee Napoleon and the "
louvre_cleaned_1.txt,Trophy,PERSON,102882,102888,"istory of the word louvre. - Gould, Cecil (1965). Trophy of Conquest: The Musee Napoleon and the Creation "
louvre_cleaned_1.txt,The Musee Napoleon,ORG,102902,102920,"ouvre. - Gould, Cecil (1965). Trophy of Conquest: The Musee Napoleon and the Creation of the Louvre. Faber & Faber. - "
louvre_cleaned_1.txt,The Creation Of The Louvre,ORG,102925,102951,"1965). Trophy of Conquest: The Musee Napoleon and the Creation of the Louvre. Faber & Faber. - Hannan, Bill and Lorna (2004). "
louvre_cleaned_1.txt,Faber & Faber,ORG,102953,102966,"he Musee Napoleon and the Creation of the Louvre. Faber & Faber. - Hannan, Bill and Lorna (2004). Art for Travell"
louvre_cleaned_1.txt,Bill,PERSON,102978,102982," Creation of the Louvre. Faber & Faber. - Hannan, Bill and Lorna (2004). Art for Travellers: France. Nor"
louvre_cleaned_1.txt,Lorna,PERSON,102987,102992," of the Louvre. Faber & Faber. - Hannan, Bill and Lorna (2004). Art for Travellers: France. Northampton, "
louvre_cleaned_1.txt,Northampton,GPE,103029,103040,"ill and Lorna (2004). Art for Travellers: France. Northampton, MA: Interlink Books. ISBN 1-56656-509-X. OCLC 51"
louvre_cleaned_1.txt,Ma: Interlink Books,ORG,103042,103061," (2004). Art for Travellers: France. Northampton, MA: Interlink Books. ISBN 1-56656-509-X. OCLC 51336501. - Lasko, Pete"
louvre_cleaned_1.txt,Sacra,PERSON,103125,103130,"-509-X. OCLC 51336501. - Lasko, Peter (1995). Ars Sacra, 800–1200. Yale University Press. ISBN 978-0-300-"
louvre_cleaned_1.txt,Yale University Press,ORG,103142,103163,"6501. - Lasko, Peter (1995). Ars Sacra, 800–1200. Yale University Press. ISBN 978-0-300-06048-5. OCLC 231858991. - McClel"
louvre_cleaned_1.txt,231858991,DATE,103194,103203,"le University Press. ISBN 978-0-300-06048-5. OCLC 231858991. - McClellan, Andrew (1999). Inventing the Louvre"
louvre_cleaned_1.txt,Andrew,PERSON,103218,103224,"N 978-0-300-06048-5. OCLC 231858991. - McClellan, Andrew (1999). Inventing the Louvre: Art, Politics, and "
louvre_cleaned_1.txt,The Modern Museum,ORG,103289,103306,"ing the Louvre: Art, Politics, and the Origins of the Modern Museum.... Berkeley: University of California Press. ISB"
louvre_cleaned_1.txt,Berkeley: University Of California Press,ORG,103311,103351,"olitics, and the Origins of the Modern Museum.... Berkeley: University of California Press. ISBN 0-520-22176-1. OCLC 40830142. inventing the"
louvre_cleaned_1.txt,40830142,DATE,103378,103386,ity of California Press. ISBN 0-520-22176-1. OCLC 40830142. inventing the louvre luxembourg gallery. - Merry
louvre_cleaned_1.txt,Luxembourg Gallery,PERSON,103409,103427,"-520-22176-1. OCLC 40830142. inventing the louvre luxembourg gallery. - Merryman, John Henry (2006). Imperialism, art "
louvre_cleaned_1.txt,John Henry,PERSON,103441,103451,"enting the louvre luxembourg gallery. - Merryman, John Henry (2006). Imperialism, art and restitution. Cambrid"
louvre_cleaned_1.txt,Cambridge University Press,ORG,103505,103531,"06). Imperialism, art and restitution. Cambridge: Cambridge University Press. ISBN 0-521-85929-8. OCLC 183928459. - Mroue, Haa"
louvre_cleaned_1.txt,Haas,ORG,103578,103582,"ess. ISBN 0-521-85929-8. OCLC 183928459. - Mroue, Haas (2003). Frommer's Paris from $90 a Day. Frommer's"
louvre_cleaned_1.txt,Frommer,PERSON,103591,103598,"21-85929-8. OCLC 183928459. - Mroue, Haas (2003). Frommer's Paris from $90 a Day. Frommer's. ISBN 0-7645-58"
louvre_cleaned_1.txt,229256386,DATE,103659,103668,"om $90 a Day. Frommer's. ISBN 0-7645-5806-4. OCLC 229256386. - Miltoun, Francis (1910). Royal Palaces and Par"
louvre_cleaned_1.txt,1910,DATE,103690,103694,"-7645-5806-4. OCLC 229256386. - Miltoun, Francis (1910). Royal Palaces and Parks of France. L.C. Page & "
louvre_cleaned_1.txt,Royal Palaces,ORG,103697,103710,"806-4. OCLC 229256386. - Miltoun, Francis (1910). Royal Palaces and Parks of France. L.C. Page & Co. ISBN 9781465"
louvre_cleaned_1.txt,Parks,PERSON,103715,103720,"386. - Miltoun, Francis (1910). Royal Palaces and Parks of France. L.C. Page & Co. ISBN 9781465544346. {{"
louvre_cleaned_1.txt,L.C. Page & Co.,ORG,103732,103747,rancis (1910). Royal Palaces and Parks of France. L.C. Page & Co. ISBN 9781465544346. {{cite book}} : ISBN / Date i
louvre_cleaned_1.txt,9781465544346,DATE,103753,103766,Palaces and Parks of France. L.C. Page & Co. ISBN 9781465544346. {{cite book}} : ISBN / Date incompatibility (hel
louvre_cleaned_1.txt,Martin,PERSON,103827,103833,"ok}} : ISBN / Date incompatibility (help) - Lunn, Martin (2004). Da Vinci code Decoded. New York: Disinfor"
louvre_cleaned_1.txt,Decoded,GPE,103856,103863,"ility (help) - Lunn, Martin (2004). Da Vinci code Decoded. New York: Disinformation. ISBN 0-9729529-7-7. OC"
louvre_cleaned_1.txt,Barnes & Noble Publishing,ORG,103974,103999,"5. - Nave, Alain (1998). Treasures of the Louvre. Barnes & Noble Publishing. ISBN 0-7607-1067-8. OCLC 40334510. - Nora, Pierr"
louvre_cleaned_1.txt,0-7607-1067-8,DATE,104006,104019,"es of the Louvre. Barnes & Noble Publishing. ISBN 0-7607-1067-8. OCLC 40334510. - Nora, Pierre; Lawrence D. Kritz"
louvre_cleaned_1.txt,Lawrence D. Kritzman,PERSON,104052,104072,"SBN 0-7607-1067-8. OCLC 40334510. - Nora, Pierre; Lawrence D. Kritzman (1996). Realms of Memory. New York: Columbia Univ"
louvre_cleaned_1.txt,Columbia University Press,ORG,104109,104134,e D. Kritzman (1996). Realms of Memory. New York: Columbia University Press. ISBN 978-0-231-10926-0. OCLC 234041248. - Oliver
louvre_cleaned_1.txt,- Oliver,PERSON,104176,104184,"ty Press. ISBN 978-0-231-10926-0. OCLC 234041248. - Oliver, Bette Wyn (2007). From Royal to National: The Lo"
louvre_cleaned_1.txt,Bette Wyn,PERSON,104186,104195,"ISBN 978-0-231-10926-0. OCLC 234041248. - Oliver, Bette Wyn (2007). From Royal to National: The Louvre Museum"
louvre_cleaned_1.txt,The Bibliothèque Nationale,ORG,104250,104276,7). From Royal to National: The Louvre Museum and the Bibliothèque Nationale. Lexington Books. ISBN 978-0-7391-1861-0. OCLC 70
louvre_cleaned_1.txt,Lexington Books,PERSON,104278,104293,"The Louvre Museum and the Bibliothèque Nationale. Lexington Books. ISBN 978-0-7391-1861-0. OCLC 70883061. - Plant, "
louvre_cleaned_1.txt,Margaret,PERSON,104343,104351,". ISBN 978-0-7391-1861-0. OCLC 70883061. - Plant, Margaret (2002). Venice Fragile City. Yale University Pres"
louvre_cleaned_1.txt,Venice Fragile City,ORG,104360,104379,"-1861-0. OCLC 70883061. - Plant, Margaret (2002). Venice Fragile City. Yale University Press. ISBN 978-0-300-08386-6. V"
louvre_cleaned_1.txt,Jeremy D,PERSON,104459,104467,"978-0-300-08386-6. Venice Fragile City. - Popkin, Jeremy D (2015). A Short History of the French Revolution "
louvre_cleaned_1.txt,2015,DATE,104469,104473,"08386-6. Venice Fragile City. - Popkin, Jeremy D (2015). A Short History of the French Revolution (6th e"
louvre_cleaned_1.txt,Gregg,PERSON,104586,104591,"versity Press. ISBN 978-0-205-96845-9. - Rickman, Gregg (1999). Swiss Banks and Jewish Souls. Transaction"
louvre_cleaned_1.txt,Swiss Banks,ORG,104600,104611," ISBN 978-0-205-96845-9. - Rickman, Gregg (1999). Swiss Banks and Jewish Souls. Transaction Publishers. ISBN 1-"
louvre_cleaned_1.txt,Elizabeth A.,PERSON,104699,104711,"ers. ISBN 1-56000-426-6. OCLC 40698624. - Rogers, Elizabeth A. (2001). Landscape design: a cultural and architec"
louvre_cleaned_1.txt,Harry N. Abrams,PERSON,104786,104801,: a cultural and architectural history. New York: Harry N. Abrams. ISBN 0-8109-4253-4. OCLC 186087857. results tuil
louvre_cleaned_1.txt,186087857,DATE,104828,104837,"w York: Harry N. Abrams. ISBN 0-8109-4253-4. OCLC 186087857. results tuileries fire louvre axis. - Savoy, Bén"
louvre_cleaned_1.txt,Paul,PERSON,105081,105085," de l’homme. ISBN 978-2-7351-0988-3. - Strathern, Paul (2009). Napoleon in Egypt. Bantam. ISBN 978-0-553"
louvre_cleaned_1.txt,Bantam,PERSON,105113,105119,"8-3. - Strathern, Paul (2009). Napoleon in Egypt. Bantam. ISBN 978-0-553-38524-3. OCLC 299706472. - Sturdy"
louvre_cleaned_1.txt,Woodbridge,PERSON,105264,105274,"e members of the Académie des sciences 1666–1750. Woodbridge, Suffolk: Boydell Press. ISBN 0-85115-395-X. OCLC"
louvre_cleaned_1.txt,Suffolk,PERSON,105276,105283," the Académie des sciences 1666–1750. Woodbridge, Suffolk: Boydell Press. ISBN 0-85115-395-X. OCLC 18547700"
louvre_cleaned_1.txt,Boydell Press,ORG,105285,105298,"émie des sciences 1666–1750. Woodbridge, Suffolk: Boydell Press. ISBN 0-85115-395-X. OCLC 185477008. External lin"
louvre_cleaned_1.txt,Edit]- Louvre - 1793,ORG,105352,105372,BN 0-85115-395-X. OCLC 185477008. External links [edit]- Louvre - 1793 establishments in France - Archaeological museums
louvre_cleaned_1.txt,1790S,DATE,105531,105536,rt - Art museums and galleries established in the 1790s - Museums established in 1793 - Egyptological col
louvre_cleaned_1.txt,France - Order Of Arts And Letters Of Spain,ORG,105802,105845,s of ancient Rome in France - National museums of France - Order of Arts and Letters of Spain recipients
louvre_cleaned_4.txt,Samothrace - Wikipedia,ORG,29,51,--- title: Winged Victory of Samothrace - Wikipedia author: Authority control databases International
louvre_cleaned_4.txt,International Viaf Gnd National,ORG,88,119,e - Wikipedia author: Authority control databases International VIAF GND National United States France BnF data Other IdRef url: ht
louvre_cleaned_4.txt,France,GPE,134,140,ses International VIAF GND National United States France BnF data Other IdRef url: https://en.wikipedia.or
louvre_cleaned_4.txt,Bnf,ORG,141,144,ernational VIAF GND National United States France BnF data Other IdRef url: https://en.wikipedia.org/wi
louvre_cleaned_4.txt,"Wikimedia Foundation, Inc.",ORG,260,286,"y_of_Samothrace hostname: wikipedia.org sitename: Wikimedia Foundation, Inc. date: 2003-10-17 --- Winged Victory of Samothrace"
louvre_cleaned_4.txt,2003-10-17,DATE,293,303,"ia.org sitename: Wikimedia Foundation, Inc. date: 2003-10-17 --- Winged Victory of Samothrace | The Winged Vic"
louvre_cleaned_4.txt,Samothrace The Winged Nike The Nike Of Samothrace Victoire De Samothrace,ORG,361,433,ged Victory of Samothrace | The Winged Victory of Samothrace The Winged Nike The Nike of Samothrace Victoire de Samothrace | | |---|---| | Year | c. 200–190 BC[1] | | Type 
louvre_cleaned_4.txt,Dimensions,ORG,503,513,"r | c. 200–190 BC[1] | | Type | Parian marble | | Dimensions | 244 cm (96 in) | | Location | Louvre, Paris | T"
louvre_cleaned_4.txt,Location,ORG,535,543,"Parian marble | | Dimensions | 244 cm (96 in) | | Location | Louvre, Paris | The Winged Victory of Samothrac"
louvre_cleaned_4.txt,Paris,GPE,554,559,"imensions | 244 cm (96 in) | | Location | Louvre, Paris | The Winged Victory of Samothrace, or the Niké o"
louvre_cleaned_4.txt,The Winged Victory Of Samothrace,WORK_OF_ART,562,594,"s | 244 cm (96 in) | | Location | Louvre, Paris | The Winged Victory of Samothrace, or the Niké of Samothrace,[2] is a votive monume"
louvre_cleaned_4.txt,Samothrace,GPE,686,696,e monument originally discovered on the island of Samothrace in the northeastern Aegean Sea. It is a masterpie
louvre_cleaned_4.txt,The Beginning Of The 2Nd Century,DATE,806,838,"k sculpture from the Hellenistic era, dating from the beginning of the 2nd century BC (190 BC). It is composed of a statue represent"
louvre_cleaned_4.txt,Bc,ORG,839,841,"era, dating from the beginning of the 2nd century BC (190 BC). It is composed of a statue representing"
louvre_cleaned_4.txt,Louvre,PERSON,1289,1295," copies. Winged Victory has been exhibited at the Louvre in Paris, at the top of the main staircase, since"
louvre_cleaned_4.txt,Greece,GPE,1355,1361," at the top of the main staircase, since 1884.[3] Greece is seeking the return of the sculpture.[4] Discov"
louvre_cleaned_4.txt,The 19Th Century,DATE,1441,1457,"sculpture.[4] Discovery and restorations [edit]In the 19th century [edit]In 1863, Charles Champoiseau (1830–1909), a"
louvre_cleaned_4.txt,Edit]In 1863,DATE,1459,1471,"overy and restorations [edit]In the 19th century [edit]In 1863, Charles Champoiseau (1830–1909), acting chief of"
louvre_cleaned_4.txt,Charles Champoiseau,PERSON,1473,1492,"orations [edit]In the 19th century [edit]In 1863, Charles Champoiseau (1830–1909), acting chief of the Consulate of Fra"
louvre_cleaned_4.txt,The Consulate Of France,ORG,1522,1545," Charles Champoiseau (1830–1909), acting chief of the Consulate of France in Adrianopolis (now Edirne in Turkey), undertook"
louvre_cleaned_4.txt,Adrianopolis,GPE,1549,1561,"1909), acting chief of the Consulate of France in Adrianopolis (now Edirne in Turkey), undertook from March 6 to"
louvre_cleaned_4.txt,Edirne,PERSON,1567,1573,"f of the Consulate of France in Adrianopolis (now Edirne in Turkey), undertook from March 6 to May 7 the e"
louvre_cleaned_4.txt,Turkey,GPE,1577,1583,"onsulate of France in Adrianopolis (now Edirne in Turkey), undertook from March 6 to May 7 the exploration"
louvre_cleaned_4.txt,March 6 To May 7,DATE,1601,1617,"rianopolis (now Edirne in Turkey), undertook from March 6 to May 7 the exploration of the ruins of the sanctuary of "
louvre_cleaned_4.txt,"April 13, 1863",DATE,1714,1728,"of the Great Gods on the island of Samothrace. On April 13, 1863, he discovered part of the bust and the body of a"
louvre_cleaned_4.txt,The Louvre Museum,ORG,2190,2207,"6] He decided to send the statue and fragments to the Louvre Museum, and to leave the large blocks of grey marble on "
louvre_cleaned_4.txt,The Beginning Of May 1863,DATE,2287,2312,"s of grey marble on site. Departing Samothrace at the beginning of May 1863, the statue arrived in Toulon at the end of Augus"
louvre_cleaned_4.txt,Toulon,ORG,2336,2342," the beginning of May 1863, the statue arrived in Toulon at the end of August and in Paris on May 11, 1864"
louvre_cleaned_4.txt,The End Of August,DATE,2346,2363,"ning of May 1863, the statue arrived in Toulon at the end of August and in Paris on May 11, 1864.[7] A first restorat"
louvre_cleaned_4.txt,May 11,DATE,2380,2386,"ed in Toulon at the end of August and in Paris on May 11, 1864.[7] A first restoration was undertaken by A"
louvre_cleaned_4.txt,Adrien Prévost De Longpérier,PERSON,2435,2463,"1, 1864.[7] A first restoration was undertaken by Adrien Prévost de Longpérier, then curator of Antiquities at the Louvre, betwe"
louvre_cleaned_4.txt,Between 1864 And 1866,DATE,2508,2529,"érier, then curator of Antiquities at the Louvre, between 1864 and 1866. The main part of the body (2.14 m from the upper"
louvre_cleaned_4.txt,Nike,ORG,2740,2744,ld of himation that flares behind the legs on the Nike. The remaining fragments – the right part of the 
louvre_cleaned_4.txt,Longpérier,ORG,2938,2948,". Given the exceptional quality of the sculpture, Longpérier decided to present the body alone, exhibited unti"
louvre_cleaned_4.txt,1880,DATE,3000,3004,"ecided to present the body alone, exhibited until 1880 among the Roman statues, first in the Caryatid Ro"
louvre_cleaned_4.txt,The Tiber Room.[8],ORG,3074,3092,"tues, first in the Caryatid Room, then briefly in the Tiber Room.[8] Beginning in 1875, Austrian archaeologists who, u"
louvre_cleaned_4.txt,1875,DATE,3106,3110,", then briefly in the Tiber Room.[8] Beginning in 1875, Austrian archaeologists who, under the direction"
louvre_cleaned_4.txt,Alexander Conze,PERSON,3164,3179,"strian archaeologists who, under the direction of Alexander Conze, had been excavating the buildings of the Samothr"
louvre_cleaned_4.txt,1870,DATE,3249,3253,"g the buildings of the Samothrace sanctuary since 1870, studied the location where Champoiseau had found"
louvre_cleaned_4.txt,Champoiseau,ORG,3282,3293," sanctuary since 1870, studied the location where Champoiseau had found the Victory. Architect Aloïs Hauser dre"
louvre_cleaned_4.txt,Aloïs Hauser,PERSON,3327,3339,here Champoiseau had found the Victory. Architect Aloïs Hauser drew the grey marble blocks left on-site and appr
louvre_cleaned_4.txt,Otto Benndorf,PERSON,3787,3800,"For his part, the specialist in ancient sculpture Otto Benndorf studied the body of the statue and the fragments "
louvre_cleaned_4.txt,"August 15 To 29, 1879",DATE,4153,4174,"ch, undertook a second mission to Samothrace from August 15 to 29, 1879, for the sole purpose of sending the blocks of th"
louvre_cleaned_4.txt,Two Months Later,DATE,4358,4374,"nd the largest block of the base, unsculpted.[14] Two months later, the blocks reached the Louvre Museum, where in D"
louvre_cleaned_4.txt,December,DATE,4423,4431,"r, the blocks reached the Louvre Museum, where in December an assembly test was carried out in a courtyard.["
louvre_cleaned_4.txt,The Department Of Antiquities,ORG,4500,4529,"as carried out in a courtyard.[15] The curator of the Department of Antiquities, Félix Ravaisson-Mollien, then decided to reconst"
louvre_cleaned_4.txt,Félix Ravaisson-Mollien,PERSON,4531,4554,"15] The curator of the Department of Antiquities, Félix Ravaisson-Mollien, then decided to reconstruct the monument, in acc"
louvre_cleaned_4.txt,Between 1880 And 1883,DATE,4682,4703,"strian archaeologists. On the body of the statue, between 1880 and 1883 he restored the belt area in plaster, placed the "
louvre_cleaned_4.txt,The Museum.[17] Champoiseau,ORG,5278,5305,"ding of the Daru staircase, the main staircase of the museum.[17] Champoiseau returned to Samothrace a third time in 1891 to tr"
louvre_cleaned_4.txt,1891,DATE,5345,5349,"hampoiseau returned to Samothrace a third time in 1891 to try to obtain the Victory's head, but without "
louvre_cleaned_4.txt,The 20Th Century,DATE,5547,5563,ription and fragments of coloured plaster.[18] In the 20th century [edit]The presentation of the Victory was modifie
louvre_cleaned_4.txt,1934,DATE,5618,5622,t]The presentation of the Victory was modified in 1934 as part of a general redevelopment of the Daru mu
louvre_cleaned_4.txt,The Daru Museum,ORG,5661,5676,"ied in 1934 as part of a general redevelopment of the Daru museum and staircase, whose steps were widened and redec"
louvre_cleaned_4.txt,2013,DATE,6039,6043,p.[19] This presentation remained unchanged until 2013. At the declaration of the Second World War in Se
louvre_cleaned_4.txt,September 1939,DATE,6091,6105,"13. At the declaration of the Second World War in September 1939, the Victory statue was moved along with other ar"
louvre_cleaned_4.txt,The Château De Valençay,ORG,6166,6189,"ry statue was moved along with other artefacts to the Château de Valençay (Indre) until the Liberation, and was replaced at"
louvre_cleaned_4.txt,Indre,PERSON,6191,6196," with other artefacts to the Château de Valençay (Indre) until the Liberation, and was replaced at the to"
louvre_cleaned_4.txt,Liberation,ORG,6208,6218,"acts to the Château de Valençay (Indre) until the Liberation, and was replaced at the top of the stairs withou"
louvre_cleaned_4.txt,July 1945,DATE,6280,6289,"placed at the top of the stairs without damage in July 1945. American excavators from New York University, un"
louvre_cleaned_4.txt,New York University,ORG,6316,6335,"out damage in July 1945. American excavators from New York University, under the direction of Karl Lehmann, resumed exp"
louvre_cleaned_4.txt,Karl Lehmann,PERSON,6360,6372," from New York University, under the direction of Karl Lehmann, resumed exploration of the sanctuary of the Grea"
louvre_cleaned_4.txt,1938,DATE,6446,6450," the sanctuary of the Great Gods in Samothrace in 1938. In July 1950, they associated Louvre curator Jea"
louvre_cleaned_4.txt,July 1950,DATE,6455,6464,"tuary of the Great Gods in Samothrace in 1938. In July 1950, they associated Louvre curator Jean Charbonneaux"
louvre_cleaned_4.txt,Jean Charbonneaux,PERSON,6497,6514,"938. In July 1950, they associated Louvre curator Jean Charbonneaux with their work, who discovered the palm of the s"
louvre_cleaned_4.txt,The Kunsthistorische Museum,ORG,6629,6656,and in the Victory site. Two fingers preserved at the Kunsthistorische Museum in Vienna since the Austrian excavations of 1875 
louvre_cleaned_4.txt,Vienna,GPE,6660,6666,ngers preserved at the Kunsthistorische Museum in Vienna since the Austrian excavations of 1875 were reatt
louvre_cleaned_4.txt,1954,DATE,6835,6839,"e Louvre Museum, and displayed with the statue in 1954. Two pieces of grey marble that were used to moor"
louvre_cleaned_4.txt,1952,DATE,6985,6989,y were retrieved and reassembled at the museum in 1952. These were studied in 1996 by Ira Mark and Maria
louvre_cleaned_4.txt,1996,DATE,7013,7017,"bled at the museum in 1952. These were studied in 1996 by Ira Mark and Marianne Hamiaux, who concluded t"
louvre_cleaned_4.txt,Ira Mark,ORG,7021,7029,"the museum in 1952. These were studied in 1996 by Ira Mark and Marianne Hamiaux, who concluded that these pi"
louvre_cleaned_4.txt,Marianne Hamiaux,PERSON,7034,7050," 1952. These were studied in 1996 by Ira Mark and Marianne Hamiaux, who concluded that these pieces, jointed, consti"
louvre_cleaned_4.txt,The 21St Century,DATE,7168,7184,the base abandoned by Champoiseau in 1879.[21] In the 21st century [edit]An American team led by James R. McCredie d
louvre_cleaned_4.txt,James R. Mccredie,PERSON,7215,7232,In the 21st century [edit]An American team led by James R. McCredie digitized the entire sanctuary to allow its 3D re
louvre_cleaned_4.txt,3D,ORG,7277,7279,redie digitized the entire sanctuary to allow its 3D reconstruction between 2008 and 2014. B. D. Wesco
louvre_cleaned_4.txt,Between 2008 And 2014,DATE,7295,7316,e entire sanctuary to allow its 3D reconstruction between 2008 and 2014. B. D. Wescoat led the resumption of the study of
louvre_cleaned_4.txt,B. D. Wescoat,PERSON,7318,7331,llow its 3D reconstruction between 2008 and 2014. B. D. Wescoat led the resumption of the study of the Victory en
louvre_cleaned_4.txt,19Th-Century,DATE,7897,7909,mbled one by one to be drawn and studied.[23] The 19th-century restoration of the statue was preserved with a fe
louvre_cleaned_4.txt,The Elgin Marbles,ORG,8714,8731,"eek government considers the Winged Victory, like the Elgin Marbles, illegally plundered and wants it repatriated to "
louvre_cleaned_4.txt,Akis Gerondopoulos,PERSON,8963,8981,"urn it to us"", Deputy Minister of Foreign Affairs Akis Gerondopoulos said in 2013.[26] Description [edit]The statue [e"
louvre_cleaned_4.txt,Three Quarters,DATE,11059,11073," seen on coins. The statue is designed to be seen three quarters left (right for the spectator), from where the li"
louvre_cleaned_4.txt,Alula,PERSON,11525,11530,"nd the energy of movement"".[29] Most recently the Alula feather was restored to the left wing in a flared"
louvre_cleaned_4.txt,H. W. Janson,PERSON,11648,11660,ould be for a bird landing.[30] The art historian H. W. Janson has pointed out[31] that unlike earlier Greek or 
louvre_cleaned_4.txt,Eastern,ORG,11715,11722,"pointed out[31] that unlike earlier Greek or Near Eastern sculptures, the Nike creates a deliberate relatio"
louvre_cleaned_4.txt,About Two Thousand Years Later,DATE,12379,12409,"come a common device in baroque and romantic art, about two thousand years later. It is present in Michelangelo's sculpture of Dav"
louvre_cleaned_4.txt,Michelangelo,PERSON,12428,12440, about two thousand years later. It is present in Michelangelo's sculpture of David: David's gaze and pose show 
louvre_cleaned_4.txt,David,PERSON,12456,12461,ter. It is present in Michelangelo's sculpture of David: David's gaze and pose show where he is seeing hi
louvre_cleaned_4.txt,Goliath,PERSON,12523,12530,ze and pose show where he is seeing his adversary Goliath and his awareness of the moment – but it is rare 
louvre_cleaned_4.txt,Grey,ORG,12646,12650,"The boat and the base [edit]These are carved from grey marble veined with white, identified as that of t"
louvre_cleaned_4.txt,Lartos,GPE,12715,12721,"with white, identified as that of the quarries of Lartos, in Rhodes. The base has the shape of the bow of "
louvre_cleaned_4.txt,Rhodes,ORG,12726,12732," identified as that of the quarries of Lartos, in Rhodes. The base has the shape of the bow of a Greek Hel"
louvre_cleaned_4.txt,Edit]- Total,ORG,14160,14172,leet.[35] Dimensions and construction of the set [edit]- Total height: 5.57 m - Statue height: 2.75 m with wings
louvre_cleaned_4.txt,Max,PERSON,14294,14297,head - Ship height: 2.01 m; length: 4.29 m; width max.: 2.48 m - Base height: 0.36 m; length: 4.76 m; w
louvre_cleaned_4.txt,Back.[36,PERSON,15064,15072,", which ensured their cantilevered support in the back.[36] To the body-block were added smaller projecting "
louvre_cleaned_4.txt,2014,DATE,15829,15833,"his block. Its contours, fully visible during the 2014 restoration, made it possible to determine the lo"
louvre_cleaned_4.txt,Mysteries,PERSON,16186,16195,rrow river valley. The buildings reserved for the Mysteries ceremonies occupied the entire bottom of the vall
louvre_cleaned_4.txt,The 3Rd Century,DATE,16254,16269,"es occupied the entire bottom of the valley. From the 3rd century BC, the entrance to the site was a monumental pro"
louvre_cleaned_4.txt,1863,DATE,16643,16647,"cing north, it overlooks the entire sanctuary. In 1863 Champoiseau described and drew the monument surro"
louvre_cleaned_4.txt,Hauser,ORG,16984,16990,"9.55 m long, and we know from the surveys made by Hauser in 1876 that the Victory was arranged obliquely 1"
louvre_cleaned_4.txt,1876,DATE,16994,16998,"g, and we know from the surveys made by Hauser in 1876 that the Victory was arranged obliquely 14.5°[ver"
louvre_cleaned_4.txt,K. Lehmann,PERSON,17526,17536, whole has given rise to various interpretations. K. Lehmann hypothesized that the monument was placed in the 
louvre_cleaned_4.txt,J. Mccredie,ORG,17932,17943,hesis has been abandoned since the excavations of J. McCredie and B. Wescoat demonstrated that there was no wat
louvre_cleaned_4.txt,B. Wescoat,PERSON,17948,17958,bandoned since the excavations of J. McCredie and B. Wescoat demonstrated that there was no water supply to th
louvre_cleaned_4.txt,Jean Richer,PERSON,18969,18980,he valley.[45] Another hypothesis was proposed by Jean Richer (archaeologist) who observed that the ship on whi
louvre_cleaned_4.txt,Richer,GPE,19279,19285,"e, so that Victory looked northward: according to Richer, this direction shows the path that leads to the "
louvre_cleaned_4.txt,Anaktoron,ORG,19527,19536,"atue were directed at the northeast corner of the Anaktoron, seat of the Little Mysteries, where initiation w"
louvre_cleaned_4.txt,The Little Mysteries,ORG,19546,19566,"at the northeast corner of the Anaktoron, seat of the Little Mysteries, where initiation was given. This angle was thus "
louvre_cleaned_4.txt,Cabeiri,ORG,20025,20032,"tion to a promise of a better spiritual life, the Cabeiri gods, including the Dioscuri, were reputed to ens"
louvre_cleaned_4.txt,Dioscuri,GPE,20053,20061,"r spiritual life, the Cabeiri gods, including the Dioscuri, were reputed to ensure their protection to those"
louvre_cleaned_4.txt,Neorion,ORG,20654,20661,"he agora in Cyrene[49] and Samothrace itself, the Neorion (No. 6 on the map),[50] which housed a ship about"
louvre_cleaned_4.txt,Athena,ORG,20846,20852,"e, but smaller,[51] was found in the sanctuary of Athena at the top of the acropolis of Lindos. Dating [ed"
louvre_cleaned_4.txt,Lindos,ORG,20884,20890,anctuary of Athena at the top of the acropolis of Lindos. Dating [edit]The dedication inscription of the V
louvre_cleaned_4.txt,The Victory Monument,ORG,20935,20955,indos. Dating [edit]The dedication inscription of the Victory Monument has not been found. Archaeologists are reduced to
louvre_cleaned_4.txt,The 2Nd And 3Rd,DATE,21182,21197, ex voto. The difficulty lies in the fact that in the 2nd and 3rd centuries BC naval battles to dominate the Aegean
louvre_cleaned_4.txt,Antigonids,ORG,21294,21304,"ean Sea were very numerous,[52] first pitting the Antigonids and their Seleucid allies against the Lagids, the"
louvre_cleaned_4.txt,Seleucid,GPE,21315,21323,"erous,[52] first pitting the Antigonids and their Seleucid allies against the Lagids, then the Seleucids to "
louvre_cleaned_4.txt,Lagids,ORG,21343,21349," Antigonids and their Seleucid allies against the Lagids, then the Seleucids to the Rhodians and Pergamon."
louvre_cleaned_4.txt,Seleucids,ORG,21360,21369,"heir Seleucid allies against the Lagids, then the Seleucids to the Rhodians and Pergamon. Austrian archaeolog"
louvre_cleaned_4.txt,Ptolemy,GPE,21611,21618," like the coin, he celebrated his victory against Ptolemy I at the Battle of Salamis at Cyprus in 306 BC. A"
louvre_cleaned_4.txt,Benndorf,PERSON,21680,21688,"ttle of Salamis at Cyprus in 306 BC. According to Benndorf, the Victory of Samothrace therefore dates from t"
louvre_cleaned_4.txt,The Last Years,DATE,21737,21751,"f, the Victory of Samothrace therefore dates from the last years of the fourth century BC. and may have been sculp"
louvre_cleaned_4.txt,Scopas,PERSON,21830,21836,d may have been sculpted by a student of sculptor Scopas. The construction of the monument was then relate
louvre_cleaned_4.txt,The King Of Macedonia Antigonus Ii Gonatas,ORG,21951,21993," of Cos (around 262–255 BC),[53][54] during which the King of Macedonia Antigonus II Gonatas defeated the Lagids, allied with Athens and Spart"
louvre_cleaned_4.txt,Athens,GPE,22027,22033,"gonus II Gonatas defeated the Lagids, allied with Athens and Sparta during the Chremonidean War. Antigonus"
louvre_cleaned_4.txt,Sparta,GPE,22038,22044,"natas defeated the Lagids, allied with Athens and Sparta during the Chremonidean War. Antigonus Gonatas is"
louvre_cleaned_4.txt,Delos,GPE,22182,22187," the same time, of his flagship in the Neorium in Delos. The material of the base of the Victory of Samot"
louvre_cleaned_4.txt,1931,DATE,22499,22503,"he end of an engraved name: [...]Σ ΡΟΔΙΟΣ.[55] In 1931, Hermann Thiersch[56] restored[how?] the name of "
louvre_cleaned_4.txt,Hermann Thiersch[56,PERSON,22505,22524," of an engraved name: [...]Σ ΡΟΔΙΟΣ.[55] In 1931, Hermann Thiersch[56] restored[how?] the name of the sculptor ""Pythokr"
louvre_cleaned_4.txt,Timocharis Of Rhodes,PERSON,22586,22606,"ow?] the name of the sculptor ""Pythokritos son of Timocharis of Rhodes"", active around 210–165 BC. He was convinced that"
louvre_cleaned_4.txt,Pergamos,GPE,22866,22874,"ssioned by the Rhodians, allies in the kingdom of Pergamos against Antiochus III, after their victory at the"
louvre_cleaned_4.txt,Myonnesos,PERSON,22951,22960,"er their victory at the naval battles of Side and Myonnesos, on the Ionian coast, in 190 BC. Excavations[when"
louvre_cleaned_4.txt,Excavations[When,PERSON,22994,23010,"de and Myonnesos, on the Ionian coast, in 190 BC. Excavations[when?] revealed that the sculpture was positioned alig"
louvre_cleaned_4.txt,Myonnesus,GPE,23439,23448,"ween the Victory of Samothrace and the battles of Myonnesus and Magnesia, and makes it the dedication of King"
louvre_cleaned_4.txt,Magnesia,GPE,23453,23461,"ry of Samothrace and the battles of Myonnesus and Magnesia, and makes it the dedication of King Eumene II.[5"
louvre_cleaned_4.txt,King Eumene Ii.[58,ORG,23494,23512,"esus and Magnesia, and makes it the dedication of King Eumene II.[58] Based on the same arguments, Nathan Badoud in 20"
louvre_cleaned_4.txt,Nathan Badoud,PERSON,23543,23556," King Eumene II.[58] Based on the same arguments, Nathan Badoud in 2018[59] favoured the conflict that earlier pi"
louvre_cleaned_4.txt,The King Of Pergamon,ORG,23628,23648,the conflict that earlier pitted the Rhodians and the King of Pergamon against King Philip V of Macedonia. The Rhodians 
louvre_cleaned_4.txt,Macedonia,GPE,23674,23683,and the King of Pergamon against King Philip V of Macedonia. The Rhodians were first defeated at the naval Ba
louvre_cleaned_4.txt,Battle Of Lade,WORK_OF_ART,23731,23745,ia. The Rhodians were first defeated at the naval Battle of Lade in 201 BC. Then Philip V was defeated at sea by t
louvre_cleaned_4.txt,Philip V,PERSON,23762,23770,eated at the naval Battle of Lade in 201 BC. Then Philip V was defeated at sea by the two allies at the Batt
louvre_cleaned_4.txt,Pergamon,PERSON,23854,23862,"lies at the Battle of Chios in 201 BC. Rhodes and Pergamon called on the Roman Republic for reinforcements, "
louvre_cleaned_4.txt,The Roman Republic,GPE,23873,23891,"of Chios in 201 BC. Rhodes and Pergamon called on the Roman Republic for reinforcements, and Titus Quinctius Flamininu"
louvre_cleaned_4.txt,Titus Quinctius Flamininus,ORG,23916,23942,"led on the Roman Republic for reinforcements, and Titus Quinctius Flamininus crushed the Macedonian army in Thessaly with the "
louvre_cleaned_4.txt,Thessaly,GPE,23974,23982,inctius Flamininus crushed the Macedonian army in Thessaly with the Battle of Cynoscephalae. The Rhodians re
louvre_cleaned_4.txt,The Battle Of Cynoscephalae,ORG,23988,24015,inus crushed the Macedonian army in Thessaly with the Battle of Cynoscephalae. The Rhodians reportedly dedicated the Victory Mo
louvre_cleaned_4.txt,Chios,ORG,24110,24115,"ry Monument after that date, for their victory in Chios. Other researchers have considered later occasion"
louvre_cleaned_4.txt,"Perseus,[60",PERSON,24219,24230,"he victory of the Romans at Pydna in 168 BC. over Perseus,[60] or a consecration of the kingdom of Pergamon at "
louvre_cleaned_4.txt,Pergamon And Rhodes,ORG,24317,24336," Pergamon at the same time,[61] or the victory of Pergamon and Rhodes against Prusias II of Bithynia in 154 BC.[62] Sty"
louvre_cleaned_4.txt,Bithynia,GPE,24359,24367,tory of Pergamon and Rhodes against Prusias II of Bithynia in 154 BC.[62] Style and workshop [edit]Although 
louvre_cleaned_4.txt,1955,DATE,24726,24730,previous doubts about the style of the statue. In 1955 Margarete Bieber[64] made him a major figure in t
louvre_cleaned_4.txt,"The ""Rhodian School",ORG,24779,24798,"5 Margarete Bieber[64] made him a major figure in the ""Rhodian school"" and the ""Hellenic Baroque"", next to the frieze o"
louvre_cleaned_4.txt,"The ""Hellenic Baroque",ORG,24804,24825,"de him a major figure in the ""Rhodian school"" and the ""Hellenic Baroque"", next to the frieze of the Gigantomachy of the G"
louvre_cleaned_4.txt,Laocoon,ORG,25108,25115,s in complex and monumental creations such as the Laocoon group or Sperlonga sculptures attributed or signe
louvre_cleaned_4.txt,Sperlonga,ORG,25125,25134,monumental creations such as the Laocoon group or Sperlonga sculptures attributed or signed by Rhodian sculpt
louvre_cleaned_4.txt,The Athena-Niké,ORG,25820,25835,is a grandiose adaptation of the moving statue of the Athena-Niké of the Cyrene monument:[67] the sculptor added wi
louvre_cleaned_4.txt,Cyrene,PERSON,25843,25849,"on of the moving statue of the Athena-Niké of the Cyrene monument:[67] the sculptor added wings, stretched"
louvre_cleaned_4.txt,Ancient,ORG,26335,26342,"xia, was found, in good state of preservation, an Ancient Roman bronze statue representing a winged victory"
louvre_cleaned_4.txt,Las Vegas,GPE,26536,26545,"opies stands outside the Caesars Palace casino in Las Vegas. The first FIFA World Cup Trophy, commissioned in"
louvre_cleaned_4.txt,1930,DATE,26596,26600," The first FIFA World Cup Trophy, commissioned in 1930 and designed by Abel Lafleur, was based on the mo"
louvre_cleaned_4.txt,Abel Lafleur,PERSON,26617,26629," Cup Trophy, commissioned in 1930 and designed by Abel Lafleur, was based on the model. This statue was a favori"
louvre_cleaned_4.txt,Frank Lloyd Wright,PERSON,26695,26713,he model. This statue was a favorite of architect Frank Lloyd Wright and he used reproductions of it in a number of hi
louvre_cleaned_4.txt,Ward Willits House,ORG,26786,26804,"ons of it in a number of his buildings, including Ward Willits House, Darwin D. Martin House and Storer House. The lar"
louvre_cleaned_4.txt,Darwin D. Martin House,PERSON,26806,26828,"r of his buildings, including Ward Willits House, Darwin D. Martin House and Storer House. The largest public sculpture ba"
louvre_cleaned_4.txt,Storer House,ORG,26833,26845,"ng Ward Willits House, Darwin D. Martin House and Storer House. The largest public sculpture based on Nike appea"
louvre_cleaned_4.txt,Gettysburg National Military Park,ORG,26970,27003,n atop the massive Pennsylvania State Memorial at Gettysburg National Military Park in Pennsylvania. Philadelphia sculptor Samuel Mur
louvre_cleaned_4.txt,Pennsylvania,GPE,27007,27019," Memorial at Gettysburg National Military Park in Pennsylvania. Philadelphia sculptor Samuel Murray, a student a"
louvre_cleaned_4.txt,Philadelphia,GPE,27021,27033,"ettysburg National Military Park in Pennsylvania. Philadelphia sculptor Samuel Murray, a student and intimate of"
louvre_cleaned_4.txt,Samuel Murray,PERSON,27043,27056,"itary Park in Pennsylvania. Philadelphia sculptor Samuel Murray, a student and intimate of painter Thomas Eakins,"
louvre_cleaned_4.txt,Thomas Eakins,PERSON,27092,27105," Samuel Murray, a student and intimate of painter Thomas Eakins, produced the 28-foot figure in 1911 with possibl"
louvre_cleaned_4.txt,1911,DATE,27138,27142,"ter Thomas Eakins, produced the 28-foot figure in 1911 with possible influence from Augustus Saint-Gaude"
louvre_cleaned_4.txt,Augustus Saint-Gaudens' Nike,PERSON,27172,27200,-foot figure in 1911 with possible influence from Augustus Saint-Gaudens' Nike interpretation on the Sherman Memorial in New Yor
louvre_cleaned_4.txt,New York City,GPE,27243,27256,s' Nike interpretation on the Sherman Memorial in New York City (1903). Saint-Gaudens depicts Nike with her right
louvre_cleaned_4.txt,1903,DATE,27258,27262,etation on the Sherman Memorial in New York City (1903). Saint-Gaudens depicts Nike with her right arm r
louvre_cleaned_4.txt,Saint-Gaudens,PERSON,27265,27278, on the Sherman Memorial in New York City (1903). Saint-Gaudens depicts Nike with her right arm raised while it i
louvre_cleaned_4.txt,Saint-Gaudens' Nike,PERSON,27385,27404,ht the original Nike was not making such gesture. Saint-Gaudens' Nike also wears a laurel wreath on her head and bears 
louvre_cleaned_4.txt,Murray,PERSON,27493,27499, and bears a large olive branch in her left hand. Murray adapted the laurel wreath and olive branch innova
louvre_cleaned_4.txt,1962,DATE,27624,27628,"word in Nike's raised right hand.[70] Starting in 1962, Yves Klein produced a series of plaster replicas"
louvre_cleaned_4.txt,Yves Klein,PERSON,27630,27640,"n Nike's raised right hand.[70] Starting in 1962, Yves Klein produced a series of plaster replicas of the Nike"
louvre_cleaned_4.txt,International Klein Blue,ORG,27730,27754,f the Nike coated in dry pigment of his signature International Klein Blue affixed by resin entitled La Victoire de Samatrac
louvre_cleaned_4.txt,La Victoire De Samatrace.[71][72,ORG,27781,27813,nternational Klein Blue affixed by resin entitled La Victoire de Samatrace.[71][72] Swedish author Gunnar Ekelöf made Nike a central
louvre_cleaned_4.txt,Gunnar Ekelöf,PERSON,27830,27843," La Victoire de Samatrace.[71][72] Swedish author Gunnar Ekelöf made Nike a central image in his poem Samothrace,"
louvre_cleaned_4.txt,Matthew Reilly,PERSON,28117,28131,"eedom throughout history. It also features in the Matthew Reilly novel Seven Ancient Wonders, where it is fictiona"
louvre_cleaned_4.txt,Olympia,ORG,28220,28227,is fictionally made part of the Statue of Zeus at Olympia. A full-size replica of the statue sits in The Oh
louvre_cleaned_4.txt,The Ohio State University'S,ORG,28271,28298,"lympia. A full-size replica of the statue sits in The Ohio State University's Thompson Library in Columbus, Ohio.[74] Another f"
louvre_cleaned_4.txt,Thompson Library,ORG,28299,28315,"of the statue sits in The Ohio State University's Thompson Library in Columbus, Ohio.[74] Another full size replica "
louvre_cleaned_4.txt,Columbus,GPE,28319,28327,"n The Ohio State University's Thompson Library in Columbus, Ohio.[74] Another full size replica stands in th"
louvre_cleaned_4.txt,Crouse College,ORG,28388,28402," Another full size replica stands in the lobby of Crouse College, home to the Setnor School of Music, at Syracuse "
louvre_cleaned_4.txt,The Setnor School Of Music,ORG,28412,28438,"ca stands in the lobby of Crouse College, home to the Setnor School of Music, at Syracuse University in Syracuse, New York. A "
louvre_cleaned_4.txt,Syracuse University,ORG,28443,28462,"e College, home to the Setnor School of Music, at Syracuse University in Syracuse, New York. A 7-foot (2.1 m) replica o"
louvre_cleaned_4.txt,Syracuse,GPE,28466,28474,"Setnor School of Music, at Syracuse University in Syracuse, New York. A 7-foot (2.1 m) replica of the sculpt"
louvre_cleaned_4.txt,New York,GPE,28476,28484,"ool of Music, at Syracuse University in Syracuse, New York. A 7-foot (2.1 m) replica of the sculpture stands"
louvre_cleaned_4.txt,Connecticut College,ORG,28538,28557,"7-foot (2.1 m) replica of the sculpture stands at Connecticut College in New London, Connecticut. The second-largest re"
louvre_cleaned_4.txt,New London,GPE,28561,28571,"of the sculpture stands at Connecticut College in New London, Connecticut. The second-largest replica of this "
louvre_cleaned_4.txt,Connecticut,GPE,28573,28584,"ture stands at Connecticut College in New London, Connecticut. The second-largest replica of this statue in the"
louvre_cleaned_4.txt,The United States,GPE,28631,28648,cut. The second-largest replica of this statue in the United States stands at Calvary Catholic Cemetery in Pittsburgh
louvre_cleaned_4.txt,Calvary Catholic Cemetery,ORG,28659,28684,"ica of this statue in the United States stands at Calvary Catholic Cemetery in Pittsburgh, Pennsylvania, and is 10 ft (3.0 m)"
louvre_cleaned_4.txt,Pittsburgh,GPE,28688,28698,"ted States stands at Calvary Catholic Cemetery in Pittsburgh, Pennsylvania, and is 10 ft (3.0 m) high. Texas W"
louvre_cleaned_4.txt,Texas Woman'S University,ORG,28741,28765,"tsburgh, Pennsylvania, and is 10 ft (3.0 m) high. Texas Woman's University in Denton, Texas has a replica which was purchase"
louvre_cleaned_4.txt,Denton,GPE,28769,28775,"s 10 ft (3.0 m) high. Texas Woman's University in Denton, Texas has a replica which was purchased from the"
louvre_cleaned_4.txt,Texas,GPE,28777,28782,"(3.0 m) high. Texas Woman's University in Denton, Texas has a replica which was purchased from the Louvre"
louvre_cleaned_4.txt,1982,DATE,28859,28863,rchased from the Louvre and shipped from Paris in 1982. This replica is actually a replacement of the or
louvre_cleaned_4.txt,1929,DATE,28920,28924,replica is actually a replacement of the original 1929 replica given to commemorate Armistice Day and th
louvre_cleaned_4.txt,San Mateo,GPE,29096,29105,"the Veterans area of the Skylawn Memorial Park in San Mateo, California.[77] The Estrugamou Building in Bueno"
louvre_cleaned_4.txt,The Estrugamou Building In Buenos Aires,WORK_OF_ART,29123,29162,"ylawn Memorial Park in San Mateo, California.[77] The Estrugamou Building in Buenos Aires, Argentina was built in four sections, arranged a"
louvre_cleaned_4.txt,Argentina,GPE,29164,29173,"nia.[77] The Estrugamou Building in Buenos Aires, Argentina was built in four sections, arranged around a pat"
louvre_cleaned_4.txt,Winged Victory Of Samothrace,WORK_OF_ART,29267,29295, a patio adorned with a bronze copy of the iconic Winged Victory of Samothrace. The Cape Town Cenotaph is topped by a replica of
louvre_cleaned_4.txt,Vernon March,PERSON,29399,29411, Winged Victory of Samothrace by British sculptor Vernon March. Another plaster replica adorns the atrium of Tec
louvre_cleaned_4.txt,Technische Universität Berlin,ORG,29458,29487,rch. Another plaster replica adorns the atrium of Technische Universität Berlin. The replica was a gift by French universities to
louvre_cleaned_4.txt,The Tu Berlin,ORG,29538,29551, The replica was a gift by French universities to the TU Berlin in 1956.[78] Augustus Saint-Gaudens' 1903 William
louvre_cleaned_4.txt,Augustus Saint-Gaudens',PERSON,29565,29588,French universities to the TU Berlin in 1956.[78] Augustus Saint-Gaudens' 1903 William Tecumseh Sherman statue of General W
louvre_cleaned_4.txt,William Tecumseh Sherman,PERSON,29594,29618, Berlin in 1956.[78] Augustus Saint-Gaudens' 1903 William Tecumseh Sherman statue of General William Tecumseh Sherman in Gra
louvre_cleaned_4.txt,Sherman,PERSON,29735,29742,"w York City, depicts a robed, winged Nike leading Sherman while holding a palm branch, as a symbol of his v"
louvre_cleaned_4.txt,The Prix Ars Electronica,ORG,29880,29904,to follow.[79] The Golden Nica Award presented by the Prix Ars Electronica is a replica of Winged Victory of Samothrace.[80]
louvre_cleaned_4.txt,Graffiti,PERSON,29955,29963,is a replica of Winged Victory of Samothrace.[80] Graffiti artist Banksy created CCTV Angel in 2006 depictin
louvre_cleaned_4.txt,Banksy,PERSON,29971,29977,"Winged Victory of Samothrace.[80] Graffiti artist Banksy created CCTV Angel in 2006 depicting a robed, win"
louvre_cleaned_4.txt,Angel,PERSON,29991,29996,"mothrace.[80] Graffiti artist Banksy created CCTV Angel in 2006 depicting a robed, winged figure with a C"
louvre_cleaned_4.txt,2006,DATE,30000,30004,"[80] Graffiti artist Banksy created CCTV Angel in 2006 depicting a robed, winged figure with a CCTV came"
louvre_cleaned_4.txt,Cctv,ORG,30045,30049,"l in 2006 depicting a robed, winged figure with a CCTV camera for a head, as a statement on the overreac"
louvre_cleaned_4.txt,The Carters' (,WORK_OF_ART,30162,30176,"ty surveillance in society.[81] Several scenes in The Carters' (Beyoncé and Jay-Z) music video, APES**T are filmed"
louvre_cleaned_4.txt,Beyoncé,ORG,30176,30183,"e in society.[81] Several scenes in The Carters' (Beyoncé and Jay-Z) music video, APES**T are filmed in the"
louvre_cleaned_4.txt,Jay-Z,ORG,30188,30193,".[81] Several scenes in The Carters' (Beyoncé and Jay-Z) music video, APES**T are filmed in the Louvre mu"
louvre_cleaned_4.txt,The Winged Victory Of Samothrace.[82],WORK_OF_ART,30260,30297,"ES**T are filmed in the Louvre museum in front of The Winged Victory of Samothrace.[82] See also [edit]Notes [edit]- ^ Janson, H.W. (1995"
louvre_cleaned_4.txt,Edit]- ^,WORK_OF_ART,30320,30328," Victory of Samothrace.[82] See also [edit]Notes [edit]- ^ Janson, H.W. (1995)History of Art. 5th edn. Revis"
louvre_cleaned_4.txt,Janson,PERSON,30329,30335,"of Samothrace.[82] See also [edit]Notes [edit]- ^ Janson, H.W. (1995)History of Art. 5th edn. Revised and "
louvre_cleaned_4.txt,H.W.,PERSON,30337,30341,"hrace.[82] See also [edit]Notes [edit]- ^ Janson, H.W. (1995)History of Art. 5th edn. Revised and expand"
louvre_cleaned_4.txt,Anthony F. Janson,PERSON,30397,30414,")History of Art. 5th edn. Revised and expanded by Anthony F. Janson. London: Thames & Hudson, pp. 157–158. ISBN 05002"
louvre_cleaned_4.txt,London,GPE,30416,30422,"h edn. Revised and expanded by Anthony F. Janson. London: Thames & Hudson, pp. 157–158. ISBN 0500237018 - "
louvre_cleaned_4.txt,Pp,GPE,30441,30443,"ed by Anthony F. Janson. London: Thames & Hudson, pp. 157–158. ISBN 0500237018 - ^ In Greek the statue"
louvre_cleaned_4.txt,Σαμοθράκης,ORG,30539,30549,atue is called the Níki tis Samothrákis (Νίκη της Σαμοθράκης) and in French la Victoire de Samothrace. There a
louvre_cleaned_4.txt,Phyllis Williams Lehmann,PERSON,30896,30920,"seum, Vienna, and a third Winged Victory found by Phyllis Williams Lehmann in 1949, now in a museum at the Samothrace site. "
louvre_cleaned_4.txt,1949,DATE,30924,30928,"nged Victory found by Phyllis Williams Lehmann in 1949, now in a museum at the Samothrace site. - ^ inv."
louvre_cleaned_4.txt,Ma 2369,DATE,30983,30990," in a museum at the Samothrace site. - ^ inv. no. MA 2369 - ^ Arkouli, Maria (2013-08-30). ""Greece Wants Vi"
louvre_cleaned_4.txt,Arkouli,GPE,30995,31002," at the Samothrace site. - ^ inv. no. MA 2369 - ^ Arkouli, Maria (2013-08-30). ""Greece Wants Victory of Sam"
louvre_cleaned_4.txt,Maria,PERSON,31004,31009,"amothrace site. - ^ inv. no. MA 2369 - ^ Arkouli, Maria (2013-08-30). ""Greece Wants Victory of Samothrace"
louvre_cleaned_4.txt,2013-08-30,DATE,31011,31021,"ce site. - ^ inv. no. MA 2369 - ^ Arkouli, Maria (2013-08-30). ""Greece Wants Victory of Samothrace Back"". Gree"
louvre_cleaned_4.txt,Greece Wants Victory Of Samothrace Back,WORK_OF_ART,31025,31064,"nv. no. MA 2369 - ^ Arkouli, Maria (2013-08-30). ""Greece Wants Victory of Samothrace Back"". GreekReporter.com. Archived from the original o"
louvre_cleaned_4.txt,Greekreporter.Com,ORG,31067,31084,"8-30). ""Greece Wants Victory of Samothrace Back"". GreekReporter.com. Archived from the original on 2023-04-30. Retrie"
louvre_cleaned_4.txt,2023-04-30,DATE,31116,31126," GreekReporter.com. Archived from the original on 2023-04-30. Retrieved 2023-02-22. - ^ Champoiseau 1880, p. 1"
louvre_cleaned_4.txt,2023-02-22,DATE,31138,31148,"chived from the original on 2023-04-30. Retrieved 2023-02-22. - ^ Champoiseau 1880, p. 11 - ^ Hamiaux Laugier "
louvre_cleaned_4.txt,Champoiseau 1880,PERSON,31154,31170,"original on 2023-04-30. Retrieved 2023-02-22. - ^ Champoiseau 1880, p. 11 - ^ Hamiaux Laugier Martinez 2014, p. 74, "
louvre_cleaned_4.txt,Hamiaux Laugier Martinez,PERSON,31182,31206,"ieved 2023-02-22. - ^ Champoiseau 1880, p. 11 - ^ Hamiaux Laugier Martinez 2014, p. 74, fig. 50, 51 - ^ Hamiaux 2001, pp. 15"
louvre_cleaned_4.txt,Fig,ORG,31220,31223,", p. 11 - ^ Hamiaux Laugier Martinez 2014, p. 74, fig. 50, 51 - ^ Hamiaux 2001, pp. 154–162 - ^ Hamiaux"
louvre_cleaned_4.txt,Hamiaux,PERSON,31236,31243,"aux Laugier Martinez 2014, p. 74, fig. 50, 51 - ^ Hamiaux 2001, pp. 154–162 - ^ Hamiaux 2001, pp. 163–171, "
louvre_cleaned_4.txt,2001,DATE,31244,31248,"ier Martinez 2014, p. 74, fig. 50, 51 - ^ Hamiaux 2001, pp. 154–162 - ^ Hamiaux 2001, pp. 163–171, fig. "
louvre_cleaned_4.txt,Conze Hauser Benndorf,PERSON,31354,31375,"Hamiaux Laugier Martinez 2014, p. 75, fig. 52 - ^ Conze Hauser Benndorf 1880, pp. 52–58, plate 60–64 - ^ Hamiaux Laugier "
louvre_cleaned_4.txt,16,DATE,31538,31540,"p. 59–66 - ^ Hamiaux 2001, pp. 194, 195, fig. 15, 16; Hamiaux Laugier Martinez 2014, fig. 57 - ^ Champ"
louvre_cleaned_4.txt,Pp.,GPE,31872,31875,"1, pp. 203–205 - ^ Hamiaux Laugier Martinez 2014, pp. 70–74, fig. 16–18 - ^ Charbonneaux 1952, pp. 44–4"
louvre_cleaned_4.txt,Laugier,PERSON,32040,32047,"^ Hamiaux 2006, p. 32-38, fig. 35–40 - ^ Hamiaux, Laugier, Martinez 2014, pp. 91–103, fig. 70–87. - ^ Hamia"
louvre_cleaned_4.txt,Martinez,PERSON,32049,32057," 2006, p. 32-38, fig. 35–40 - ^ Hamiaux, Laugier, Martinez 2014, pp. 91–103, fig. 70–87. - ^ Hamiaux, Laugie"
louvre_cleaned_4.txt,J. N. Svoronos,PERSON,32497,32511,"gier Martinez 2014, pp. 144–148, fig. 118–127 - ^ J. N. Svoronos, ""Stylides, ancres hierae, aphlasta, stoloi, ackr"
louvre_cleaned_4.txt,Aphlasta,GPE,32539,32547,"127 - ^ J. N. Svoronos, ""Stylides, ancres hierae, aphlasta, stoloi, ackrostolia, embola, proembola et totems"
louvre_cleaned_4.txt,Stoloi,GPE,32549,32555," N. Svoronos, ""Stylides, ancres hierae, aphlasta, stoloi, ackrostolia, embola, proembola et totems marins"""
louvre_cleaned_4.txt,Journal,ORG,32607,32614,"ackrostolia, embola, proembola et totems marins"", Journal international d'archéologie numismatique, 16, 191"
louvre_cleaned_4.txt,"16, 1914",DATE,32657,32665,"Journal international d'archéologie numismatique, 16, 1914, pp. 81–152. - ^ Hamiaux Laugier Martinez 2014, p"
louvre_cleaned_4.txt,The Vantage Of The Victory New Research,GPE,32762,32801,", pp. 148–154, fig. 125–133 - ^ B. Westcoat, From the Vantage of the Victory New Research on the Nike of Samothrace, National Humanities Ce"
louvre_cleaned_4.txt,The Nike Of Samothrace,ORG,32805,32827,", From the Vantage of the Victory New Research on the Nike of Samothrace, National Humanities Center, 2015, accessed 22 No"
louvre_cleaned_4.txt,National Humanities Center,ORG,32829,32855,"e Victory New Research on the Nike of Samothrace, National Humanities Center, 2015, accessed 22 November 2021. However, the wi"
louvre_cleaned_4.txt,2015,DATE,32857,32861,"e Nike of Samothrace, National Humanities Center, 2015, accessed 22 November 2021. However, the wing can"
louvre_cleaned_4.txt,22 November 2021,DATE,32872,32888,"hrace, National Humanities Center, 2015, accessed 22 November 2021. However, the wing cannot be identified with any "
louvre_cleaned_4.txt,H. W.,PERSON,33008,33013,"bird and seem to be a pure invention. - ^ Janson, H. W. (1995). History of Art. 5th ed. Revised and expan"
louvre_cleaned_4.txt,1995,DATE,33015,33019,"d seem to be a pure invention. - ^ Janson, H. W. (1995). History of Art. 5th ed. Revised and expanded by"
louvre_cleaned_4.txt,C. Blinkenberg,PERSON,33191,33205,"ugier Martinez 2014, p. 154–159, fig. 134–142 - ^ C. Blinkenberg 1938, ""Trihemiolia. Étude sur un type de navire r"
louvre_cleaned_4.txt,Trihemiolia,GPE,33213,33224,". 154–159, fig. 134–142 - ^ C. Blinkenberg 1938, ""Trihemiolia. Étude sur un type de navire rhodien"", Lindiaka V"
louvre_cleaned_4.txt,Un,ORG,33236,33238," - ^ C. Blinkenberg 1938, ""Trihemiolia. Étude sur un type de navire rhodien"", Lindiaka VII, pp. 1–59 -"
louvre_cleaned_4.txt,Lindiaka Vii,PERSON,33264,33276,"rihemiolia. Étude sur un type de navire rhodien"", Lindiaka VII, pp. 1–59 - ^ L. Basch, Le musée imaginaire de la"
louvre_cleaned_4.txt,L. Basch,PERSON,33291,33299,"pe de navire rhodien"", Lindiaka VII, pp. 1–59 - ^ L. Basch, Le musée imaginaire de la marine antique, 1986, "
louvre_cleaned_4.txt,Le,ORG,33301,33303,"re rhodien"", Lindiaka VII, pp. 1–59 - ^ L. Basch, Le musée imaginaire de la marine antique, 1986, pp. "
louvre_cleaned_4.txt,1986,DATE,33343,33347," Basch, Le musée imaginaire de la marine antique, 1986, pp. 354–362, fig. 747–758; J. S. Morrison, J. F."
louvre_cleaned_4.txt,J. S. Morrison,PERSON,33376,33390," marine antique, 1986, pp. 354–362, fig. 747–758; J. S. Morrison, J. F. Coates, Greek and Roman Oared Warships, 19"
louvre_cleaned_4.txt,J. F. Coates,PERSON,33392,33404," 1986, pp. 354–362, fig. 747–758; J. S. Morrison, J. F. Coates, Greek and Roman Oared Warships, 1996, pp. 219-22"
louvre_cleaned_4.txt,52,DATE,33886,33888,"3 and p. 160. - ^ Conze Hauser Benndorf 1880, pp. 52, 53, plate 60; Hamiaux Laugier Martinez 2014, p. "
louvre_cleaned_4.txt,53,DATE,33890,33892,"d p. 160. - ^ Conze Hauser Benndorf 1880, pp. 52, 53, plate 60; Hamiaux Laugier Martinez 2014, p. 77, "
louvre_cleaned_4.txt,1973,DATE,33962,33966,"Laugier Martinez 2014, p. 77, fig. 54 - ^ Lehmann 1973, p. 188, fig. 5; Holtzmann Pasquier, 1998, p. 258"
louvre_cleaned_4.txt,Holtzmann Pasquier,PERSON,33984,34002," p. 77, fig. 54 - ^ Lehmann 1973, p. 188, fig. 5; Holtzmann Pasquier, 1998, p. 258. - ^ Hamiaux 2007, p. 34 - ^ Wescoa"
louvre_cleaned_4.txt,1998,DATE,34004,34008,"Lehmann 1973, p. 188, fig. 5; Holtzmann Pasquier, 1998, p. 258. - ^ Hamiaux 2007, p. 34 - ^ Wescoat in H"
louvre_cleaned_4.txt,2007,DATE,34030,34034," 5; Holtzmann Pasquier, 1998, p. 258. - ^ Hamiaux 2007, p. 34 - ^ Wescoat in Hamiaux, Laugier, Martinez,"
louvre_cleaned_4.txt,Wescoat,PERSON,34046,34053,"squier, 1998, p. 258. - ^ Hamiaux 2007, p. 34 - ^ Wescoat in Hamiaux, Laugier, Martinez, 2014, pp. 174–178,"
louvre_cleaned_4.txt,Clinton,PERSON,34121,34128,"er, Martinez, 2014, pp. 174–178, fig. 158–163 - ^ Clinton 2020, pp. 562–563, fig. 6 [Wescoat]. - ^ Jean Ric"
louvre_cleaned_4.txt,2020,DATE,34129,34133,"inez, 2014, pp. 174–178, fig. 158–163 - ^ Clinton 2020, pp. 562–563, fig. 6 [Wescoat]. - ^ Jean Richer, "
louvre_cleaned_4.txt,Guy Trédaniel,PERSON,34216,34229,"- ^ Jean Richer, Géographie sacrée du monde grec, Guy Trédaniel, ed., 2nd revised and expanded ed., 1983, pp. 212"
louvre_cleaned_4.txt,Ed.,GPE,34231,34234,", Géographie sacrée du monde grec, Guy Trédaniel, ed., 2nd revised and expanded ed., 1983, pp. 212–214."
louvre_cleaned_4.txt,2Nd,DATE,34236,34239,"graphie sacrée du monde grec, Guy Trédaniel, ed., 2nd revised and expanded ed., 1983, pp. 212–214. - ^ "
louvre_cleaned_4.txt,1983,DATE,34266,34270,"Guy Trédaniel, ed., 2nd revised and expanded ed., 1983, pp. 212–214. - ^ Wescoat in Hamiaux, Laugier, Ma"
louvre_cleaned_4.txt,Philippe Bruneau,PERSON,34343,34359,"oat in Hamiaux, Laugier, Martinez, pp. 44–45. - ^ Philippe Bruneau, Jean Ducat, Guide de Délos, École française d'At"
louvre_cleaned_4.txt,Jean Ducat,PERSON,34361,34371,"ugier, Martinez, pp. 44–45. - ^ Philippe Bruneau, Jean Ducat, Guide de Délos, École française d'Athènes, Paris"
louvre_cleaned_4.txt,Guide De Délos,ORG,34373,34387,"nez, pp. 44–45. - ^ Philippe Bruneau, Jean Ducat, Guide de Délos, École française d'Athènes, Paris, 1983, pp. 138–"
louvre_cleaned_4.txt,École,ORG,34389,34394,"- ^ Philippe Bruneau, Jean Ducat, Guide de Délos, École française d'Athènes, Paris, 1983, pp. 138–140. - "
louvre_cleaned_4.txt,D'Athènes,ORG,34405,34414,"neau, Jean Ducat, Guide de Délos, École française d'Athènes, Paris, 1983, pp. 138–140. - ^ A.-L. Ermeti, L'ag"
louvre_cleaned_4.txt,L'Agora Di Cirene,PERSON,34460,34477,"ènes, Paris, 1983, pp. 138–140. - ^ A.-L. Ermeti, L'agora di Cirene, III, 1: Il monumento navale, Rome 1981. - ^ Wesc"
louvre_cleaned_4.txt,Iii,ORG,34479,34482,"pp. 138–140. - ^ A.-L. Ermeti, L'agora di Cirene, III, 1: Il monumento navale, Rome 1981. - ^ Wescoat i"
louvre_cleaned_4.txt,Rome,GPE,34508,34512,", L'agora di Cirene, III, 1: Il monumento navale, Rome 1981. - ^ Wescoat in Hamiaux, Laugier, Martinez 2"
louvre_cleaned_4.txt,1981,DATE,34513,34517,"gora di Cirene, III, 1: Il monumento navale, Rome 1981. - ^ Wescoat in Hamiaux, Laugier, Martinez 2014, "
louvre_cleaned_4.txt,57,DATE,34574,34576,"escoat in Hamiaux, Laugier, Martinez 2014, p. 55, 57, fig. 36, 37. - ^ Hamiaux 2006, p. 43, fig. 48–49"
louvre_cleaned_4.txt,37,DATE,34587,34589,"iaux, Laugier, Martinez 2014, p. 55, 57, fig. 36, 37. - ^ Hamiaux 2006, p. 43, fig. 48–49. Not to be c"
louvre_cleaned_4.txt,Morrison Coates,ORG,34731,34746,"ief in the rock at the foot of the acropolis. - ^ Morrison Coates, 1996, p. 76–109. - ^ A. W. Lawrence, ""The Date o"
louvre_cleaned_4.txt,A. W. Lawrence,PERSON,34769,34783,"opolis. - ^ Morrison Coates, 1996, p. 76–109. - ^ A. W. Lawrence, ""The Date of the Nike of Samothrace"", Journal of"
louvre_cleaned_4.txt,The Date Of The Nike Of Samothrace,WORK_OF_ART,34786,34820,"son Coates, 1996, p. 76–109. - ^ A. W. Lawrence, ""The Date of the Nike of Samothrace"", Journal of Hellenic Studies, no 46, 1926, p. 21"
louvre_cleaned_4.txt,Journal Of Hellenic Studies,ORG,34823,34850,". Lawrence, ""The Date of the Nike of Samothrace"", Journal of Hellenic Studies, no 46, 1926, p. 213–218. - ^ F. Studniczka, JDAI"
louvre_cleaned_4.txt,"No 46, 1926",DATE,34852,34863,"Nike of Samothrace"", Journal of Hellenic Studies, no 46, 1926, p. 213–218. - ^ F. Studniczka, JDAI,[clarificati"
louvre_cleaned_4.txt,F. Studniczka,PERSON,34881,34894,"of Hellenic Studies, no 46, 1926, p. 213–218. - ^ F. Studniczka, JDAI,[clarification needed] 39, 1923–1924, p. 12"
louvre_cleaned_4.txt,1923–1924,DATE,34928,34937," ^ F. Studniczka, JDAI,[clarification needed] 39, 1923–1924, p. 126; R. R. R. Smith, 1996, p. 77–79. - ^ Hami"
louvre_cleaned_4.txt,R. R. R. Smith,PERSON,34947,34961,"DAI,[clarification needed] 39, 1923–1924, p. 126; R. R. R. Smith, 1996, p. 77–79. - ^ Hamiaux 1998, p. 41, no. 51."
louvre_cleaned_4.txt,Thiersch,GPE,35016,35024,"6, p. 77–79. - ^ Hamiaux 1998, p. 41, no. 51. - ^ Thiersch 1931, pp. 337–378. - ^ ""Nike | Characteristics, A"
louvre_cleaned_4.txt,"Art, & Myth",ORG,35073,35084,"h 1931, pp. 337–378. - ^ ""Nike | Characteristics, Art, & Myth"". Encyclopædia Britannica. Archived from the orig"
louvre_cleaned_4.txt,2022-09-05,DATE,35142,35152,"lopædia Britannica. Archived from the original on 2022-09-05. Retrieved 2022-09-14. - ^ Jean Charbonneaux, Rol"
louvre_cleaned_4.txt,2022-09-14,DATE,35164,35174,"chived from the original on 2022-09-05. Retrieved 2022-09-14. - ^ Jean Charbonneaux, Roland Martin, François V"
louvre_cleaned_4.txt,Roland Martin,PERSON,35199,35212,"-05. Retrieved 2022-09-14. - ^ Jean Charbonneaux, Roland Martin, François Villard, Grèce hellénistique (330 – 50 "
louvre_cleaned_4.txt,François Villard,PERSON,35214,35230,"2022-09-14. - ^ Jean Charbonneaux, Roland Martin, François Villard, Grèce hellénistique (330 – 50 av. J.-C.), Gallim"
louvre_cleaned_4.txt,Grèce,PERSON,35232,35237,"an Charbonneaux, Roland Martin, François Villard, Grèce hellénistique (330 – 50 av. J.-C.), Gallimard, ed"
louvre_cleaned_4.txt,J.-C.,ORG,35266,35271,"ançois Villard, Grèce hellénistique (330 – 50 av. J.-C.), Gallimard, ed. L'Univers des Formes, 1970, p. 2"
louvre_cleaned_4.txt,Gallimard,PERSON,35274,35283,"illard, Grèce hellénistique (330 – 50 av. J.-C.), Gallimard, ed. L'Univers des Formes, 1970, p. 287. - ^ Nath"
louvre_cleaned_4.txt,L'Univers Des Formes,ORG,35289,35309,"ellénistique (330 – 50 av. J.-C.), Gallimard, ed. L'Univers des Formes, 1970, p. 287. - ^ Nathan Badoud 2018, pp. 294–29"
louvre_cleaned_4.txt,1970,DATE,35311,35315," av. J.-C.), Gallimard, ed. L'Univers des Formes, 1970, p. 287. - ^ Nathan Badoud 2018, pp. 294–296. - ^"
louvre_cleaned_4.txt,2018,DATE,35343,35347,"ivers des Formes, 1970, p. 287. - ^ Nathan Badoud 2018, pp. 294–296. - ^ Olga Palagia, ""The Victory of S"
louvre_cleaned_4.txt,Olga Palagia,PERSON,35366,35378," p. 287. - ^ Nathan Badoud 2018, pp. 294–296. - ^ Olga Palagia, ""The Victory of Samothrace and the Aftermath of "
louvre_cleaned_4.txt,The Victory Of Samothrace,WORK_OF_ART,35381,35406,"than Badoud 2018, pp. 294–296. - ^ Olga Palagia, ""The Victory of Samothrace and the Aftermath of the Battle of Pydna"", in Sam"
louvre_cleaned_4.txt,The Aftermath Of The Battle Of Pydna,WORK_OF_ART,35411,35447," - ^ Olga Palagia, ""The Victory of Samothrace and the Aftermath of the Battle of Pydna"", in Samothracian Connections: Essays in Honor of"
louvre_cleaned_4.txt,Samothracian Connections,ORG,35453,35477,"ace and the Aftermath of the Battle of Pydna"", in Samothracian Connections: Essays in Honor of James R. McCredie, edited by "
louvre_cleaned_4.txt,O. Palagia,PERSON,35527,35537,": Essays in Honor of James R. McCredie, edited by O. Palagia and B. D. Wescoat, Oxbow, 2010, pp. 154–164. - ^ "
louvre_cleaned_4.txt,Oxbow,GPE,35557,35562,"McCredie, edited by O. Palagia and B. D. Wescoat, Oxbow, 2010, pp. 154–164. - ^ Queyrel, 2016, pp. 190–19"
louvre_cleaned_4.txt,2010,DATE,35564,35568,"e, edited by O. Palagia and B. D. Wescoat, Oxbow, 2010, pp. 154–164. - ^ Queyrel, 2016, pp. 190–191. - ^"
louvre_cleaned_4.txt,Queyrel,ORG,35587,35594," and B. D. Wescoat, Oxbow, 2010, pp. 154–164. - ^ Queyrel, 2016, pp. 190–191. - ^ Andrew Stewart, ""The Nike"
louvre_cleaned_4.txt,2016,DATE,35596,35600,". Wescoat, Oxbow, 2010, pp. 154–164. - ^ Queyrel, 2016, pp. 190–191. - ^ Andrew Stewart, ""The Nike of Sa"
louvre_cleaned_4.txt,Andrew Stewart,PERSON,35619,35633," pp. 154–164. - ^ Queyrel, 2016, pp. 190–191. - ^ Andrew Stewart, ""The Nike of Samothrace: another view"", American"
louvre_cleaned_4.txt,American Journal Of Archaeology,ORG,35675,35706," Stewart, ""The Nike of Samothrace: another view"", American Journal of Archaeology, 120, 2016, pp. 399–410. - ^ Étienne Michon, in T"
louvre_cleaned_4.txt,"120, 2016",DATE,35708,35717,": another view"", American Journal of Archaeology, 120, 2016, pp. 399–410. - ^ Étienne Michon, in Thiersch 193"
louvre_cleaned_4.txt,Étienne Michon,PERSON,35736,35750,"urnal of Archaeology, 120, 2016, pp. 399–410. - ^ Étienne Michon, in Thiersch 1931, p. 341, 344; Hamiaux 2006, p. "
louvre_cleaned_4.txt,Hamiaux 2006,ORG,35783,35795," ^ Étienne Michon, in Thiersch 1931, p. 341, 344; Hamiaux 2006, p. 53. - ^ Margarete Bieber, The Sculpture of th"
louvre_cleaned_4.txt,"The Sculpture Of The Hellenistic Age, 1955",WORK_OF_ART,35826,35868,", 344; Hamiaux 2006, p. 53. - ^ Margarete Bieber, The Sculpture of the Hellenistic Age, 1955, p. 123–135. - ^ Hamiaux 2006, pp. 55–56. - ^ K. "
louvre_cleaned_4.txt,K. Bairami,PERSON,35915,35925,"955, p. 123–135. - ^ Hamiaux 2006, pp. 55–56. - ^ K. Bairami, ""Large Scale Rhodian Sculpture of Hellenistic an"
louvre_cleaned_4.txt,Access Archaeology,ORG,35991,36009,"hodian Sculpture of Hellenistic and Roman Times"", Access Archaeology, Oxford, 2017. - ^ Hamiaux 2004, pp. 125,126, fig"
louvre_cleaned_4.txt,Oxford,GPE,36011,36017,"Hellenistic and Roman Times"", Access Archaeology, Oxford, 2017. - ^ Hamiaux 2004, pp. 125,126, fig. 110, 1"
louvre_cleaned_4.txt,2017,DATE,36019,36023,"tic and Roman Times"", Access Archaeology, Oxford, 2017. - ^ Hamiaux 2004, pp. 125,126, fig. 110, 111. - "
louvre_cleaned_4.txt,168–172,DATE,36112,36119,"10, 111. - ^ Hamiaux, Laugier, Martinez 2014, pp. 168–172, fig. 154–157. - ^ ""Winged Victory of Brescia ret"
louvre_cleaned_4.txt,Winged Victory Of,WORK_OF_ART,36140,36157,"r, Martinez 2014, pp. 168–172, fig. 154–157. - ^ ""Winged Victory of Brescia returns to Capitoline Temple"". - ^ ""Winge"
louvre_cleaned_4.txt,Brescia,PERSON,36158,36165,"pp. 168–172, fig. 154–157. - ^ ""Winged Victory of Brescia returns to Capitoline Temple"". - ^ ""Winged Victor"
louvre_cleaned_4.txt,Capitoline Temple,PERSON,36177,36194,"54–157. - ^ ""Winged Victory of Brescia returns to Capitoline Temple"". - ^ ""Winged Victory: A Closer Look at the Penns"
louvre_cleaned_4.txt,Winged Victory: A Closer Look,WORK_OF_ART,36202,36231,"ry of Brescia returns to Capitoline Temple"". - ^ ""Winged Victory: A Closer Look at the Pennsylvania Memorial"". The Blog of Gettys"
louvre_cleaned_4.txt,The Blog Of Gettysburg National Military Park,WORK_OF_ART,36263,36308,"ory: A Closer Look at the Pennsylvania Memorial"". The Blog of Gettysburg National Military Park. April 30, 2016. - ^ ""Samothrace Victory – Galeri"
louvre_cleaned_4.txt,"April 30, 2016",DATE,36310,36324,""". The Blog of Gettysburg National Military Park. April 30, 2016. - ^ ""Samothrace Victory – Galerie Omagh"". www.ga"
louvre_cleaned_4.txt,Samothrace Victory – Galerie Omagh,WORK_OF_ART,36331,36365,"burg National Military Park. April 30, 2016. - ^ ""Samothrace Victory – Galerie Omagh"". www.galerieomagh.com. Archived from the origina"
louvre_cleaned_4.txt,2016-03-20,DATE,36420,36430,"w.galerieomagh.com. Archived from the original on 2016-03-20. Retrieved 2016-03-16. - ^ ""La victoire de Samoth"
louvre_cleaned_4.txt,2016-03-16,DATE,36442,36452,"chived from the original on 2016-03-20. Retrieved 2016-03-16. - ^ ""La victoire de Samothrace"". Archived from t"
louvre_cleaned_4.txt,De Samothrace,PERSON,36471,36484,"016-03-20. Retrieved 2016-03-16. - ^ ""La victoire de Samothrace"". Archived from the original on 2025-07-09. Retri"
louvre_cleaned_4.txt,2025-07-09,DATE,36517,36527,"ire de Samothrace"". Archived from the original on 2025-07-09. Retrieved 2025-07-21. - ^ In Ekelöf, Non Serviam"
louvre_cleaned_4.txt,2025-07-21,DATE,36539,36549,"chived from the original on 2025-07-09. Retrieved 2025-07-21. - ^ In Ekelöf, Non Serviam, Bonniers, Stockholm "
louvre_cleaned_4.txt,Non Serviam,PERSON,36566,36577," 2025-07-09. Retrieved 2025-07-21. - ^ In Ekelöf, Non Serviam, Bonniers, Stockholm 1945, and in later collected"
louvre_cleaned_4.txt,Bonniers,GPE,36579,36587,"Retrieved 2025-07-21. - ^ In Ekelöf, Non Serviam, Bonniers, Stockholm 1945, and in later collected editions "
louvre_cleaned_4.txt,Stockholm 1945,DATE,36589,36603,"2025-07-21. - ^ In Ekelöf, Non Serviam, Bonniers, Stockholm 1945, and in later collected editions of his poems. - "
louvre_cleaned_4.txt,100 Year,DATE,36714,36722,"ictory replica statue placed in Thompson Library, 100 year history with Ohio State"". - ^ ""Texas Woman's Univ"
louvre_cleaned_4.txt,Ohio State,ORG,36736,36746,"placed in Thompson Library, 100 year history with Ohio State"". - ^ ""Texas Woman's University - Location"". www."
louvre_cleaned_4.txt,Texas Woman'S,ORG,36754,36767," Library, 100 year history with Ohio State"". - ^ ""Texas Woman's University - Location"". www.twu.edu. Retrieved 20"
louvre_cleaned_4.txt,University - Location,ORG,36768,36789,"year history with Ohio State"". - ^ ""Texas Woman's University - Location"". www.twu.edu. Retrieved 2025-07-21. - ^ ""Campus "
louvre_cleaned_4.txt,Campus Art,PERSON,36832,36842,"ocation"". www.twu.edu. Retrieved 2025-07-21. - ^ ""Campus Art – Texas Woman's University"". www.twu.edu. Retriev"
louvre_cleaned_4.txt,Us,GPE,36918,36920,"y"". www.twu.edu. Retrieved 2025-07-21. - ^ ""About Us - Skylawn Memorial Park - Funeral - Cremation - C"
louvre_cleaned_4.txt,Stabsstelle Presse,ORG,36986,37004,"ial Park - Funeral - Cremation - Cremation"". - ^ ""Stabsstelle Presse, Öffentlichkeitsarbeit und Alumni: Kunstwerke"". w"
louvre_cleaned_4.txt,Öffentlichkeitsarbeit,ORG,37006,37027," Cremation - Cremation"". - ^ ""Stabsstelle Presse, Öffentlichkeitsarbeit und Alumni: Kunstwerke"". www.pressestelle.tu-berl"
louvre_cleaned_4.txt,Kunstwerke,ORG,37040,37050,"sstelle Presse, Öffentlichkeitsarbeit und Alumni: Kunstwerke"". www.pressestelle.tu-berlin.de. - ^ ""Grand Army "
louvre_cleaned_4.txt,Ny - Ct,ORG,37117,37124,"le.tu-berlin.de. - ^ ""Grand Army Plaza, New York, NY - CT Monuments.net"". ctmonuments.net. Archived from th"
louvre_cleaned_4.txt,2013-11-13,DATE,37188,37198,""". ctmonuments.net. Archived from the original on 2013-11-13. Retrieved 2013-12-11. - ^ ""Nike"". ArsElectronica"
louvre_cleaned_4.txt,2013-12-11,DATE,37210,37220,"chived from the original on 2013-11-13. Retrieved 2013-12-11. - ^ ""Nike"". ArsElectronica. Retrieved 24 April 2"
louvre_cleaned_4.txt,Arselectronica,ORG,37234,37248," on 2013-11-13. Retrieved 2013-12-11. - ^ ""Nike"". ArsElectronica. Retrieved 24 April 2020. - ^ ""Bansky: CCTV Angel"
louvre_cleaned_4.txt,24 April 2020,DATE,37260,37273,"2013-12-11. - ^ ""Nike"". ArsElectronica. Retrieved 24 April 2020. - ^ ""Bansky: CCTV Angel"". Artnet. Retrieved 18 J"
louvre_cleaned_4.txt,Cctv Angel,PERSON,37288,37298,"lectronica. Retrieved 24 April 2020. - ^ ""Bansky: CCTV Angel"". Artnet. Retrieved 18 July 2019. - ^ Lang, Cady "
louvre_cleaned_4.txt,18 July 2019,DATE,37319,37331,"2020. - ^ ""Bansky: CCTV Angel"". Artnet. Retrieved 18 July 2019. - ^ Lang, Cady (June 19, 2018). ""A Guide to the "
louvre_cleaned_4.txt,"Lang, Cady (June 19, 2018",ORG,37337,37362," CCTV Angel"". Artnet. Retrieved 18 July 2019. - ^ Lang, Cady (June 19, 2018). ""A Guide to the Art in Beyonce & Jay Z's Apesh-"
louvre_cleaned_4.txt,The Art In Beyonce & Jay Z'S Apesh-T,ORG,37377,37413,"2019. - ^ Lang, Cady (June 19, 2018). ""A Guide to the Art in Beyonce & Jay Z's Apesh-t Louvre Video"". Time. Archived from the original o"
louvre_cleaned_4.txt,2021-04-11,DATE,37465,37475,"ouvre Video"". Time. Archived from the original on 2021-04-11. Retrieved 2021-03-07. Bibliography [edit]- Badou"
louvre_cleaned_4.txt,2021-03-07,DATE,37487,37497,"chived from the original on 2021-04-11. Retrieved 2021-03-07. Bibliography [edit]- Badoud, Nathan (2018). ""La "
louvre_cleaned_4.txt,Edit]- Badoud,PERSON,37513,37526,"n 2021-04-11. Retrieved 2021-03-07. Bibliography [edit]- Badoud, Nathan (2018). ""La Victoire de Samothrace, défai"
louvre_cleaned_4.txt,Nathan,GPE,37528,37534,"etrieved 2021-03-07. Bibliography [edit]- Badoud, Nathan (2018). ""La Victoire de Samothrace, défaite de Ph"
louvre_cleaned_4.txt,La Victoire De Samothrace,PERSON,37544,37569,"-07. Bibliography [edit]- Badoud, Nathan (2018). ""La Victoire de Samothrace, défaite de Philippe V"". Revue Archéologique. 66 "
louvre_cleaned_4.txt,De Philippe,PERSON,37579,37590,"athan (2018). ""La Victoire de Samothrace, défaite de Philippe V"". Revue Archéologique. 66 (2): 279–306. doi:10."
louvre_cleaned_4.txt,Revue Archéologique,PERSON,37595,37614,"a Victoire de Samothrace, défaite de Philippe V"". Revue Archéologique. 66 (2): 279–306. doi:10.3917/arch.182.0279. - Ba"
louvre_cleaned_4.txt,Victor,PERSON,37669,37675,"(2): 279–306. doi:10.3917/arch.182.0279. - Basch, Victor (1986). Le musée imaginaire de la marine antique."
louvre_cleaned_4.txt,Bernhardt,GPE,37728,37737,"986). Le musée imaginaire de la marine antique. - Bernhardt, Johannes Christian (2014). Das Nikemonument von "
louvre_cleaned_4.txt,Bilder,PERSON,37816,37822,Das Nikemonument von Samothrake und der Kampf der Bilder. Stuttgart. {{cite book}} : CS1 maint: location m
louvre_cleaned_4.txt,Charles,PERSON,37911,37918," location missing publisher (link) - Champoiseau, Charles (1880). ""La Victoire de Samothrace"". Revue Archéo"
louvre_cleaned_4.txt,Jean,PERSON,37997,38001,"thrace"". Revue Archéologique (1). - Charbonneaux, Jean (1952). ""La main droite de la Victoire de Samothr"
louvre_cleaned_4.txt,Hesperia,PERSON,38057,38065,"). ""La main droite de la Victoire de Samothrace"". Hesperia. 21 (1): 44–46. doi:10.2307/146937. JSTOR 146937."
louvre_cleaned_4.txt,146937,DATE,38108,38114,"esperia. 21 (1): 44–46. doi:10.2307/146937. JSTOR 146937. - Clinton, Kevin (2020). ""The Nike of Samothrace"
louvre_cleaned_4.txt,Kevin,PERSON,38127,38132,"–46. doi:10.2307/146937. JSTOR 146937. - Clinton, Kevin (2020). ""The Nike of Samothrace : setting the rec"
louvre_cleaned_4.txt,Doi:10.3764,PERSON,38248,38259,"merican Journal of Archaeology. 124 (4): 551–573. doi:10.3764/aja.124.4.0551. S2CID 226545861. - Conze, Alexand"
louvre_cleaned_4.txt,S2Cid 226545861,DATE,38276,38291,"gy. 124 (4): 551–573. doi:10.3764/aja.124.4.0551. S2CID 226545861. - Conze, Alexander; Hauser, Aloïs; Benndorf, Ott"
louvre_cleaned_4.txt,Alexander,PERSON,38302,38311,"10.3764/aja.124.4.0551. S2CID 226545861. - Conze, Alexander; Hauser, Aloïs; Benndorf, Otto (1880). Neue Unter"
louvre_cleaned_4.txt,Aloïs,PERSON,38321,38326,"551. S2CID 226545861. - Conze, Alexander; Hauser, Aloïs; Benndorf, Otto (1880). Neue Untersuchungen auf S"
louvre_cleaned_4.txt,Otto,PERSON,38338,38342,"861. - Conze, Alexander; Hauser, Aloïs; Benndorf, Otto (1880). Neue Untersuchungen auf Samothrake II. Wi"
louvre_cleaned_4.txt,Neue Untersuchungen,ORG,38351,38370," Alexander; Hauser, Aloïs; Benndorf, Otto (1880). Neue Untersuchungen auf Samothrake II. Wien. Archived from the origin"
louvre_cleaned_4.txt,Wien,PERSON,38390,38394,to (1880). Neue Untersuchungen auf Samothrake II. Wien. Archived from the original on 2022-09-08. Retrie
louvre_cleaned_4.txt,2022-09-08,DATE,38426,38436,amothrake II. Wien. Archived from the original on 2022-09-08. Retrieved 2022-09-08. {{cite book}} : CS1 maint:
louvre_cleaned_4.txt,Marianne,PERSON,38532,38540,"int: location missing publisher (link) - Hamiaux, Marianne (1998). ""Musée du Louvre, Les Sculptures grecques"
louvre_cleaned_4.txt,Musée Du Louvre,ORG,38550,38565,"ing publisher (link) - Hamiaux, Marianne (1998). ""Musée du Louvre, Les Sculptures grecques t. II"". Éditions de la R"
louvre_cleaned_4.txt,Les Sculptures,ORG,38567,38581,"nk) - Hamiaux, Marianne (1998). ""Musée du Louvre, Les Sculptures grecques t. II"". Éditions de la Réunion des musée"
louvre_cleaned_4.txt,Éditions De La Réunion,ORG,38599,38621,"""Musée du Louvre, Les Sculptures grecques t. II"". Éditions de la Réunion des musées nationaux. Paris: 27–40. - Hamiaux, Ma"
louvre_cleaned_4.txt,Journal Des Savants,ORG,38744,38763,"oire de Samothrace : découverte et restauration"". Journal des Savants. 1: 153–223. doi:10.3406/jds.2001.1643. - Hamiaux"
louvre_cleaned_4.txt,Jds.2001.1643. -,PERSON,38789,38805,"on"". Journal des Savants. 1: 153–223. doi:10.3406/jds.2001.1643. - Hamiaux, Marianne (2004). ""La Victoire de Samothr"
louvre_cleaned_4.txt,2004,DATE,38825,38829,". doi:10.3406/jds.2001.1643. - Hamiaux, Marianne (2004). ""La Victoire de Samothrace : étude technique de"
louvre_cleaned_4.txt,2024-06-01,DATE,39013,39023,"406/piot.2004.1420. Archived from the original on 2024-06-01. Retrieved 2022-09-08. - Hamiaux, Marianne (2006)"
louvre_cleaned_4.txt,Réunion Des Musées,ORG,39392,39410,"e Samothrace. Paris: coédition Musée du Louvre et Réunion des Musées nationaux. - Hamiaux, Marianne; Laugier, Ludovic;"
louvre_cleaned_4.txt,Ludovic,PERSON,39452,39459,"s Musées nationaux. - Hamiaux, Marianne; Laugier, Ludovic; Martinez, Jean-Luc (2014). The Winged Victory of"
louvre_cleaned_4.txt,Jean-Luc,PERSON,39471,39479," - Hamiaux, Marianne; Laugier, Ludovic; Martinez, Jean-Luc (2014). The Winged Victory of Samothrace: Redisco"
louvre_cleaned_4.txt,Masterpiece,GPE,39538,39549,The Winged Victory of Samothrace: Rediscovering a Masterpiece. Paris: éditions du Louvre et Somogy éditions d'a
louvre_cleaned_4.txt,Louvre Et Somogy,ORG,39570,39586,": Rediscovering a Masterpiece. Paris: éditions du Louvre et Somogy éditions d'art. - Knell, Heiner (1995). Die Nike "
louvre_cleaned_4.txt,D'Art,PERSON,39596,39601,"ece. Paris: éditions du Louvre et Somogy éditions d'art. - Knell, Heiner (1995). Die Nike von Samothrake."
louvre_cleaned_4.txt,Heiner,PERSON,39612,39618,"ions du Louvre et Somogy éditions d'art. - Knell, Heiner (1995). Die Nike von Samothrake. Typus, Form, Bed"
louvre_cleaned_4.txt,Sieges-Anathems,ORG,39715,39730,"Bedeutung und Wirkungsgeschichte eines rhodischen Sieges-Anathems im Kabirenheiligtum von Samothrake. - Lehmann, Ka"
louvre_cleaned_4.txt,Kabirenheiligtum Von Samothrake,PERSON,39734,39765,"ngsgeschichte eines rhodischen Sieges-Anathems im Kabirenheiligtum von Samothrake. - Lehmann, Karl; Lehmann, Phyllis W. (1973). Sam"
louvre_cleaned_4.txt,Karl,PERSON,39778,39782,"ms im Kabirenheiligtum von Samothrake. - Lehmann, Karl; Lehmann, Phyllis W. (1973). Samothracian Reflect"
louvre_cleaned_4.txt,Lehmann,PERSON,39784,39791,"Kabirenheiligtum von Samothrake. - Lehmann, Karl; Lehmann, Phyllis W. (1973). Samothracian Reflections. Pri"
louvre_cleaned_4.txt,Phyllis W.,PERSON,39793,39803,"iligtum von Samothrake. - Lehmann, Karl; Lehmann, Phyllis W. (1973). Samothracian Reflections. Princeton Unive"
louvre_cleaned_4.txt,Samothracian Reflections,PERSON,39812,39836,"ake. - Lehmann, Karl; Lehmann, Phyllis W. (1973). Samothracian Reflections. Princeton University Press. ISBN 9780691099095. "
louvre_cleaned_4.txt,Princeton University Press,ORG,39838,39864,"ann, Phyllis W. (1973). Samothracian Reflections. Princeton University Press. ISBN 9780691099095. - Lehmann, K. (1998). Samoth"
louvre_cleaned_4.txt,9780691099095,DATE,39871,39884,"ian Reflections. Princeton University Press. ISBN 9780691099095. - Lehmann, K. (1998). Samothrace. A guide to the"
louvre_cleaned_4.txt,Excavations,PERSON,39935,39946," - Lehmann, K. (1998). Samothrace. A guide to the Excavations and the Museum (6th ed.). - Martinez, Jean-Luc (2"
louvre_cleaned_4.txt,2013-2015,DATE,40119,40128,"onal de recherche et de restauration du monument, 2013-2015"". Comptes rendus des séances de l'Académie des In"
louvre_cleaned_4.txt,De L'Académie Des Inscriptions Et Belles-Lettres,ORG,40158,40206," monument, 2013-2015"". Comptes rendus des séances de l'Académie des Inscriptions et Belles-Lettres. 158 (2): 933–948. doi:10.3406/crai.2014.95033. -"
louvre_cleaned_4.txt,J. S.,PERSON,40267,40272,"933–948. doi:10.3406/crai.2014.95033. - Morrison, J. S.; Coates, J. F. (1996). Greek and Roman Oared Wars"
louvre_cleaned_4.txt,Coates,ORG,40274,40280,". doi:10.3406/crai.2014.95033. - Morrison, J. S.; Coates, J. F. (1996). Greek and Roman Oared Warships. - "
louvre_cleaned_4.txt,François,GPE,40339,40347,"1996). Greek and Roman Oared Warships. - Queyrel, François (2016). La sculpture hellénistique, tome 1. Forme"
louvre_cleaned_4.txt,La,PERSON,40356,40358,"Roman Oared Warships. - Queyrel, François (2016). La sculpture hellénistique, tome 1. Formes, thèmes e"
louvre_cleaned_4.txt,Éditions Picard,PERSON,40428,40443,"ique, tome 1. Formes, thèmes et fonctions. Paris: Éditions Picard. - Rice, E. E. (1991). ""The Rhodian Navy in the H"
louvre_cleaned_4.txt,Rice,PERSON,40447,40451,"s, thèmes et fonctions. Paris: Éditions Picard. - Rice, E. E. (1991). ""The Rhodian Navy in the Hellenist"
louvre_cleaned_4.txt,1991,DATE,40460,40464,"fonctions. Paris: Éditions Picard. - Rice, E. E. (1991). ""The Rhodian Navy in the Hellenistic Age"". In R"
louvre_cleaned_4.txt,The Rhodian Navy,ORG,40468,40484,"s. Paris: Éditions Picard. - Rice, E. E. (1991). ""The Rhodian Navy in the Hellenistic Age"". In Roberts, W.R.; Sweetm"
louvre_cleaned_4.txt,Roberts,GPE,40513,40520,"1). ""The Rhodian Navy in the Hellenistic Age"". In Roberts, W.R.; Sweetman, J. (eds.). New Interpretations i"
louvre_cleaned_4.txt,W.R.,GPE,40522,40526,"Rhodian Navy in the Hellenistic Age"". In Roberts, W.R.; Sweetman, J. (eds.). New Interpretations in Nava"
louvre_cleaned_4.txt,Sweetman,PERSON,40528,40536,"n Navy in the Hellenistic Age"". In Roberts, W.R.; Sweetman, J. (eds.). New Interpretations in Naval History."
louvre_cleaned_4.txt,J.,PERSON,40538,40540,"the Hellenistic Age"". In Roberts, W.R.; Sweetman, J. (eds.). New Interpretations in Naval History. Nav"
louvre_cleaned_4.txt,New Interpretations,ORG,40549,40568,"stic Age"". In Roberts, W.R.; Sweetman, J. (eds.). New Interpretations in Naval History. Naval Institute Press. - Ridgwa"
louvre_cleaned_4.txt,Naval Institute Press,ORG,40587,40608," J. (eds.). New Interpretations in Naval History. Naval Institute Press. - Ridgway, Brunilde Sismondo (2000). Hellenistic"
louvre_cleaned_4.txt,Brunilde Sismondo,PERSON,40621,40638," Naval History. Naval Institute Press. - Ridgway, Brunilde Sismondo (2000). Hellenistic Sculpture II. The Styles of c"
louvre_cleaned_4.txt,2000,DATE,40640,40644,"al Institute Press. - Ridgway, Brunilde Sismondo (2000). Hellenistic Sculpture II. The Styles of ca. 200"
louvre_cleaned_4.txt,Eugenio,PERSON,40716,40723,"re II. The Styles of ca. 200-100 B.C. - La Rocca, Eugenio (2018). ""La Nike di Samotracia tra Macedoni e Rom"
louvre_cleaned_4.txt,La Nike Di Samotracia Tra Macedoni E Romani,WORK_OF_ART,40733,40776," of ca. 200-100 B.C. - La Rocca, Eugenio (2018). ""La Nike di Samotracia tra Macedoni e Romani : un Riesame del Monumento nel Quadro dell'assimi"
louvre_cleaned_4.txt,Un Riesame Del Monumento,ORG,40779,40803,"). ""La Nike di Samotracia tra Macedoni e Romani : un Riesame del Monumento nel Quadro dell'assimilazione dei Penati agli Dei"
louvre_cleaned_4.txt,Quadro,ORG,40808,40814, Macedoni e Romani : un Riesame del Monumento nel Quadro dell'assimilazione dei Penati agli Dei di Samotra
louvre_cleaned_4.txt,Penati,GPE,40838,40844,"e del Monumento nel Quadro dell'assimilazione dei Penati agli Dei di Samotracia"". Annuario della Scuola It"
louvre_cleaned_4.txt,Dei Di Samotracia,PERSON,40850,40867,"nto nel Quadro dell'assimilazione dei Penati agli Dei di Samotracia"". Annuario della Scuola Italiana di Atene, Suppl."
louvre_cleaned_4.txt,Suppl,PERSON,40911,40916,"tracia"". Annuario della Scuola Italiana di Atene, Suppl. 1. - Smith, R. R. R (1991). Hellenistic Sculptur"
louvre_cleaned_4.txt,R. R. R,PERSON,40930,40937,"ella Scuola Italiana di Atene, Suppl. 1. - Smith, R. R. R (1991). Hellenistic Sculpture, a handbook. Thames"
louvre_cleaned_4.txt,Hellenistic Sculpture,PERSON,40946,40967,"iana di Atene, Suppl. 1. - Smith, R. R. R (1991). Hellenistic Sculpture, a handbook. Thames & Hudson. - Stewart, Andrew ("
louvre_cleaned_4.txt,Stewart,PERSON,41000,41007,"enistic Sculpture, a handbook. Thames & Hudson. - Stewart, Andrew (2016). ""The Nike of Samothrace: Another "
louvre_cleaned_4.txt,Andrew,PERSON,41009,41015,"culpture, a handbook. Thames & Hudson. - Stewart, Andrew (2016). ""The Nike of Samothrace: Another View"". A"
louvre_cleaned_4.txt,S2Cid 192588726,DATE,41143,41158,"gy. 120 (3): 399–410. doi:10.3764/aja.120.3.0399. S2CID 192588726. - Thiersch, Hermann (1931). Die Nike von Samothr"
louvre_cleaned_4.txt,Hermann,PERSON,41172,41179,"3764/aja.120.3.0399. S2CID 192588726. - Thiersch, Hermann (1931). Die Nike von Samothrake, ein rhodisches W"
louvre_cleaned_4.txt,Weidmann,PERSON,41246,41254," von Samothrake, ein rhodisches Werk und Anathem. Weidmann. - 1863 archaeological discoveries - Ancient Gree"
louvre_cleaned_4.txt,Louvre - Hellenistic,ORG,41334,41354,eries - Ancient Greek and Roman sculptures in the Louvre - Hellenistic sculpture - Ancient Samothrace - Greek artifacts 
louvre_cleaned_4.txt,Ancient Samothrace - Greek,PERSON,41367,41393,culptures in the Louvre - Hellenistic sculpture - Ancient Samothrace - Greek artifacts outside Greece - Marble sculptures in F
louvre_cleaned_4.txt,France - Sculptures,ORG,41442,41461,k artifacts outside Greece - Marble sculptures in France - Sculptures of women in Paris - Sculptures of Nike - Sculptur
louvre_cleaned_4.txt,Paris - Sculptures,ORG,41474,41492,ble sculptures in France - Sculptures of women in Paris - Sculptures of Nike - Sculptures of ships - Art and cultural 
louvre_cleaned_4.txt,Nike - Sculptures,ORG,41496,41513,ce - Sculptures of women in Paris - Sculptures of Nike - Sculptures of ships - Art and cultural repatriation - 2nd-ce
louvre_cleaned_4.txt,2Nd-Century,DATE,41557,41568,ptures of ships - Art and cultural repatriation - 2nd-century BC Greek sculptures - Statues in France - Archaeo
louvre_cleaned_4.txt,Bc Greek,ORG,41569,41577,ips - Art and cultural repatriation - 2nd-century BC Greek sculptures - Statues in France - Archaeological d
